# RTK ground truth trajectory (2D only, Z=0)
# Transformations applied:
#   1. Zero at origin (first measurement at 0,0)
#   2. Timestamps normalized to start at 0
#   3. Z coordinate set to 0 (2D trajectory)
# Original origin: (484992.14, 4418835.23)
# Format: t x y z qx qy qz qw
0.000000000 0.000000000 0.000000000 0.000000000 0.000000000 0.000000000 0.000000000 1.000000000
0.199813128 0.003230592 0.003378358 0.000000000 0.000000000 0.000000000 0.000000000 1.000000000
0.400488377 0.000753816 0.002875288 0.000000000 0.000000000 0.000000000 0.000000000 1.000000000
0.599952936 0.001365814 -0.001019252 0.000000000 0.000000000 0.000000000 0.000000000 1.000000000
0.800565958 -0.000342144 -0.002532272 0.000000000 0.000000000 0.000000000 0.000000000 1.000000000
1.000177145 0.001965179 -0.002988241 0.000000000 0.000000000 0.000000000 0.000000000 1.000000000
1.200474262 0.004153421 -0.002096093 0.000000000 0.000000000 0.000000000 0.000000000 1.000000000
1.399755239 0.001588445 -0.001739753 0.000000000 0.000000000 0.000000000 0.000000000 1.000000000
1.599719524 0.000666533 -0.003510227 0.000000000 0.000000000 0.000000000 0.000000000 1.000000000
1.800006151 0.006137154 -0.004598347 0.000000000 0.000000000 0.000000000 0.000000000 1.000000000
2.000430346 0.003931373 -0.002597400 0.000000000 0.000000000 0.000000000 0.000000000 1.000000000
2.200351715 0.004027974 -0.003539362 0.000000000 0.000000000 0.000000000 0.000000000 1.000000000
2.399884939 0.002878142 0.000572436 0.000000000 0.000000000 0.000000000 0.000000000 1.000000000
2.599781513 0.002381945 0.001217811 0.000000000 0.000000000 0.000000000 0.000000000 1.000000000
2.800147295 0.001306944 0.004068389 0.000000000 0.000000000 0.000000000 0.000000000 1.000000000
2.999508142 0.001968044 0.003330372 0.000000000 0.000000000 0.000000000 0.000000000 1.000000000
3.200335741 0.002678064 0.001444035 0.000000000 0.000000000 0.000000000 0.000000000 1.000000000
3.400207758 0.003018584 -0.000582661 0.000000000 0.000000000 0.000000000 0.000000000 1.000000000
3.599688053 0.003110862 0.000003203 0.000000000 0.000000000 0.000000000 0.000000000 1.000000000
3.799912930 0.003806511 -0.002559835 0.000000000 0.000000000 0.000000000 0.000000000 1.000000000
4.000493526 0.002999618 -0.000475598 0.000000000 0.000000000 0.000000000 0.000000000 1.000000000
4.199602365 0.004804510 -0.003242235 0.000000000 0.000000000 0.000000000 0.000000000 1.000000000
4.399609327 0.002119711 -0.000925460 0.000000000 0.000000000 0.000000000 0.000000000 1.000000000
4.599542379 0.001505271 -0.004262595 0.000000000 0.000000000 0.000000000 0.000000000 1.000000000
4.799964428 0.003875371 -0.003462746 0.000000000 0.000000000 0.000000000 0.000000000 1.000000000
4.999504805 -0.000508016 -0.002899356 0.000000000 0.000000000 0.000000000 0.000000000 1.000000000
5.199638844 0.002190690 -0.005516104 0.000000000 0.000000000 0.000000000 0.000000000 1.000000000
5.399601221 0.002468226 -0.003666924 0.000000000 0.000000000 0.000000000 0.000000000 1.000000000
5.600102425 0.000149092 -0.003567359 0.000000000 0.000000000 0.000000000 0.000000000 1.000000000
5.799867153 0.002892074 -0.005360972 0.000000000 0.000000000 0.000000000 0.000000000 1.000000000
5.999926329 0.001769398 -0.004737812 0.000000000 0.000000000 0.000000000 0.000000000 1.000000000
6.200136423 0.003124913 -0.005908797 0.000000000 0.000000000 0.000000000 0.000000000 1.000000000
6.400125742 0.001996122 -0.001814298 0.000000000 0.000000000 0.000000000 0.000000000 1.000000000
6.600435019 0.000857616 -0.000177904 0.000000000 0.000000000 0.000000000 0.000000000 1.000000000
6.799171925 0.001628437 -0.003317948 0.000000000 0.000000000 0.000000000 0.000000000 1.000000000
6.999592543 0.000428724 0.000521776 0.000000000 0.000000000 0.000000000 0.000000000 1.000000000
7.198698759 -0.000610503 -0.003818880 0.000000000 0.000000000 0.000000000 0.000000000 1.000000000
7.398742914 -0.001230969 -0.000036315 0.000000000 0.000000000 0.000000000 0.000000000 1.000000000
7.600081205 0.003946764 0.014712881 0.000000000 0.000000000 0.000000000 0.000000000 1.000000000
7.798844099 0.002688507 0.004539510 0.000000000 0.000000000 0.000000000 0.000000000 1.000000000
7.999172211 0.003718294 0.006800567 0.000000000 0.000000000 0.000000000 0.000000000 1.000000000
8.200392723 0.002983709 0.003699882 0.000000000 0.000000000 0.000000000 0.000000000 1.000000000
8.399326324 0.003067963 0.003519285 0.000000000 0.000000000 0.000000000 0.000000000 1.000000000
8.599237680 -0.000090290 0.002503724 0.000000000 0.000000000 0.000000000 0.000000000 1.000000000
8.799146652 0.001485894 0.005931725 0.000000000 0.000000000 0.000000000 0.000000000 1.000000000
8.999482155 0.002065292 0.003117374 0.000000000 0.000000000 0.000000000 0.000000000 1.000000000
9.198984385 0.003857926 0.003526963 0.000000000 0.000000000 0.000000000 0.000000000 1.000000000
9.398477554 -0.000057827 0.004046061 0.000000000 0.000000000 0.000000000 0.000000000 1.000000000
9.598873615 0.002933010 0.007417904 0.000000000 0.000000000 0.000000000 0.000000000 1.000000000
9.798708439 -0.005900042 0.020070725 0.000000000 0.000000000 0.000000000 0.000000000 1.000000000
9.998780489 0.002894257 0.021696527 0.000000000 0.000000000 0.000000000 0.000000000 1.000000000
10.199053288 0.011618259 0.021943520 0.000000000 0.000000000 0.000000000 0.000000000 1.000000000
10.398772955 0.020670349 0.025133265 0.000000000 0.000000000 0.000000000 0.000000000 1.000000000
10.599196434 0.038387125 0.025290960 0.000000000 0.000000000 0.000000000 0.000000000 1.000000000
10.799082041 0.044755991 0.035217403 0.000000000 0.000000000 0.000000000 0.000000000 1.000000000
10.998459578 0.039300434 0.047073658 0.000000000 0.000000000 0.000000000 0.000000000 1.000000000
11.199171305 0.034596541 0.045561146 0.000000000 0.000000000 0.000000000 0.000000000 1.000000000
11.398988724 0.029772469 0.038467412 0.000000000 0.000000000 0.000000000 0.000000000 1.000000000
11.599401951 0.024223098 0.028831194 0.000000000 0.000000000 0.000000000 0.000000000 1.000000000
11.799292326 0.027999584 0.012470833 0.000000000 0.000000000 0.000000000 0.000000000 1.000000000
11.998952866 0.038694400 -0.005737535 0.000000000 0.000000000 0.000000000 0.000000000 1.000000000
12.199350595 0.047802462 -0.022891029 0.000000000 0.000000000 0.000000000 0.000000000 1.000000000
12.398482084 0.052714619 -0.041088698 0.000000000 0.000000000 0.000000000 0.000000000 1.000000000
12.598842859 0.056735820 -0.060169923 0.000000000 0.000000000 0.000000000 0.000000000 1.000000000
12.798549175 0.061866044 -0.068755269 0.000000000 0.000000000 0.000000000 0.000000000 1.000000000
12.998935699 0.068753005 -0.078973637 0.000000000 0.000000000 0.000000000 0.000000000 1.000000000
13.198646545 0.075565712 -0.087343044 0.000000000 0.000000000 0.000000000 0.000000000 1.000000000
13.398810148 0.070605058 -0.093466600 0.000000000 0.000000000 0.000000000 0.000000000 1.000000000
13.599053383 0.068004129 -0.096507663 0.000000000 0.000000000 0.000000000 0.000000000 1.000000000
13.799478054 0.069845008 -0.097822934 0.000000000 0.000000000 0.000000000 0.000000000 1.000000000
13.999295712 0.066723605 -0.100028839 0.000000000 0.000000000 0.000000000 0.000000000 1.000000000
14.199142456 0.065201313 -0.096005830 0.000000000 0.000000000 0.000000000 0.000000000 1.000000000
14.398835182 0.064356307 -0.093531296 0.000000000 0.000000000 0.000000000 0.000000000 1.000000000
14.598768950 0.060877099 -0.085927485 0.000000000 0.000000000 0.000000000 0.000000000 1.000000000
14.798643589 0.052736758 -0.078438990 0.000000000 0.000000000 0.000000000 0.000000000 1.000000000
14.999221802 0.051389052 -0.067528616 0.000000000 0.000000000 0.000000000 0.000000000 1.000000000
15.198789597 0.047625797 -0.054952839 0.000000000 0.000000000 0.000000000 0.000000000 1.000000000
15.399225235 0.047812639 -0.056651837 0.000000000 0.000000000 0.000000000 0.000000000 1.000000000
15.599476099 0.047678205 -0.047212603 0.000000000 0.000000000 0.000000000 0.000000000 1.000000000
15.799334288 0.050642558 -0.037859114 0.000000000 0.000000000 0.000000000 0.000000000 1.000000000
15.999313593 0.056011922 -0.032568356 0.000000000 0.000000000 0.000000000 0.000000000 1.000000000
16.199219942 0.059440892 -0.027788075 0.000000000 0.000000000 0.000000000 0.000000000 1.000000000
16.398416758 0.060412607 -0.017423991 0.000000000 0.000000000 0.000000000 0.000000000 1.000000000
16.598588943 0.059426855 -0.012690948 0.000000000 0.000000000 0.000000000 0.000000000 1.000000000
16.799241304 0.063058551 -0.010159071 0.000000000 0.000000000 0.000000000 0.000000000 1.000000000
16.998970032 0.062142780 -0.001269707 0.000000000 0.000000000 0.000000000 0.000000000 1.000000000
17.198462486 0.063627813 -0.004520684 0.000000000 0.000000000 0.000000000 0.000000000 1.000000000
17.398865223 0.062391154 0.003186927 0.000000000 0.000000000 0.000000000 0.000000000 1.000000000
17.599335670 0.060797860 0.009897478 0.000000000 0.000000000 0.000000000 0.000000000 1.000000000
17.798838615 0.060896079 0.014661959 0.000000000 0.000000000 0.000000000 0.000000000 1.000000000
17.999266863 0.061715659 0.017844764 0.000000000 0.000000000 0.000000000 0.000000000 1.000000000
18.199061155 0.061482258 0.026550269 0.000000000 0.000000000 0.000000000 0.000000000 1.000000000
18.398463964 0.056409917 0.036634721 0.000000000 0.000000000 0.000000000 0.000000000 1.000000000
18.598325253 0.048229776 0.049432147 0.000000000 0.000000000 0.000000000 0.000000000 1.000000000
18.798886061 0.038711271 0.064088101 0.000000000 0.000000000 0.000000000 0.000000000 1.000000000
18.998989344 0.028218452 0.077714010 0.000000000 0.000000000 0.000000000 0.000000000 1.000000000
19.198757172 0.018304098 0.091334061 0.000000000 0.000000000 0.000000000 0.000000000 1.000000000
19.398700953 0.004740923 0.103235230 0.000000000 0.000000000 0.000000000 0.000000000 1.000000000
19.599409580 -0.008497482 0.111102139 0.000000000 0.000000000 0.000000000 0.000000000 1.000000000
19.798271656 -0.027135656 0.116871737 0.000000000 0.000000000 0.000000000 0.000000000 1.000000000
19.999230146 -0.040745022 0.120557352 0.000000000 0.000000000 0.000000000 0.000000000 1.000000000
20.199197769 -0.056136096 0.119744557 0.000000000 0.000000000 0.000000000 0.000000000 1.000000000
20.398808479 -0.070821711 0.118416051 0.000000000 0.000000000 0.000000000 0.000000000 1.000000000
20.599296331 -0.089382316 0.115413094 0.000000000 0.000000000 0.000000000 0.000000000 1.000000000
20.798940897 -0.101124484 0.110331209 0.000000000 0.000000000 0.000000000 0.000000000 1.000000000
20.998702526 -0.117117002 0.103589913 0.000000000 0.000000000 0.000000000 0.000000000 1.000000000
21.198669672 -0.125704489 0.094770465 0.000000000 0.000000000 0.000000000 0.000000000 1.000000000
21.398522139 -0.135511630 0.082285780 0.000000000 0.000000000 0.000000000 0.000000000 1.000000000
21.599004507 -0.143411558 0.071557417 0.000000000 0.000000000 0.000000000 0.000000000 1.000000000
21.798841715 -0.149492144 0.062716078 0.000000000 0.000000000 0.000000000 0.000000000 1.000000000
21.999211550 -0.153316419 0.059323443 0.000000000 0.000000000 0.000000000 0.000000000 1.000000000
22.199040890 -0.155433339 0.056980341 0.000000000 0.000000000 0.000000000 0.000000000 1.000000000
22.398752689 -0.160091953 0.055943277 0.000000000 0.000000000 0.000000000 0.000000000 1.000000000
22.598573685 -0.161909466 0.055287894 0.000000000 0.000000000 0.000000000 0.000000000 1.000000000
22.799209833 -0.160904459 0.052690770 0.000000000 0.000000000 0.000000000 0.000000000 1.000000000
22.998678446 -0.164627621 0.051138273 0.000000000 0.000000000 0.000000000 0.000000000 1.000000000
23.198898315 -0.160500070 0.049149288 0.000000000 0.000000000 0.000000000 0.000000000 1.000000000
23.398616552 -0.158363721 0.054960667 0.000000000 0.000000000 0.000000000 0.000000000 1.000000000
23.598296404 -0.154268303 0.052991163 0.000000000 0.000000000 0.000000000 0.000000000 1.000000000
23.798347235 -0.153907828 0.047971640 0.000000000 0.000000000 0.000000000 0.000000000 1.000000000
23.998654127 -0.149058370 0.039419380 0.000000000 0.000000000 0.000000000 0.000000000 1.000000000
24.198635578 -0.145670946 0.036499062 0.000000000 0.000000000 0.000000000 0.000000000 1.000000000
24.398878813 -0.145522292 0.029576605 0.000000000 0.000000000 0.000000000 0.000000000 1.000000000
24.598714113 -0.142056517 0.024849035 0.000000000 0.000000000 0.000000000 0.000000000 1.000000000
24.799286127 -0.140400257 0.019095391 0.000000000 0.000000000 0.000000000 0.000000000 1.000000000
24.998881340 -0.138921737 0.012495750 0.000000000 0.000000000 0.000000000 0.000000000 1.000000000
25.198470354 -0.132613925 0.005726968 0.000000000 0.000000000 0.000000000 0.000000000 1.000000000
25.399129152 -0.130460029 0.005618191 0.000000000 0.000000000 0.000000000 0.000000000 1.000000000
25.598671675 -0.132920624 0.008413944 0.000000000 0.000000000 0.000000000 0.000000000 1.000000000
25.798398018 -0.133704952 -0.020056664 0.000000000 0.000000000 0.000000000 0.000000000 1.000000000
25.998616934 -0.150724382 -0.058788504 0.000000000 0.000000000 0.000000000 0.000000000 1.000000000
26.198586464 -0.159209338 -0.068733362 0.000000000 0.000000000 0.000000000 0.000000000 1.000000000
26.399316549 -0.164289616 -0.064993871 0.000000000 0.000000000 0.000000000 0.000000000 1.000000000
26.598392010 -0.166271154 -0.059825669 0.000000000 0.000000000 0.000000000 0.000000000 1.000000000
26.798776388 -0.170566410 -0.044345129 0.000000000 0.000000000 0.000000000 0.000000000 1.000000000
26.998510361 -0.184242217 -0.032266992 0.000000000 0.000000000 0.000000000 0.000000000 1.000000000
27.198476076 -0.200533565 -0.019660630 0.000000000 0.000000000 0.000000000 0.000000000 1.000000000
27.398568153 -0.230193698 0.005425864 0.000000000 0.000000000 0.000000000 0.000000000 1.000000000
27.598571777 -0.260908077 0.046128384 0.000000000 0.000000000 0.000000000 0.000000000 1.000000000
27.798680782 -0.307474574 0.095671770 0.000000000 0.000000000 0.000000000 0.000000000 1.000000000
27.998916864 -0.359839008 0.181059426 0.000000000 0.000000000 0.000000000 0.000000000 1.000000000
28.198982000 -0.424352777 0.276443897 0.000000000 0.000000000 0.000000000 0.000000000 1.000000000
28.398505688 -0.503208190 0.387114336 0.000000000 0.000000000 0.000000000 0.000000000 1.000000000
28.598520041 -0.581892818 0.506037883 0.000000000 0.000000000 0.000000000 0.000000000 1.000000000
28.799010515 -0.659854428 0.631642684 0.000000000 0.000000000 0.000000000 0.000000000 1.000000000
28.998352289 -0.740183311 0.752956918 0.000000000 0.000000000 0.000000000 0.000000000 1.000000000
29.198300838 -0.811978757 0.868706562 0.000000000 0.000000000 0.000000000 0.000000000 1.000000000
29.398509264 -0.887990061 0.986081287 0.000000000 0.000000000 0.000000000 0.000000000 1.000000000
29.598432779 -0.951703313 1.098103698 0.000000000 0.000000000 0.000000000 0.000000000 1.000000000
29.798625946 -1.014469020 1.209042231 0.000000000 0.000000000 0.000000000 0.000000000 1.000000000
29.998316526 -1.079570706 1.325147840 0.000000000 0.000000000 0.000000000 0.000000000 1.000000000
30.199103355 -1.141944788 1.432743412 0.000000000 0.000000000 0.000000000 0.000000000 1.000000000
30.398529530 -1.204880477 1.540038876 0.000000000 0.000000000 0.000000000 0.000000000 1.000000000
30.599257708 -1.270168076 1.651374198 0.000000000 0.000000000 0.000000000 0.000000000 1.000000000
30.798859358 -1.324599885 1.764204414 0.000000000 0.000000000 0.000000000 0.000000000 1.000000000
30.998407125 -1.380060428 1.859281180 0.000000000 0.000000000 0.000000000 0.000000000 1.000000000
31.198382854 -1.424801126 1.941088364 0.000000000 0.000000000 0.000000000 0.000000000 1.000000000
31.398340940 -1.453021845 1.996094114 0.000000000 0.000000000 0.000000000 0.000000000 1.000000000
31.599409580 -1.482125571 2.032794476 0.000000000 0.000000000 0.000000000 0.000000000 1.000000000
31.799147129 -1.497513268 2.055291619 0.000000000 0.000000000 0.000000000 0.000000000 1.000000000
31.999517918 -1.501583247 2.072476585 0.000000000 0.000000000 0.000000000 0.000000000 1.000000000
32.199307203 -1.498026469 2.084958520 0.000000000 0.000000000 0.000000000 0.000000000 1.000000000
32.399040461 -1.487077117 2.096871037 0.000000000 0.000000000 0.000000000 0.000000000 1.000000000
32.598648787 -1.470554282 2.111524926 0.000000000 0.000000000 0.000000000 0.000000000 1.000000000
32.799117327 -1.454890275 2.135551724 0.000000000 0.000000000 0.000000000 0.000000000 1.000000000
32.998176336 -1.435760055 2.163669003 0.000000000 0.000000000 0.000000000 0.000000000 1.000000000
33.198587656 -1.416382799 2.189887951 0.000000000 0.000000000 0.000000000 0.000000000 1.000000000
33.399303675 -1.396051880 2.216480443 0.000000000 0.000000000 0.000000000 0.000000000 1.000000000
33.598498106 -1.375872558 2.232510512 0.000000000 0.000000000 0.000000000 0.000000000 1.000000000
33.799059153 -1.355911782 2.252269485 0.000000000 0.000000000 0.000000000 0.000000000 1.000000000
33.999343157 -1.343160019 2.260686002 0.000000000 0.000000000 0.000000000 0.000000000 1.000000000
34.199211597 -1.330441504 2.263523991 0.000000000 0.000000000 0.000000000 0.000000000 1.000000000
34.398757935 -1.321489142 2.264855436 0.000000000 0.000000000 0.000000000 0.000000000 1.000000000
34.599181175 -1.315826947 2.255376127 0.000000000 0.000000000 0.000000000 0.000000000 1.000000000
34.798505783 -1.312737760 2.250421797 0.000000000 0.000000000 0.000000000 0.000000000 1.000000000
34.998857260 -1.316679925 2.241337545 0.000000000 0.000000000 0.000000000 0.000000000 1.000000000
35.197589159 -1.313277897 2.228789718 0.000000000 0.000000000 0.000000000 0.000000000 1.000000000
35.397771835 -1.315937381 2.218482104 0.000000000 0.000000000 0.000000000 0.000000000 1.000000000
35.597979546 -1.316657869 2.207600977 0.000000000 0.000000000 0.000000000 0.000000000 1.000000000
35.797443628 -1.320472774 2.194208030 0.000000000 0.000000000 0.000000000 0.000000000 1.000000000
35.997303486 -1.321115437 2.180181167 0.000000000 0.000000000 0.000000000 0.000000000 1.000000000
36.197555542 -1.325305387 2.167197328 0.000000000 0.000000000 0.000000000 0.000000000 1.000000000
36.398540497 -1.329999167 2.152231475 0.000000000 0.000000000 0.000000000 0.000000000 1.000000000
36.598374844 -1.336029464 2.138358019 0.000000000 0.000000000 0.000000000 0.000000000 1.000000000
36.797324896 -1.338407557 2.121120915 0.000000000 0.000000000 0.000000000 0.000000000 1.000000000
36.997959614 -1.340570811 2.111101311 0.000000000 0.000000000 0.000000000 0.000000000 1.000000000
37.198086262 -1.339856117 2.099514125 0.000000000 0.000000000 0.000000000 0.000000000 1.000000000
37.398248911 -1.337070998 2.088893089 0.000000000 0.000000000 0.000000000 0.000000000 1.000000000
37.597258806 -1.335290119 2.082828121 0.000000000 0.000000000 0.000000000 0.000000000 1.000000000
37.798239946 -1.335661178 2.077465324 0.000000000 0.000000000 0.000000000 0.000000000 1.000000000
37.997265577 -1.333919316 2.072957302 0.000000000 0.000000000 0.000000000 0.000000000 1.000000000
38.197685242 -1.330601494 2.061332841 0.000000000 0.000000000 0.000000000 0.000000000 1.000000000
38.397832394 -1.324997900 2.056615232 0.000000000 0.000000000 0.000000000 0.000000000 1.000000000
38.598318100 -1.315437963 2.047625485 0.000000000 0.000000000 0.000000000 0.000000000 1.000000000
38.797682285 -1.304234569 2.038746821 0.000000000 0.000000000 0.000000000 0.000000000 1.000000000
38.997673750 -1.294344097 2.032855954 0.000000000 0.000000000 0.000000000 0.000000000 1.000000000
39.197605133 -1.286638801 2.026295613 0.000000000 0.000000000 0.000000000 0.000000000 1.000000000
39.398033142 -1.273963620 2.021633395 0.000000000 0.000000000 0.000000000 0.000000000 1.000000000
39.597843885 -1.270683171 2.013787506 0.000000000 0.000000000 0.000000000 0.000000000 1.000000000
39.797472954 -1.261948604 2.011394233 0.000000000 0.000000000 0.000000000 0.000000000 1.000000000
39.998042345 -1.256368407 2.010963927 0.000000000 0.000000000 0.000000000 0.000000000 1.000000000
40.197452545 -1.248486944 2.006727989 0.000000000 0.000000000 0.000000000 0.000000000 1.000000000
40.398018837 -1.247104199 2.005270331 0.000000000 0.000000000 0.000000000 0.000000000 1.000000000
40.598160505 -1.244942201 2.007581841 0.000000000 0.000000000 0.000000000 0.000000000 1.000000000
40.797847271 -1.244676912 2.016255078 0.000000000 0.000000000 0.000000000 0.000000000 1.000000000
40.998184919 -1.246118146 2.023217270 0.000000000 0.000000000 0.000000000 0.000000000 1.000000000
41.197558880 -1.247375562 2.027399831 0.000000000 0.000000000 0.000000000 0.000000000 1.000000000
41.398127317 -1.252546041 2.027887865 0.000000000 0.000000000 0.000000000 0.000000000 1.000000000
41.597972155 -1.254660963 2.031021240 0.000000000 0.000000000 0.000000000 0.000000000 1.000000000
41.797378540 -1.254433998 2.027979994 0.000000000 0.000000000 0.000000000 0.000000000 1.000000000
41.997736454 -1.249291147 2.023189904 0.000000000 0.000000000 0.000000000 0.000000000 1.000000000
42.198118925 -1.249202154 2.024946565 0.000000000 0.000000000 0.000000000 0.000000000 1.000000000
42.398123264 -1.248786128 2.018955331 0.000000000 0.000000000 0.000000000 0.000000000 1.000000000
42.597601175 -1.251710820 2.018257280 0.000000000 0.000000000 0.000000000 0.000000000 1.000000000
42.798324347 -1.254318814 2.013400993 0.000000000 0.000000000 0.000000000 0.000000000 1.000000000
42.998093128 -1.253742402 2.005104743 0.000000000 0.000000000 0.000000000 0.000000000 1.000000000
43.197941542 -1.250558486 1.995449715 0.000000000 0.000000000 0.000000000 0.000000000 1.000000000
43.397564888 -1.253982532 1.989202843 0.000000000 0.000000000 0.000000000 0.000000000 1.000000000
43.598050356 -1.258671595 1.978112210 0.000000000 0.000000000 0.000000000 0.000000000 1.000000000
43.797246933 -1.259803541 1.971180798 0.000000000 0.000000000 0.000000000 0.000000000 1.000000000
43.997373343 -1.264018299 1.960964043 0.000000000 0.000000000 0.000000000 0.000000000 1.000000000
44.198006392 -1.261340159 1.953313576 0.000000000 0.000000000 0.000000000 0.000000000 1.000000000
44.398190737 -1.267059746 1.950304613 0.000000000 0.000000000 0.000000000 0.000000000 1.000000000
44.598111868 -1.267765051 1.945010753 0.000000000 0.000000000 0.000000000 0.000000000 1.000000000
44.798119545 -1.267494962 1.944298182 0.000000000 0.000000000 0.000000000 0.000000000 1.000000000
44.997619629 -1.267955365 1.942640570 0.000000000 0.000000000 0.000000000 0.000000000 1.000000000
45.197619200 -1.266228007 1.943213670 0.000000000 0.000000000 0.000000000 0.000000000 1.000000000
45.397267103 -1.270974318 1.945158616 0.000000000 0.000000000 0.000000000 0.000000000 1.000000000
45.597399950 -1.262594184 1.947071375 0.000000000 0.000000000 0.000000000 0.000000000 1.000000000
45.797870874 -1.262312096 1.950772402 0.000000000 0.000000000 0.000000000 0.000000000 1.000000000
45.997168541 -1.269550242 1.954060581 0.000000000 0.000000000 0.000000000 0.000000000 1.000000000
46.197525740 -1.271415606 1.958243323 0.000000000 0.000000000 0.000000000 0.000000000 1.000000000
46.397403717 -1.272545611 1.964072260 0.000000000 0.000000000 0.000000000 0.000000000 1.000000000
46.597460508 -1.273002410 1.971571028 0.000000000 0.000000000 0.000000000 0.000000000 1.000000000
46.797499180 -1.266864193 1.975487729 0.000000000 0.000000000 0.000000000 0.000000000 1.000000000
46.997263193 -1.258503514 1.969999040 0.000000000 0.000000000 0.000000000 0.000000000 1.000000000
47.197940350 -1.246747919 1.970793404 0.000000000 0.000000000 0.000000000 0.000000000 1.000000000
47.397343636 -1.237976933 1.979274392 0.000000000 0.000000000 0.000000000 0.000000000 1.000000000
47.597272396 -1.233599102 1.989747192 0.000000000 0.000000000 0.000000000 0.000000000 1.000000000
47.797850132 -1.239158492 2.010979678 0.000000000 0.000000000 0.000000000 0.000000000 1.000000000
47.997780085 -1.257940033 2.042000418 0.000000000 0.000000000 0.000000000 0.000000000 1.000000000
48.197785139 -1.279749674 2.100194575 0.000000000 0.000000000 0.000000000 0.000000000 1.000000000
48.397795439 -1.323307698 2.177518871 0.000000000 0.000000000 0.000000000 0.000000000 1.000000000
48.597709179 -1.389741650 2.273576871 0.000000000 0.000000000 0.000000000 0.000000000 1.000000000
48.797596216 -1.455669986 2.386136896 0.000000000 0.000000000 0.000000000 0.000000000 1.000000000
48.997516870 -1.537565647 2.505847304 0.000000000 0.000000000 0.000000000 0.000000000 1.000000000
49.197651625 -1.621447612 2.626803560 0.000000000 0.000000000 0.000000000 0.000000000 1.000000000
49.397587538 -1.715728041 2.742451104 0.000000000 0.000000000 0.000000000 0.000000000 1.000000000
49.597157717 -1.808298247 2.848620135 0.000000000 0.000000000 0.000000000 0.000000000 1.000000000
49.798030138 -1.901191493 2.954176066 0.000000000 0.000000000 0.000000000 0.000000000 1.000000000
49.997944832 -1.995424352 3.060227147 0.000000000 0.000000000 0.000000000 0.000000000 1.000000000
50.197066784 -2.080551490 3.166431117 0.000000000 0.000000000 0.000000000 0.000000000 1.000000000
50.397304773 -2.173222234 3.273622515 0.000000000 0.000000000 0.000000000 0.000000000 1.000000000
50.598030090 -2.257105874 3.381479803 0.000000000 0.000000000 0.000000000 0.000000000 1.000000000
50.797403574 -2.340970082 3.491372451 0.000000000 0.000000000 0.000000000 0.000000000 1.000000000
50.997096777 -2.417996501 3.603113139 0.000000000 0.000000000 0.000000000 0.000000000 1.000000000
51.197686434 -2.492114006 3.718950885 0.000000000 0.000000000 0.000000000 0.000000000 1.000000000
51.397310734 -2.566832375 3.829199721 0.000000000 0.000000000 0.000000000 0.000000000 1.000000000
51.597694397 -2.627918396 3.940950502 0.000000000 0.000000000 0.000000000 0.000000000 1.000000000
51.797876120 -2.692408360 4.054171817 0.000000000 0.000000000 0.000000000 0.000000000 1.000000000
51.997132540 -2.758842465 4.164967754 0.000000000 0.000000000 0.000000000 0.000000000 1.000000000
52.197226524 -2.818719036 4.278541912 0.000000000 0.000000000 0.000000000 0.000000000 1.000000000
52.397713661 -2.876803297 4.386093313 0.000000000 0.000000000 0.000000000 0.000000000 1.000000000
52.597700834 -2.941789202 4.495641542 0.000000000 0.000000000 0.000000000 0.000000000 1.000000000
52.797198534 -3.005980428 4.601292747 0.000000000 0.000000000 0.000000000 0.000000000 1.000000000
52.998109341 -3.072790616 4.704784309 0.000000000 0.000000000 0.000000000 0.000000000 1.000000000
53.197267056 -3.133032659 4.805852251 0.000000000 0.000000000 0.000000000 0.000000000 1.000000000
53.397236824 -3.199493240 4.908371639 0.000000000 0.000000000 0.000000000 0.000000000 1.000000000
53.597474575 -3.265901987 5.008782322 0.000000000 0.000000000 0.000000000 0.000000000 1.000000000
53.798025608 -3.331634300 5.111692284 0.000000000 0.000000000 0.000000000 0.000000000 1.000000000
53.997415304 -3.399705910 5.212808794 0.000000000 0.000000000 0.000000000 0.000000000 1.000000000
54.197811604 -3.460864636 5.318448187 0.000000000 0.000000000 0.000000000 0.000000000 1.000000000
54.397956848 -3.521750699 5.431458401 0.000000000 0.000000000 0.000000000 0.000000000 1.000000000
54.597253561 -3.579551527 5.539987105 0.000000000 0.000000000 0.000000000 0.000000000 1.000000000
54.797575951 -3.639818736 5.649781657 0.000000000 0.000000000 0.000000000 0.000000000 1.000000000
54.997729301 -3.697797192 5.759094940 0.000000000 0.000000000 0.000000000 0.000000000 1.000000000
55.197830915 -3.752458284 5.869313745 0.000000000 0.000000000 0.000000000 0.000000000 1.000000000
55.397327423 -3.813121298 5.977657516 0.000000000 0.000000000 0.000000000 0.000000000 1.000000000
55.597938776 -3.874227259 6.080384974 0.000000000 0.000000000 0.000000000 0.000000000 1.000000000
55.798125744 -3.931695079 6.181819722 0.000000000 0.000000000 0.000000000 0.000000000 1.000000000
55.997915268 -3.993413479 6.290475325 0.000000000 0.000000000 0.000000000 0.000000000 1.000000000
56.197118521 -4.044834345 6.396873073 0.000000000 0.000000000 0.000000000 0.000000000 1.000000000
56.397779226 -4.107950010 6.494101894 0.000000000 0.000000000 0.000000000 0.000000000 1.000000000
56.597201586 -4.170208221 6.589018713 0.000000000 0.000000000 0.000000000 0.000000000 1.000000000
56.797583580 -4.230214143 6.682221016 0.000000000 0.000000000 0.000000000 0.000000000 1.000000000
56.997272491 -4.292528478 6.776538662 0.000000000 0.000000000 0.000000000 0.000000000 1.000000000
57.197060108 -4.353511506 6.868202925 0.000000000 0.000000000 0.000000000 0.000000000 1.000000000
57.397355556 -4.424322503 6.955977228 0.000000000 0.000000000 0.000000000 0.000000000 1.000000000
57.597675562 -4.497175112 7.045408432 0.000000000 0.000000000 0.000000000 0.000000000 1.000000000
57.797555923 -4.569776517 7.135666201 0.000000000 0.000000000 0.000000000 0.000000000 1.000000000
57.997642040 -4.641028889 7.230312386 0.000000000 0.000000000 0.000000000 0.000000000 1.000000000
58.197751999 -4.714161610 7.326241460 0.000000000 0.000000000 0.000000000 0.000000000 1.000000000
58.398008108 -4.789475635 7.431748873 0.000000000 0.000000000 0.000000000 0.000000000 1.000000000
58.597607136 -4.859390795 7.533651477 0.000000000 0.000000000 0.000000000 0.000000000 1.000000000
58.797497272 -4.932120136 7.640738850 0.000000000 0.000000000 0.000000000 0.000000000 1.000000000
58.997087717 -5.008746084 7.749881153 0.000000000 0.000000000 0.000000000 0.000000000 1.000000000
59.197189331 -5.074787641 7.859711084 0.000000000 0.000000000 0.000000000 0.000000000 1.000000000
59.397035122 -5.140986772 7.968248090 0.000000000 0.000000000 0.000000000 0.000000000 1.000000000
59.597696781 -5.206241494 8.078501179 0.000000000 0.000000000 0.000000000 0.000000000 1.000000000
59.797174931 -5.269730370 8.181942075 0.000000000 0.000000000 0.000000000 0.000000000 1.000000000
59.998009205 -5.335084916 8.287691726 0.000000000 0.000000000 0.000000000 0.000000000 1.000000000
60.197772741 -5.392121245 8.395672581 0.000000000 0.000000000 0.000000000 0.000000000 1.000000000
60.398053646 -5.449468318 8.508684221 0.000000000 0.000000000 0.000000000 0.000000000 1.000000000
60.597713232 -5.507097045 8.615458921 0.000000000 0.000000000 0.000000000 0.000000000 1.000000000
60.797612906 -5.561949769 8.720649152 0.000000000 0.000000000 0.000000000 0.000000000 1.000000000
60.997809649 -5.620034355 8.831388158 0.000000000 0.000000000 0.000000000 0.000000000 1.000000000
61.196983337 -5.679000334 8.941237403 0.000000000 0.000000000 0.000000000 0.000000000 1.000000000
61.397887230 -5.738260143 9.052218475 0.000000000 0.000000000 0.000000000 0.000000000 1.000000000
61.597474098 -5.794904780 9.165763640 0.000000000 0.000000000 0.000000000 0.000000000 1.000000000
61.797601938 -5.856527030 9.276534741 0.000000000 0.000000000 0.000000000 0.000000000 1.000000000
61.997976542 -5.916452540 9.387878022 0.000000000 0.000000000 0.000000000 0.000000000 1.000000000
62.197463274 -5.977860156 9.496719546 0.000000000 0.000000000 0.000000000 0.000000000 1.000000000
62.397232771 -6.042657947 9.609293600 0.000000000 0.000000000 0.000000000 0.000000000 1.000000000
62.597494841 -6.108293288 9.716929921 0.000000000 0.000000000 0.000000000 0.000000000 1.000000000
62.797370911 -6.167428820 9.816923878 0.000000000 0.000000000 0.000000000 0.000000000 1.000000000
62.997210741 -6.231879009 9.914654479 0.000000000 0.000000000 0.000000000 0.000000000 1.000000000
63.197979689 -6.279344703 9.997862942 0.000000000 0.000000000 0.000000000 0.000000000 1.000000000
63.397136450 -6.323109997 10.073933858 0.000000000 0.000000000 0.000000000 0.000000000 1.000000000
63.596956730 -6.364284314 10.130542064 0.000000000 0.000000000 0.000000000 0.000000000 1.000000000
63.796283245 -6.382553860 10.140321490 0.000000000 0.000000000 0.000000000 0.000000000 1.000000000
63.996953487 -6.408613270 10.124146094 0.000000000 0.000000000 0.000000000 0.000000000 1.000000000
64.198020935 -6.403801293 10.116048366 0.000000000 0.000000000 0.000000000 0.000000000 1.000000000
64.397639036 -6.392070919 10.106354145 0.000000000 0.000000000 0.000000000 0.000000000 1.000000000
64.597131729 -6.381193710 10.090936489 0.000000000 0.000000000 0.000000000 0.000000000 1.000000000
64.796978474 -6.363255715 10.081272569 0.000000000 0.000000000 0.000000000 0.000000000 1.000000000
64.997852802 -6.354573064 10.081532997 0.000000000 0.000000000 0.000000000 0.000000000 1.000000000
65.196768761 -6.361137770 10.112631814 0.000000000 0.000000000 0.000000000 0.000000000 1.000000000
65.396615982 -6.382327273 10.184472185 0.000000000 0.000000000 0.000000000 0.000000000 1.000000000
65.596786737 -6.434524675 10.323177299 0.000000000 0.000000000 0.000000000 0.000000000 1.000000000
65.796286821 -6.519428309 10.540993670 0.000000000 0.000000000 0.000000000 0.000000000 1.000000000
65.996331930 -6.630911324 10.853282536 0.000000000 0.000000000 0.000000000 0.000000000 1.000000000
66.196630716 -6.750309509 11.192566806 0.000000000 0.000000000 0.000000000 0.000000000 1.000000000
66.396104097 -6.845027956 11.433263200 0.000000000 0.000000000 0.000000000 0.000000000 1.000000000
66.596207619 -6.878331505 11.554962428 0.000000000 0.000000000 0.000000000 0.000000000 1.000000000
66.796880007 -6.898539662 11.647399991 0.000000000 0.000000000 0.000000000 0.000000000 1.000000000
66.996001244 -6.914805376 11.724140264 0.000000000 0.000000000 0.000000000 0.000000000 1.000000000
67.196748734 -6.923491062 11.785913209 0.000000000 0.000000000 0.000000000 0.000000000 1.000000000
67.396231174 -6.929151575 11.825154740 0.000000000 0.000000000 0.000000000 0.000000000 1.000000000
67.596218824 -6.934657269 11.848395056 0.000000000 0.000000000 0.000000000 0.000000000 1.000000000
67.796440363 -6.933293688 11.857376292 0.000000000 0.000000000 0.000000000 0.000000000 1.000000000
67.996695995 -6.933633152 11.857394472 0.000000000 0.000000000 0.000000000 0.000000000 1.000000000
68.196389437 -6.930885312 11.843090557 0.000000000 0.000000000 0.000000000 0.000000000 1.000000000
68.396788836 -6.931985072 11.820238763 0.000000000 0.000000000 0.000000000 0.000000000 1.000000000
68.596122742 -6.933732805 11.788186299 0.000000000 0.000000000 0.000000000 0.000000000 1.000000000
68.796204090 -6.919466267 11.756250802 0.000000000 0.000000000 0.000000000 0.000000000 1.000000000
68.997041225 -6.925213627 11.727189603 0.000000000 0.000000000 0.000000000 0.000000000 1.000000000
69.196270943 -6.915864544 11.703898999 0.000000000 0.000000000 0.000000000 0.000000000 1.000000000
69.396260023 -6.904640828 11.679379723 0.000000000 0.000000000 0.000000000 0.000000000 1.000000000
69.596459627 -6.898441266 11.661938628 0.000000000 0.000000000 0.000000000 0.000000000 1.000000000
69.797037363 -6.889657781 11.647496146 0.000000000 0.000000000 0.000000000 0.000000000 1.000000000
69.996153593 -6.873854524 11.629254893 0.000000000 0.000000000 0.000000000 0.000000000 1.000000000
70.196958542 -6.859908424 11.616883308 0.000000000 0.000000000 0.000000000 0.000000000 1.000000000
70.396337271 -6.847229759 11.600606815 0.000000000 0.000000000 0.000000000 0.000000000 1.000000000
70.596075296 -6.831853714 11.589027089 0.000000000 0.000000000 0.000000000 0.000000000 1.000000000
70.796659946 -6.818102609 11.573593398 0.000000000 0.000000000 0.000000000 0.000000000 1.000000000
70.996161699 -6.817400785 11.564088833 0.000000000 0.000000000 0.000000000 0.000000000 1.000000000
71.196933985 -6.804954446 11.551702478 0.000000000 0.000000000 0.000000000 0.000000000 1.000000000
71.396265984 -6.798695005 11.539106727 0.000000000 0.000000000 0.000000000 0.000000000 1.000000000
71.596646070 -6.794659452 11.530692799 0.000000000 0.000000000 0.000000000 0.000000000 1.000000000
71.796453953 -6.788019242 11.517380991 0.000000000 0.000000000 0.000000000 0.000000000 1.000000000
71.996338129 -6.784953840 11.506824104 0.000000000 0.000000000 0.000000000 0.000000000 1.000000000
72.196120024 -6.778444231 11.493825047 0.000000000 0.000000000 0.000000000 0.000000000 1.000000000
72.396094322 -6.774988419 11.486264570 0.000000000 0.000000000 0.000000000 0.000000000 1.000000000
72.596603632 -6.775739673 11.477492855 0.000000000 0.000000000 0.000000000 0.000000000 1.000000000
72.796583652 -6.776044825 11.469418159 0.000000000 0.000000000 0.000000000 0.000000000 1.000000000
72.996020555 -6.778011596 11.462756319 0.000000000 0.000000000 0.000000000 0.000000000 1.000000000
73.195991993 -6.782058009 11.457868420 0.000000000 0.000000000 0.000000000 0.000000000 1.000000000
73.395965815 -6.785175303 11.453367968 0.000000000 0.000000000 0.000000000 0.000000000 1.000000000
73.596650124 -6.788764971 11.454067490 0.000000000 0.000000000 0.000000000 0.000000000 1.000000000
73.795924425 -6.795464412 11.452605220 0.000000000 0.000000000 0.000000000 0.000000000 1.000000000
73.996224642 -6.801227962 11.452616846 0.000000000 0.000000000 0.000000000 0.000000000 1.000000000
74.196002483 -6.802032242 11.451470544 0.000000000 0.000000000 0.000000000 0.000000000 1.000000000
74.395967722 -6.806513888 11.456136526 0.000000000 0.000000000 0.000000000 0.000000000 1.000000000
74.596256733 -6.813648108 11.461303490 0.000000000 0.000000000 0.000000000 0.000000000 1.000000000
74.795886755 -6.808379573 11.464519275 0.000000000 0.000000000 0.000000000 0.000000000 1.000000000
74.995888233 -6.808683904 11.466398871 0.000000000 0.000000000 0.000000000 0.000000000 1.000000000
75.195958138 -6.805324821 11.469748495 0.000000000 0.000000000 0.000000000 0.000000000 1.000000000
75.396203279 -6.800584224 11.474191482 0.000000000 0.000000000 0.000000000 0.000000000 1.000000000
75.596936464 -6.797847014 11.477016093 0.000000000 0.000000000 0.000000000 0.000000000 1.000000000
75.796583652 -6.788305152 11.480162513 0.000000000 0.000000000 0.000000000 0.000000000 1.000000000
75.996138811 -6.782437113 11.485701399 0.000000000 0.000000000 0.000000000 0.000000000 1.000000000
76.195915699 -6.776572602 11.487735813 0.000000000 0.000000000 0.000000000 0.000000000 1.000000000
76.395873308 -6.770807270 11.493034555 0.000000000 0.000000000 0.000000000 0.000000000 1.000000000
76.596653461 -6.765649418 11.502195618 0.000000000 0.000000000 0.000000000 0.000000000 1.000000000
76.795901060 -6.762665839 11.504832353 0.000000000 0.000000000 0.000000000 0.000000000 1.000000000
76.996154070 -6.760846401 11.509492893 0.000000000 0.000000000 0.000000000 0.000000000 1.000000000
77.196252108 -6.761734515 11.510066288 0.000000000 0.000000000 0.000000000 0.000000000 1.000000000
77.395894527 -6.764712885 11.513745416 0.000000000 0.000000000 0.000000000 0.000000000 1.000000000
77.596760035 -6.768966477 11.515883397 0.000000000 0.000000000 0.000000000 0.000000000 1.000000000
77.796375751 -6.774583673 11.516571750 0.000000000 0.000000000 0.000000000 0.000000000 1.000000000
77.996634007 -6.780802762 11.516542100 0.000000000 0.000000000 0.000000000 0.000000000 1.000000000
78.196399212 -6.783623949 11.513602246 0.000000000 0.000000000 0.000000000 0.000000000 1.000000000
78.396391153 -6.786395253 11.511090146 0.000000000 0.000000000 0.000000000 0.000000000 1.000000000
78.595912933 -6.789529685 11.510938476 0.000000000 0.000000000 0.000000000 0.000000000 1.000000000
78.796452761 -6.788001733 11.506180926 0.000000000 0.000000000 0.000000000 0.000000000 1.000000000
78.996609926 -6.791675087 11.507546983 0.000000000 0.000000000 0.000000000 0.000000000 1.000000000
79.196250439 -6.789714654 11.502645788 0.000000000 0.000000000 0.000000000 0.000000000 1.000000000
79.396346807 -6.787116856 11.500295802 0.000000000 0.000000000 0.000000000 0.000000000 1.000000000
79.596071005 -6.792208709 11.506308537 0.000000000 0.000000000 0.000000000 0.000000000 1.000000000
79.796923161 -6.794557362 11.508905414 0.000000000 0.000000000 0.000000000 0.000000000 1.000000000
79.996361256 -6.796642460 11.512782570 0.000000000 0.000000000 0.000000000 0.000000000 1.000000000
80.196573257 -6.793257984 11.522468636 0.000000000 0.000000000 0.000000000 0.000000000 1.000000000
80.396263123 -6.796401440 11.532744136 0.000000000 0.000000000 0.000000000 0.000000000 1.000000000
80.596710920 -6.798611873 11.539127328 0.000000000 0.000000000 0.000000000 0.000000000 1.000000000
80.796323299 -6.799911067 11.547788005 0.000000000 0.000000000 0.000000000 0.000000000 1.000000000
80.996057749 -6.801647241 11.555419819 0.000000000 0.000000000 0.000000000 0.000000000 1.000000000
81.196180105 -6.805794152 11.559046260 0.000000000 0.000000000 0.000000000 0.000000000 1.000000000
81.396219730 -6.811017475 11.564615929 0.000000000 0.000000000 0.000000000 0.000000000 1.000000000
81.596821308 -6.816698779 11.565153955 0.000000000 0.000000000 0.000000000 0.000000000 1.000000000
81.795982361 -6.820671261 11.562828001 0.000000000 0.000000000 0.000000000 0.000000000 1.000000000
81.996001959 -6.828461007 11.563280267 0.000000000 0.000000000 0.000000000 0.000000000 1.000000000
82.196298599 -6.830314160 11.562368374 0.000000000 0.000000000 0.000000000 0.000000000 1.000000000
82.395983458 -6.835029971 11.560850878 0.000000000 0.000000000 0.000000000 0.000000000 1.000000000
82.596153736 -6.842262108 11.558034748 0.000000000 0.000000000 0.000000000 0.000000000 1.000000000
82.796110153 -6.850247726 11.556067719 0.000000000 0.000000000 0.000000000 0.000000000 1.000000000
82.996118546 -6.858357022 11.554418540 0.000000000 0.000000000 0.000000000 0.000000000 1.000000000
83.196746111 -6.866136415 11.551486956 0.000000000 0.000000000 0.000000000 0.000000000 1.000000000
83.396752119 -6.874873608 11.560286564 0.000000000 0.000000000 0.000000000 0.000000000 1.000000000
83.596736431 -6.880925684 11.558619669 0.000000000 0.000000000 0.000000000 0.000000000 1.000000000
83.796394587 -6.887533680 11.561183278 0.000000000 0.000000000 0.000000000 0.000000000 1.000000000
83.995946407 -6.896715227 11.561968337 0.000000000 0.000000000 0.000000000 0.000000000 1.000000000
84.195809126 -6.900364013 11.566669191 0.000000000 0.000000000 0.000000000 0.000000000 1.000000000
84.396346331 -6.900801493 11.573964817 0.000000000 0.000000000 0.000000000 0.000000000 1.000000000
84.596387386 -6.899820573 11.574805304 0.000000000 0.000000000 0.000000000 0.000000000 1.000000000
84.795742750 -6.893491040 11.572350751 0.000000000 0.000000000 0.000000000 0.000000000 1.000000000
84.996296406 -6.894687331 11.565544881 0.000000000 0.000000000 0.000000000 0.000000000 1.000000000
85.195947886 -6.890227811 11.558679244 0.000000000 0.000000000 0.000000000 0.000000000 1.000000000
85.396078825 -6.881162342 11.542464185 0.000000000 0.000000000 0.000000000 0.000000000 1.000000000
85.596207142 -6.873251924 11.529968413 0.000000000 0.000000000 0.000000000 0.000000000 1.000000000
85.796324730 -6.867228460 11.515457506 0.000000000 0.000000000 0.000000000 0.000000000 1.000000000
85.996194601 -6.861412651 11.501187903 0.000000000 0.000000000 0.000000000 0.000000000 1.000000000
86.196404457 -6.852786513 11.487847379 0.000000000 0.000000000 0.000000000 0.000000000 1.000000000
86.396224022 -6.848609177 11.477640972 0.000000000 0.000000000 0.000000000 0.000000000 1.000000000
86.596224070 -6.841786390 11.470728902 0.000000000 0.000000000 0.000000000 0.000000000 1.000000000
86.796146870 -6.834618999 11.465566293 0.000000000 0.000000000 0.000000000 0.000000000 1.000000000
86.996124983 -6.826397676 11.462970203 0.000000000 0.000000000 0.000000000 0.000000000 1.000000000
87.196388721 -6.816802297 11.463100229 0.000000000 0.000000000 0.000000000 0.000000000 1.000000000
87.396178007 -6.814847823 11.466578478 0.000000000 0.000000000 0.000000000 0.000000000 1.000000000
87.596121550 -6.814989867 11.476145753 0.000000000 0.000000000 0.000000000 0.000000000 1.000000000
87.796663284 -6.815938207 11.480705534 0.000000000 0.000000000 0.000000000 0.000000000 1.000000000
87.996574402 -6.814534563 11.483387038 0.000000000 0.000000000 0.000000000 0.000000000 1.000000000
88.195940733 -6.814550599 11.491730629 0.000000000 0.000000000 0.000000000 0.000000000 1.000000000
88.396203279 -6.811707427 11.494314924 0.000000000 0.000000000 0.000000000 0.000000000 1.000000000
88.595953703 -6.815236763 11.498852148 0.000000000 0.000000000 0.000000000 0.000000000 1.000000000
88.796406746 -6.818104222 11.500544093 0.000000000 0.000000000 0.000000000 0.000000000 1.000000000
88.996048450 -6.821984400 11.502889828 0.000000000 0.000000000 0.000000000 0.000000000 1.000000000
89.196051836 -6.821556981 11.499615932 0.000000000 0.000000000 0.000000000 0.000000000 1.000000000
89.395986080 -6.826044251 11.497002521 0.000000000 0.000000000 0.000000000 0.000000000 1.000000000
89.595895529 -6.830735957 11.493001435 0.000000000 0.000000000 0.000000000 0.000000000 1.000000000
89.795945644 -6.829874257 11.486030180 0.000000000 0.000000000 0.000000000 0.000000000 1.000000000
89.996339083 -6.831604285 11.477126728 0.000000000 0.000000000 0.000000000 0.000000000 1.000000000
90.195954800 -6.831945261 11.465112870 0.000000000 0.000000000 0.000000000 0.000000000 1.000000000
90.394940853 -6.832500400 11.455093422 0.000000000 0.000000000 0.000000000 0.000000000 1.000000000
90.594918251 -6.835264466 11.445499790 0.000000000 0.000000000 0.000000000 0.000000000 1.000000000
90.796495438 -6.834254869 11.440185033 0.000000000 0.000000000 0.000000000 0.000000000 1.000000000
90.995885134 -6.829202628 11.434336901 0.000000000 0.000000000 0.000000000 0.000000000 1.000000000
91.195690870 -6.826242512 11.429867346 0.000000000 0.000000000 0.000000000 0.000000000 1.000000000
91.395869970 -6.828661769 11.424089623 0.000000000 0.000000000 0.000000000 0.000000000 1.000000000
91.595385551 -6.829110693 11.414502633 0.000000000 0.000000000 0.000000000 0.000000000 1.000000000
91.795469522 -6.828933981 11.404169234 0.000000000 0.000000000 0.000000000 0.000000000 1.000000000
91.995862722 -6.823946888 11.388971570 0.000000000 0.000000000 0.000000000 0.000000000 1.000000000
92.195316076 -6.825440004 11.368582373 0.000000000 0.000000000 0.000000000 0.000000000 1.000000000
92.395599604 -6.835584157 11.342400483 0.000000000 0.000000000 0.000000000 0.000000000 1.000000000
92.594896078 -6.847689681 11.310122812 0.000000000 0.000000000 0.000000000 0.000000000 1.000000000
92.795004129 -6.865229981 11.267347309 0.000000000 0.000000000 0.000000000 0.000000000 1.000000000
92.995493174 -6.883323455 11.226599704 0.000000000 0.000000000 0.000000000 0.000000000 1.000000000
93.195228338 -6.888861071 11.187971046 0.000000000 0.000000000 0.000000000 0.000000000 1.000000000
93.395555258 -6.891049856 11.165512015 0.000000000 0.000000000 0.000000000 0.000000000 1.000000000
93.595761538 -6.885356004 11.153105683 0.000000000 0.000000000 0.000000000 0.000000000 1.000000000
93.794966698 -6.912251010 11.203208063 0.000000000 0.000000000 0.000000000 0.000000000 1.000000000
93.995267391 -6.941321646 11.294368421 0.000000000 0.000000000 0.000000000 0.000000000 1.000000000
94.195704699 -6.990054948 11.415760814 0.000000000 0.000000000 0.000000000 0.000000000 1.000000000
94.394785166 -7.034372373 11.518461641 0.000000000 0.000000000 0.000000000 0.000000000 1.000000000
94.594863653 -7.082500690 11.632384421 0.000000000 0.000000000 0.000000000 0.000000000 1.000000000
94.795054913 -7.159050183 11.798933572 0.000000000 0.000000000 0.000000000 0.000000000 1.000000000
94.995671988 -7.265975790 12.045562780 0.000000000 0.000000000 0.000000000 0.000000000 1.000000000
95.194801331 -7.407586303 12.381763843 0.000000000 0.000000000 0.000000000 0.000000000 1.000000000
95.394978046 -7.574142662 12.776640899 0.000000000 0.000000000 0.000000000 0.000000000 1.000000000
95.595792055 -7.758199288 13.211582830 0.000000000 0.000000000 0.000000000 0.000000000 1.000000000
95.795056343 -7.953118347 13.658921300 0.000000000 0.000000000 0.000000000 0.000000000 1.000000000
95.994815350 -8.166781596 14.125246271 0.000000000 0.000000000 0.000000000 0.000000000 1.000000000
96.195170879 -8.384260551 14.608531089 0.000000000 0.000000000 0.000000000 0.000000000 1.000000000
96.395730257 -8.610982827 15.120491707 0.000000000 0.000000000 0.000000000 0.000000000 1.000000000
96.595431089 -8.854030936 15.655287961 0.000000000 0.000000000 0.000000000 0.000000000 1.000000000
96.795031548 -9.111367633 16.205672686 0.000000000 0.000000000 0.000000000 0.000000000 1.000000000
96.994721174 -9.375070668 16.783127623 0.000000000 0.000000000 0.000000000 0.000000000 1.000000000
97.195016384 -9.648607735 17.381916191 0.000000000 0.000000000 0.000000000 0.000000000 1.000000000
97.395384550 -9.930613467 18.007679120 0.000000000 0.000000000 0.000000000 0.000000000 1.000000000
97.595608950 -10.222902066 18.657892033 0.000000000 0.000000000 0.000000000 0.000000000 1.000000000
97.795271635 -10.522684931 19.328791575 0.000000000 0.000000000 0.000000000 0.000000000 1.000000000
97.995610237 -10.833151652 20.024146552 0.000000000 0.000000000 0.000000000 0.000000000 1.000000000
98.195257425 -11.145832074 20.738179398 0.000000000 0.000000000 0.000000000 0.000000000 1.000000000
98.395401239 -11.475411605 21.476805500 0.000000000 0.000000000 0.000000000 0.000000000 1.000000000
98.595074654 -11.801053569 22.229816223 0.000000000 0.000000000 0.000000000 0.000000000 1.000000000
98.795056820 -12.131643602 22.999226398 0.000000000 0.000000000 0.000000000 0.000000000 1.000000000
98.995259285 -12.470632404 23.782224247 0.000000000 0.000000000 0.000000000 0.000000000 1.000000000
99.194973946 -12.810039092 24.565978878 0.000000000 0.000000000 0.000000000 0.000000000 1.000000000
99.394814968 -13.149130970 25.363550839 0.000000000 0.000000000 0.000000000 0.000000000 1.000000000
99.595794916 -13.487875973 26.146908012 0.000000000 0.000000000 0.000000000 0.000000000 1.000000000
99.795019150 -13.829541132 26.927056851 0.000000000 0.000000000 0.000000000 0.000000000 1.000000000
99.995929956 -14.169618641 27.698486671 0.000000000 0.000000000 0.000000000 0.000000000 1.000000000
100.195740223 -14.508180790 28.464990126 0.000000000 0.000000000 0.000000000 0.000000000 1.000000000
100.395910740 -14.845815798 29.224164463 0.000000000 0.000000000 0.000000000 0.000000000 1.000000000
100.594979286 -15.181446629 29.977754975 0.000000000 0.000000000 0.000000000 0.000000000 1.000000000
100.795337915 -15.507304657 30.723157176 0.000000000 0.000000000 0.000000000 0.000000000 1.000000000
100.995629549 -15.836313856 31.473066879 0.000000000 0.000000000 0.000000000 0.000000000 1.000000000
101.195084810 -16.161951028 32.216457171 0.000000000 0.000000000 0.000000000 0.000000000 1.000000000
101.395162821 -16.487636205 32.957143783 0.000000000 0.000000000 0.000000000 0.000000000 1.000000000
101.594928265 -16.808187706 33.693274021 0.000000000 0.000000000 0.000000000 0.000000000 1.000000000
101.795189142 -17.132698671 34.427551434 0.000000000 0.000000000 0.000000000 0.000000000 1.000000000
101.995499611 -17.457677725 35.159092270 0.000000000 0.000000000 0.000000000 0.000000000 1.000000000
102.195640564 -17.776740781 35.888584525 0.000000000 0.000000000 0.000000000 0.000000000 1.000000000
102.395391226 -18.097721954 36.615352211 0.000000000 0.000000000 0.000000000 0.000000000 1.000000000
102.594662189 -18.417872392 37.342505364 0.000000000 0.000000000 0.000000000 0.000000000 1.000000000
102.795084715 -18.737081061 38.064586089 0.000000000 0.000000000 0.000000000 0.000000000 1.000000000
102.994725466 -19.060295376 38.795031245 0.000000000 0.000000000 0.000000000 0.000000000 1.000000000
103.194930315 -19.378642309 39.514395460 0.000000000 0.000000000 0.000000000 0.000000000 1.000000000
103.394952536 -19.701446978 40.241283407 0.000000000 0.000000000 0.000000000 0.000000000 1.000000000
103.594576836 -20.024843428 40.966771211 0.000000000 0.000000000 0.000000000 0.000000000 1.000000000
103.795698404 -20.347764163 41.694411823 0.000000000 0.000000000 0.000000000 0.000000000 1.000000000
103.994654417 -20.669603122 42.423557886 0.000000000 0.000000000 0.000000000 0.000000000 1.000000000
104.194777489 -20.987923291 43.143096310 0.000000000 0.000000000 0.000000000 0.000000000 1.000000000
104.395009756 -21.309654098 43.865485634 0.000000000 0.000000000 0.000000000 0.000000000 1.000000000
104.595101833 -21.632320469 44.585673024 0.000000000 0.000000000 0.000000000 0.000000000 1.000000000
104.795366049 -21.951737070 45.309971794 0.000000000 0.000000000 0.000000000 0.000000000 1.000000000
104.994745255 -22.274505015 46.031300074 0.000000000 0.000000000 0.000000000 0.000000000 1.000000000
105.195536137 -22.594984490 46.755741294 0.000000000 0.000000000 0.000000000 0.000000000 1.000000000
105.395390511 -22.919184034 47.480039887 0.000000000 0.000000000 0.000000000 0.000000000 1.000000000
105.594958067 -23.241333886 48.207186408 0.000000000 0.000000000 0.000000000 0.000000000 1.000000000
105.795538902 -23.559271819 48.934031307 0.000000000 0.000000000 0.000000000 0.000000000 1.000000000
105.994781733 -23.880629933 49.665448818 0.000000000 0.000000000 0.000000000 0.000000000 1.000000000
106.194863558 -24.200938952 50.397108157 0.000000000 0.000000000 0.000000000 0.000000000 1.000000000
106.395643234 -24.520535122 51.129881474 0.000000000 0.000000000 0.000000000 0.000000000 1.000000000
106.595064878 -24.841612646 51.861682061 0.000000000 0.000000000 0.000000000 0.000000000 1.000000000
106.794932365 -25.161415738 52.596263614 0.000000000 0.000000000 0.000000000 0.000000000 1.000000000
106.994910479 -25.485739958 53.328612417 0.000000000 0.000000000 0.000000000 0.000000000 1.000000000
107.195560455 -25.809565209 54.055706399 0.000000000 0.000000000 0.000000000 0.000000000 1.000000000
107.394719124 -26.132555263 54.785300203 0.000000000 0.000000000 0.000000000 0.000000000 1.000000000
107.594838858 -26.459538115 55.512135609 0.000000000 0.000000000 0.000000000 0.000000000 1.000000000
107.795376062 -26.776445954 56.246790098 0.000000000 0.000000000 0.000000000 0.000000000 1.000000000
107.994856119 -27.100733845 56.976876077 0.000000000 0.000000000 0.000000000 0.000000000 1.000000000
108.195289612 -27.420957719 57.704638005 0.000000000 0.000000000 0.000000000 0.000000000 1.000000000
108.395224094 -27.744742253 58.439083208 0.000000000 0.000000000 0.000000000 0.000000000 1.000000000
108.595497131 -28.066302992 59.165131050 0.000000000 0.000000000 0.000000000 0.000000000 1.000000000
108.795107365 -28.392881053 59.899929870 0.000000000 0.000000000 0.000000000 0.000000000 1.000000000
108.995543957 -28.716211519 60.632069449 0.000000000 0.000000000 0.000000000 0.000000000 1.000000000
109.195381165 -29.036533571 61.365055740 0.000000000 0.000000000 0.000000000 0.000000000 1.000000000
109.395131588 -29.365068386 62.094567327 0.000000000 0.000000000 0.000000000 0.000000000 1.000000000
109.595297337 -29.687139045 62.824307259 0.000000000 0.000000000 0.000000000 0.000000000 1.000000000
109.795530558 -30.006525453 63.548838953 0.000000000 0.000000000 0.000000000 0.000000000 1.000000000
109.995486021 -30.331642887 64.277095123 0.000000000 0.000000000 0.000000000 0.000000000 1.000000000
110.194801569 -30.656169842 65.005602659 0.000000000 0.000000000 0.000000000 0.000000000 1.000000000
110.395383596 -30.981716307 65.734628485 0.000000000 0.000000000 0.000000000 0.000000000 1.000000000
110.594816446 -31.302805973 66.465294007 0.000000000 0.000000000 0.000000000 0.000000000 1.000000000
110.795175076 -31.629137391 67.194035791 0.000000000 0.000000000 0.000000000 0.000000000 1.000000000
110.995603085 -31.954163922 67.918722427 0.000000000 0.000000000 0.000000000 0.000000000 1.000000000
111.195101976 -32.278867111 68.651845518 0.000000000 0.000000000 0.000000000 0.000000000 1.000000000
111.394829273 -32.601510635 69.376704645 0.000000000 0.000000000 0.000000000 0.000000000 1.000000000
111.594715595 -32.911389810 70.106281092 0.000000000 0.000000000 0.000000000 0.000000000 1.000000000
111.794885159 -33.233037771 70.834555310 0.000000000 0.000000000 0.000000000 0.000000000 1.000000000
111.995512009 -33.554337658 71.560041717 0.000000000 0.000000000 0.000000000 0.000000000 1.000000000
112.195656061 -33.871455907 72.285304305 0.000000000 0.000000000 0.000000000 0.000000000 1.000000000
112.395194530 -34.192458095 73.015295741 0.000000000 0.000000000 0.000000000 0.000000000 1.000000000
112.595263720 -34.511936020 73.742024081 0.000000000 0.000000000 0.000000000 0.000000000 1.000000000
112.795123100 -34.832926667 74.470235763 0.000000000 0.000000000 0.000000000 0.000000000 1.000000000
112.994732857 -35.156226236 75.200607737 0.000000000 0.000000000 0.000000000 0.000000000 1.000000000
113.195588827 -35.475743741 75.926887319 0.000000000 0.000000000 0.000000000 0.000000000 1.000000000
113.394802094 -35.792480482 76.659771257 0.000000000 0.000000000 0.000000000 0.000000000 1.000000000
113.594624519 -36.115812681 77.393738837 0.000000000 0.000000000 0.000000000 0.000000000 1.000000000
113.795453072 -36.440993641 78.128744476 0.000000000 0.000000000 0.000000000 0.000000000 1.000000000
113.994790554 -36.761693250 78.862202024 0.000000000 0.000000000 0.000000000 0.000000000 1.000000000
114.194684267 -37.083539516 79.592711631 0.000000000 0.000000000 0.000000000 0.000000000 1.000000000
114.394573450 -37.406112884 80.322802939 0.000000000 0.000000000 0.000000000 0.000000000 1.000000000
114.594825745 -37.733036838 81.051677957 0.000000000 0.000000000 0.000000000 0.000000000 1.000000000
114.794996500 -38.054098230 81.779713489 0.000000000 0.000000000 0.000000000 0.000000000 1.000000000
114.994951725 -38.381613131 82.512521870 0.000000000 0.000000000 0.000000000 0.000000000 1.000000000
115.194871426 -38.700157664 83.241302332 0.000000000 0.000000000 0.000000000 0.000000000 1.000000000
115.394913197 -39.023779541 83.968235267 0.000000000 0.000000000 0.000000000 0.000000000 1.000000000
115.594596148 -39.346050931 84.701099701 0.000000000 0.000000000 0.000000000 0.000000000 1.000000000
115.795226336 -39.659820652 85.434719898 0.000000000 0.000000000 0.000000000 0.000000000 1.000000000
115.995020866 -39.983466750 86.159039000 0.000000000 0.000000000 0.000000000 0.000000000 1.000000000
116.195062399 -40.298916998 86.888141530 0.000000000 0.000000000 0.000000000 0.000000000 1.000000000
116.395193338 -40.619871151 87.615041598 0.000000000 0.000000000 0.000000000 0.000000000 1.000000000
116.594796658 -40.935308936 88.340133471 0.000000000 0.000000000 0.000000000 0.000000000 1.000000000
116.795390844 -41.254380397 89.069017413 0.000000000 0.000000000 0.000000000 0.000000000 1.000000000
116.995508909 -41.575738471 89.795921267 0.000000000 0.000000000 0.000000000 0.000000000 1.000000000
117.195285320 -41.898124489 90.523673378 0.000000000 0.000000000 0.000000000 0.000000000 1.000000000
117.394537210 -42.218807656 91.249170592 0.000000000 0.000000000 0.000000000 0.000000000 1.000000000
117.594709158 -42.538843717 91.980575482 0.000000000 0.000000000 0.000000000 0.000000000 1.000000000
117.794530392 -42.860408751 92.714454771 0.000000000 0.000000000 0.000000000 0.000000000 1.000000000
117.995231152 -43.177348272 93.446929902 0.000000000 0.000000000 0.000000000 0.000000000 1.000000000
118.195061207 -43.497573443 94.179880727 0.000000000 0.000000000 0.000000000 0.000000000 1.000000000
118.395464420 -43.824689121 94.917218889 0.000000000 0.000000000 0.000000000 0.000000000 1.000000000
118.595188379 -44.151367586 95.651773374 0.000000000 0.000000000 0.000000000 0.000000000 1.000000000
118.794889927 -44.477138115 96.387048079 0.000000000 0.000000000 0.000000000 0.000000000 1.000000000
118.995252848 -44.800851318 97.124124902 0.000000000 0.000000000 0.000000000 0.000000000 1.000000000
119.195532322 -45.124682028 97.862790905 0.000000000 0.000000000 0.000000000 0.000000000 1.000000000
119.394758940 -45.443348127 98.596112272 0.000000000 0.000000000 0.000000000 0.000000000 1.000000000
119.595318556 -45.768992099 99.328594475 0.000000000 0.000000000 0.000000000 0.000000000 1.000000000
119.794689178 -46.091754988 100.061229253 0.000000000 0.000000000 0.000000000 0.000000000 1.000000000
119.995383978 -46.414044857 100.792718189 0.000000000 0.000000000 0.000000000 0.000000000 1.000000000
120.194147348 -46.736130005 101.521778798 0.000000000 0.000000000 0.000000000 0.000000000 1.000000000
120.393770933 -47.060936956 102.250284811 0.000000000 0.000000000 0.000000000 0.000000000 1.000000000
120.595224380 -47.379939500 102.977305680 0.000000000 0.000000000 0.000000000 0.000000000 1.000000000
120.794249773 -47.701010592 103.707605449 0.000000000 0.000000000 0.000000000 0.000000000 1.000000000
120.995050669 -48.021124629 104.434105244 0.000000000 0.000000000 0.000000000 0.000000000 1.000000000
121.193673611 -48.349337637 105.161601037 0.000000000 0.000000000 0.000000000 0.000000000 1.000000000
121.394081593 -48.671049063 105.885559648 0.000000000 0.000000000 0.000000000 0.000000000 1.000000000
121.594294548 -48.998464595 106.613632874 0.000000000 0.000000000 0.000000000 0.000000000 1.000000000
121.794052124 -49.317678409 107.339693608 0.000000000 0.000000000 0.000000000 0.000000000 1.000000000
121.994379759 -49.638362207 108.059571213 0.000000000 0.000000000 0.000000000 0.000000000 1.000000000
122.193524361 -49.955204813 108.780874561 0.000000000 0.000000000 0.000000000 0.000000000 1.000000000
122.393865824 -50.276804366 109.498254885 0.000000000 0.000000000 0.000000000 0.000000000 1.000000000
122.594166517 -50.592904606 110.224820833 0.000000000 0.000000000 0.000000000 0.000000000 1.000000000
122.794071198 -50.909445997 110.950899909 0.000000000 0.000000000 0.000000000 0.000000000 1.000000000
122.994349957 -51.226416732 111.672971278 0.000000000 0.000000000 0.000000000 0.000000000 1.000000000
123.193645477 -51.554398740 112.390835352 0.000000000 0.000000000 0.000000000 0.000000000 1.000000000
123.393759727 -51.882564755 113.108987442 0.000000000 0.000000000 0.000000000 0.000000000 1.000000000
123.594347239 -52.213547215 113.834965589 0.000000000 0.000000000 0.000000000 0.000000000 1.000000000
123.793721437 -52.549076964 114.561612030 0.000000000 0.000000000 0.000000000 0.000000000 1.000000000
123.993663549 -52.877897849 115.285809581 0.000000000 0.000000000 0.000000000 0.000000000 1.000000000
124.194516420 -53.199921610 116.008594212 0.000000000 0.000000000 0.000000000 0.000000000 1.000000000
124.394416332 -53.515920408 116.734327386 0.000000000 0.000000000 0.000000000 0.000000000 1.000000000
124.594258070 -53.827642907 117.465797464 0.000000000 0.000000000 0.000000000 0.000000000 1.000000000
124.794136524 -54.139691858 118.189667914 0.000000000 0.000000000 0.000000000 0.000000000 1.000000000
124.993600130 -54.457821845 118.917835798 0.000000000 0.000000000 0.000000000 0.000000000 1.000000000
125.194162130 -54.773983465 119.645225736 0.000000000 0.000000000 0.000000000 0.000000000 1.000000000
125.394314051 -55.097925019 120.371527984 0.000000000 0.000000000 0.000000000 0.000000000 1.000000000
125.593612432 -55.420440336 121.103133264 0.000000000 0.000000000 0.000000000 0.000000000 1.000000000
125.793704510 -55.742124325 121.834345290 0.000000000 0.000000000 0.000000000 0.000000000 1.000000000
125.994246244 -56.065737962 122.561645308 0.000000000 0.000000000 0.000000000 0.000000000 1.000000000
126.193614006 -56.389390682 123.294415498 0.000000000 0.000000000 0.000000000 0.000000000 1.000000000
126.394039392 -56.711903782 124.030241904 0.000000000 0.000000000 0.000000000 0.000000000 1.000000000
126.594159603 -57.036037062 124.761817784 0.000000000 0.000000000 0.000000000 0.000000000 1.000000000
126.794242144 -57.358093709 125.497637304 0.000000000 0.000000000 0.000000000 0.000000000 1.000000000
126.994096518 -57.677259819 126.241481049 0.000000000 0.000000000 0.000000000 0.000000000 1.000000000
127.194455385 -57.998426668 126.982822282 0.000000000 0.000000000 0.000000000 0.000000000 1.000000000
127.394005299 -58.319596124 127.722298338 0.000000000 0.000000000 0.000000000 0.000000000 1.000000000
127.593678951 -58.637178064 128.469182406 0.000000000 0.000000000 0.000000000 0.000000000 1.000000000
127.793965578 -58.960519109 129.208456080 0.000000000 0.000000000 0.000000000 0.000000000 1.000000000
127.994552135 -59.280536018 129.946364616 0.000000000 0.000000000 0.000000000 0.000000000 1.000000000
128.193521023 -59.603067795 130.680795544 0.000000000 0.000000000 0.000000000 0.000000000 1.000000000
128.394131899 -59.925796106 131.417184340 0.000000000 0.000000000 0.000000000 0.000000000 1.000000000
128.593832493 -60.247393962 132.158425304 0.000000000 0.000000000 0.000000000 0.000000000 1.000000000
128.794217110 -60.571076379 132.897835323 0.000000000 0.000000000 0.000000000 0.000000000 1.000000000
128.994623184 -60.895252148 133.635011668 0.000000000 0.000000000 0.000000000 0.000000000 1.000000000
129.193631172 -61.217900296 134.368224111 0.000000000 0.000000000 0.000000000 0.000000000 1.000000000
129.393856764 -61.539928246 135.101210346 0.000000000 0.000000000 0.000000000 0.000000000 1.000000000
129.594229937 -61.860784756 135.835976767 0.000000000 0.000000000 0.000000000 0.000000000 1.000000000
129.794019461 -62.182622946 136.568316219 0.000000000 0.000000000 0.000000000 0.000000000 1.000000000
129.993477345 -62.502162763 137.301204678 0.000000000 0.000000000 0.000000000 0.000000000 1.000000000
130.193541288 -62.816244050 138.041827504 0.000000000 0.000000000 0.000000000 0.000000000 1.000000000
130.393852949 -63.127227015 138.775079783 0.000000000 0.000000000 0.000000000 0.000000000 1.000000000
130.594000340 -63.444671475 139.507533961 0.000000000 0.000000000 0.000000000 0.000000000 1.000000000
130.793607712 -63.759277624 140.244375706 0.000000000 0.000000000 0.000000000 0.000000000 1.000000000
130.994004726 -64.073085369 140.983653510 0.000000000 0.000000000 0.000000000 0.000000000 1.000000000
131.193539381 -64.392256698 141.713408827 0.000000000 0.000000000 0.000000000 0.000000000 1.000000000
131.393471241 -64.713630985 142.448482748 0.000000000 0.000000000 0.000000000 0.000000000 1.000000000
131.594365358 -65.034846361 143.174435036 0.000000000 0.000000000 0.000000000 0.000000000 1.000000000
131.794330359 -65.360010621 143.902253295 0.000000000 0.000000000 0.000000000 0.000000000 1.000000000
131.994068384 -65.678256049 144.632917861 0.000000000 0.000000000 0.000000000 0.000000000 1.000000000
132.194060326 -66.001027823 145.361649772 0.000000000 0.000000000 0.000000000 0.000000000 1.000000000
132.394270897 -66.322336555 146.085602468 0.000000000 0.000000000 0.000000000 0.000000000 1.000000000
132.593478918 -66.644041321 146.812263799 0.000000000 0.000000000 0.000000000 0.000000000 1.000000000
132.794356108 -66.963668972 147.539782980 0.000000000 0.000000000 0.000000000 0.000000000 1.000000000
132.994452477 -67.286232924 148.274344920 0.000000000 0.000000000 0.000000000 0.000000000 1.000000000
133.193807125 -67.610900107 148.997737201 0.000000000 0.000000000 0.000000000 0.000000000 1.000000000
133.393865585 -67.937124008 149.719986230 0.000000000 0.000000000 0.000000000 0.000000000 1.000000000
133.594384909 -68.265395701 150.449608603 0.000000000 0.000000000 0.000000000 0.000000000 1.000000000
133.793447971 -68.597389967 151.177308081 0.000000000 0.000000000 0.000000000 0.000000000 1.000000000
133.993431568 -68.924167625 151.909162464 0.000000000 0.000000000 0.000000000 0.000000000 1.000000000
134.193902493 -69.252934409 152.633698484 0.000000000 0.000000000 0.000000000 0.000000000 1.000000000
134.394119740 -69.579032255 153.361310987 0.000000000 0.000000000 0.000000000 0.000000000 1.000000000
134.593308449 -69.904338700 154.084415232 0.000000000 0.000000000 0.000000000 0.000000000 1.000000000
134.793653727 -70.227928421 154.814331922 0.000000000 0.000000000 0.000000000 0.000000000 1.000000000
134.993349552 -70.552030557 155.538391590 0.000000000 0.000000000 0.000000000 0.000000000 1.000000000
135.194183350 -70.875980145 156.261325395 0.000000000 0.000000000 0.000000000 0.000000000 1.000000000
135.393901348 -71.201633708 156.986756851 0.000000000 0.000000000 0.000000000 0.000000000 1.000000000
135.593969584 -71.517534119 157.706071715 0.000000000 0.000000000 0.000000000 0.000000000 1.000000000
135.793656588 -71.842964099 158.437171865 0.000000000 0.000000000 0.000000000 0.000000000 1.000000000
135.993416548 -72.167711626 159.168416464 0.000000000 0.000000000 0.000000000 0.000000000 1.000000000
136.193943739 -72.491706284 159.897126752 0.000000000 0.000000000 0.000000000 0.000000000 1.000000000
136.393700361 -72.813588860 160.626796674 0.000000000 0.000000000 0.000000000 0.000000000 1.000000000
136.593439579 -73.142039256 161.357262420 0.000000000 0.000000000 0.000000000 0.000000000 1.000000000
136.793653727 -73.470509599 162.083870738 0.000000000 0.000000000 0.000000000 0.000000000 1.000000000
136.993881464 -73.790888722 162.816474985 0.000000000 0.000000000 0.000000000 0.000000000 1.000000000
137.194021463 -74.107292655 163.551696770 0.000000000 0.000000000 0.000000000 0.000000000 1.000000000
137.393907547 -74.431958088 164.286612916 0.000000000 0.000000000 0.000000000 0.000000000 1.000000000
137.594202757 -74.749964925 165.024050736 0.000000000 0.000000000 0.000000000 0.000000000 1.000000000
137.794234753 -75.068986042 165.756949535 0.000000000 0.000000000 0.000000000 0.000000000 1.000000000
137.993635654 -75.387462428 166.491210829 0.000000000 0.000000000 0.000000000 0.000000000 1.000000000
138.193601608 -75.706556800 167.224641118 0.000000000 0.000000000 0.000000000 0.000000000 1.000000000
138.393790960 -76.025042556 167.962104547 0.000000000 0.000000000 0.000000000 0.000000000 1.000000000
138.593445301 -76.346859393 168.698078530 0.000000000 0.000000000 0.000000000 0.000000000 1.000000000
138.793927670 -76.671779447 169.433731454 0.000000000 0.000000000 0.000000000 0.000000000 1.000000000
138.994032860 -76.993045074 170.169044346 0.000000000 0.000000000 0.000000000 0.000000000 1.000000000
139.193984747 -77.315922252 170.904163815 0.000000000 0.000000000 0.000000000 0.000000000 1.000000000
139.393837452 -77.636630363 171.642096333 0.000000000 0.000000000 0.000000000 0.000000000 1.000000000
139.594260454 -77.959999307 172.375045929 0.000000000 0.000000000 0.000000000 0.000000000 1.000000000
139.793404341 -78.285882643 173.102200082 0.000000000 0.000000000 0.000000000 0.000000000 1.000000000
139.994195938 -78.608026624 173.833080159 0.000000000 0.000000000 0.000000000 0.000000000 1.000000000
140.193502426 -78.933153471 174.563817643 0.000000000 0.000000000 0.000000000 0.000000000 1.000000000
140.394124746 -79.257100279 175.292564515 0.000000000 0.000000000 0.000000000 0.000000000 1.000000000
140.593542814 -79.578806063 176.017789550 0.000000000 0.000000000 0.000000000 0.000000000 1.000000000
140.793796778 -79.898412607 176.743065510 0.000000000 0.000000000 0.000000000 0.000000000 1.000000000
140.993441343 -80.215778552 177.472450832 0.000000000 0.000000000 0.000000000 0.000000000 1.000000000
141.194323540 -80.534487987 178.194699058 0.000000000 0.000000000 0.000000000 0.000000000 1.000000000
141.393640518 -80.850254269 178.921521434 0.000000000 0.000000000 0.000000000 0.000000000 1.000000000
141.593456507 -81.165625354 179.647350750 0.000000000 0.000000000 0.000000000 0.000000000 1.000000000
141.793671131 -81.482083925 180.374228123 0.000000000 0.000000000 0.000000000 0.000000000 1.000000000
141.993614912 -81.800182574 181.102327938 0.000000000 0.000000000 0.000000000 0.000000000 1.000000000
142.193714857 -82.122276660 181.827191426 0.000000000 0.000000000 0.000000000 0.000000000 1.000000000
142.393505335 -82.444475563 182.554960725 0.000000000 0.000000000 0.000000000 0.000000000 1.000000000
142.593412876 -82.764462749 183.277112490 0.000000000 0.000000000 0.000000000 0.000000000 1.000000000
142.794060469 -83.085430719 184.004595021 0.000000000 0.000000000 0.000000000 0.000000000 1.000000000
142.993970394 -83.408005594 184.729774869 0.000000000 0.000000000 0.000000000 0.000000000 1.000000000
143.194114923 -83.730114694 185.459457249 0.000000000 0.000000000 0.000000000 0.000000000 1.000000000
143.393460751 -84.055183618 186.186463587 0.000000000 0.000000000 0.000000000 0.000000000 1.000000000
143.593506813 -84.380126733 186.915770101 0.000000000 0.000000000 0.000000000 0.000000000 1.000000000
143.793388844 -84.710413812 187.646087004 0.000000000 0.000000000 0.000000000 0.000000000 1.000000000
143.993849516 -85.039973639 188.376230979 0.000000000 0.000000000 0.000000000 0.000000000 1.000000000
144.193602085 -85.367709183 189.106204879 0.000000000 0.000000000 0.000000000 0.000000000 1.000000000
144.394348145 -85.694644211 189.831915395 0.000000000 0.000000000 0.000000000 0.000000000 1.000000000
144.594112396 -86.021067377 190.560145223 0.000000000 0.000000000 0.000000000 0.000000000 1.000000000
144.794238091 -86.350606526 191.287540689 0.000000000 0.000000000 0.000000000 0.000000000 1.000000000
144.993489742 -86.675766109 192.017278673 0.000000000 0.000000000 0.000000000 0.000000000 1.000000000
145.194004536 -87.001300215 192.750726935 0.000000000 0.000000000 0.000000000 0.000000000 1.000000000
145.393928528 -87.325691324 193.477891810 0.000000000 0.000000000 0.000000000 0.000000000 1.000000000
145.593427896 -87.647639492 194.210333621 0.000000000 0.000000000 0.000000000 0.000000000 1.000000000
145.793346643 -87.967277901 194.942301675 0.000000000 0.000000000 0.000000000 0.000000000 1.000000000
145.994086027 -88.289004504 195.676138788 0.000000000 0.000000000 0.000000000 0.000000000 1.000000000
146.194165945 -88.612027750 196.402344079 0.000000000 0.000000000 0.000000000 0.000000000 1.000000000
146.393579960 -88.934049145 197.132247950 0.000000000 0.000000000 0.000000000 0.000000000 1.000000000
146.594248533 -89.256228238 197.861176104 0.000000000 0.000000000 0.000000000 0.000000000 1.000000000
146.794042826 -89.582585133 198.590702021 0.000000000 0.000000000 0.000000000 0.000000000 1.000000000
146.993435144 -89.903777753 199.316422100 0.000000000 0.000000000 0.000000000 0.000000000 1.000000000
147.193482637 -90.230575836 200.044524128 0.000000000 0.000000000 0.000000000 0.000000000 1.000000000
147.394346952 -90.558315254 200.776873286 0.000000000 0.000000000 0.000000000 0.000000000 1.000000000
147.593510151 -90.885640017 201.503876948 0.000000000 0.000000000 0.000000000 0.000000000 1.000000000
147.793703079 -91.207226036 202.231058387 0.000000000 0.000000000 0.000000000 0.000000000 1.000000000
147.992877960 -91.528249693 202.963791778 0.000000000 0.000000000 0.000000000 0.000000000 1.000000000
148.193497658 -91.848478542 203.692219649 0.000000000 0.000000000 0.000000000 0.000000000 1.000000000
148.392670393 -92.161645254 204.426862944 0.000000000 0.000000000 0.000000000 0.000000000 1.000000000
148.592828989 -92.468724026 205.161777033 0.000000000 0.000000000 0.000000000 0.000000000 1.000000000
148.792810440 -92.771504137 205.900386245 0.000000000 0.000000000 0.000000000 0.000000000 1.000000000
148.992371082 -93.065285178 206.637631539 0.000000000 0.000000000 0.000000000 0.000000000 1.000000000
149.192642450 -93.348148217 207.376989001 0.000000000 0.000000000 0.000000000 0.000000000 1.000000000
149.393022060 -93.627669752 208.121911715 0.000000000 0.000000000 0.000000000 0.000000000 1.000000000
149.593312740 -93.894229282 208.863983271 0.000000000 0.000000000 0.000000000 0.000000000 1.000000000
149.792989016 -94.151835900 209.618888276 0.000000000 0.000000000 0.000000000 0.000000000 1.000000000
149.992876530 -94.392652207 210.376539990 0.000000000 0.000000000 0.000000000 0.000000000 1.000000000
150.192732334 -94.622230076 211.136048887 0.000000000 0.000000000 0.000000000 0.000000000 1.000000000
150.393011332 -94.834819061 211.905227738 0.000000000 0.000000000 0.000000000 0.000000000 1.000000000
150.592732906 -95.030111830 212.677640467 0.000000000 0.000000000 0.000000000 0.000000000 1.000000000
150.793228149 -95.211958635 213.453376722 0.000000000 0.000000000 0.000000000 0.000000000 1.000000000
150.992856503 -95.377764499 214.230041861 0.000000000 0.000000000 0.000000000 0.000000000 1.000000000
151.192470789 -95.529631419 215.010333503 0.000000000 0.000000000 0.000000000 0.000000000 1.000000000
151.392862558 -95.666069726 215.791568295 0.000000000 0.000000000 0.000000000 0.000000000 1.000000000
151.592494726 -95.780255482 216.577393015 0.000000000 0.000000000 0.000000000 0.000000000 1.000000000
151.793036461 -95.878871357 217.364229322 0.000000000 0.000000000 0.000000000 0.000000000 1.000000000
151.993380070 -95.960018202 218.148574873 0.000000000 0.000000000 0.000000000 0.000000000 1.000000000
152.193484068 -96.019610482 218.941831657 0.000000000 0.000000000 0.000000000 0.000000000 1.000000000
152.393141270 -96.060961099 219.738867845 0.000000000 0.000000000 0.000000000 0.000000000 1.000000000
152.592790365 -96.077361017 220.532974275 0.000000000 0.000000000 0.000000000 0.000000000 1.000000000
152.793077230 -96.073430414 221.330180801 0.000000000 0.000000000 0.000000000 0.000000000 1.000000000
152.992676020 -96.049238935 222.123833196 0.000000000 0.000000000 0.000000000 0.000000000 1.000000000
153.192508936 -96.005789010 222.918731160 0.000000000 0.000000000 0.000000000 0.000000000 1.000000000
153.393104792 -95.938281634 223.717317489 0.000000000 0.000000000 0.000000000 0.000000000 1.000000000
153.592936039 -95.855961355 224.511913294 0.000000000 0.000000000 0.000000000 0.000000000 1.000000000
153.792403936 -95.755583555 225.308948012 0.000000000 0.000000000 0.000000000 0.000000000 1.000000000
153.992289305 -95.634623905 226.100865938 0.000000000 0.000000000 0.000000000 0.000000000 1.000000000
154.192896128 -95.493654846 226.887029449 0.000000000 0.000000000 0.000000000 0.000000000 1.000000000
154.392316103 -95.335167403 227.670872827 0.000000000 0.000000000 0.000000000 0.000000000 1.000000000
154.593322754 -95.156051349 228.450078875 0.000000000 0.000000000 0.000000000 0.000000000 1.000000000
154.792759180 -94.956585127 229.221952135 0.000000000 0.000000000 0.000000000 0.000000000 1.000000000
154.993259907 -94.737445022 229.990031210 0.000000000 0.000000000 0.000000000 0.000000000 1.000000000
155.193112373 -94.504212874 230.749472464 0.000000000 0.000000000 0.000000000 0.000000000 1.000000000
155.392431498 -94.248528374 231.505787725 0.000000000 0.000000000 0.000000000 0.000000000 1.000000000
155.592779160 -93.975752345 232.257419015 0.000000000 0.000000000 0.000000000 0.000000000 1.000000000
155.792434931 -93.688123280 233.001745678 0.000000000 0.000000000 0.000000000 0.000000000 1.000000000
155.992798090 -93.381270767 233.739080548 0.000000000 0.000000000 0.000000000 0.000000000 1.000000000
156.193170071 -93.064643678 234.470339410 0.000000000 0.000000000 0.000000000 0.000000000 1.000000000
156.393235922 -92.730932875 235.190187328 0.000000000 0.000000000 0.000000000 0.000000000 1.000000000
156.592198849 -92.381201742 235.909988760 0.000000000 0.000000000 0.000000000 0.000000000 1.000000000
156.792739391 -92.011635637 236.605713158 0.000000000 0.000000000 0.000000000 0.000000000 1.000000000
156.992593288 -91.627498202 237.304747463 0.000000000 0.000000000 0.000000000 0.000000000 1.000000000
157.192874670 -91.229574904 237.990107416 0.000000000 0.000000000 0.000000000 0.000000000 1.000000000
157.392488956 -90.813827185 238.665210369 0.000000000 0.000000000 0.000000000 0.000000000 1.000000000
157.593019724 -90.378529242 239.329429244 0.000000000 0.000000000 0.000000000 0.000000000 1.000000000
157.792870998 -89.930693742 239.985107536 0.000000000 0.000000000 0.000000000 0.000000000 1.000000000
157.992466450 -89.463974708 240.626116909 0.000000000 0.000000000 0.000000000 0.000000000 1.000000000
158.192919493 -88.982262066 241.257274461 0.000000000 0.000000000 0.000000000 0.000000000 1.000000000
158.392366409 -88.484018201 241.872130760 0.000000000 0.000000000 0.000000000 0.000000000 1.000000000
158.592887640 -87.966713127 242.478317709 0.000000000 0.000000000 0.000000000 0.000000000 1.000000000
158.792325497 -87.435851149 243.077429571 0.000000000 0.000000000 0.000000000 0.000000000 1.000000000
158.992941141 -86.894153522 243.656160646 0.000000000 0.000000000 0.000000000 0.000000000 1.000000000
159.193189383 -86.336603781 244.228552014 0.000000000 0.000000000 0.000000000 0.000000000 1.000000000
159.392623663 -85.766494323 244.784150354 0.000000000 0.000000000 0.000000000 0.000000000 1.000000000
159.593101978 -85.185571443 245.329421538 0.000000000 0.000000000 0.000000000 0.000000000 1.000000000
159.792790651 -84.586145219 245.856902524 0.000000000 0.000000000 0.000000000 0.000000000 1.000000000
159.992879391 -83.975200880 246.370309331 0.000000000 0.000000000 0.000000000 0.000000000 1.000000000
160.192822695 -83.350671987 246.875264961 0.000000000 0.000000000 0.000000000 0.000000000 1.000000000
160.392285109 -82.713262084 247.367837541 0.000000000 0.000000000 0.000000000 0.000000000 1.000000000
160.592321157 -82.067337639 247.845801543 0.000000000 0.000000000 0.000000000 0.000000000 1.000000000
160.792799711 -81.412655473 248.306677883 0.000000000 0.000000000 0.000000000 0.000000000 1.000000000
160.992696524 -80.749557342 248.751155708 0.000000000 0.000000000 0.000000000 0.000000000 1.000000000
161.192610741 -80.076941195 249.186578892 0.000000000 0.000000000 0.000000000 0.000000000 1.000000000
161.392952681 -79.396850710 249.615013835 0.000000000 0.000000000 0.000000000 0.000000000 1.000000000
161.593011141 -78.708599307 250.020324230 0.000000000 0.000000000 0.000000000 0.000000000 1.000000000
161.792929173 -78.015298789 250.417088125 0.000000000 0.000000000 0.000000000 0.000000000 1.000000000
161.992757320 -77.310847339 250.805841270 0.000000000 0.000000000 0.000000000 0.000000000 1.000000000
162.193208933 -76.607802656 251.180906300 0.000000000 0.000000000 0.000000000 0.000000000 1.000000000
162.392408133 -75.896135367 251.547644371 0.000000000 0.000000000 0.000000000 0.000000000 1.000000000
162.592717648 -75.180123488 251.905521296 0.000000000 0.000000000 0.000000000 0.000000000 1.000000000
162.792236567 -74.463670868 252.255094751 0.000000000 0.000000000 0.000000000 0.000000000 1.000000000
162.992641687 -73.741240992 252.591347782 0.000000000 0.000000000 0.000000000 0.000000000 1.000000000
163.192436457 -73.015848746 252.920874485 0.000000000 0.000000000 0.000000000 0.000000000 1.000000000
163.392730951 -72.291229551 253.243906550 0.000000000 0.000000000 0.000000000 0.000000000 1.000000000
163.592416048 -71.560650907 253.568124468 0.000000000 0.000000000 0.000000000 0.000000000 1.000000000
163.792885303 -70.826831579 253.887721522 0.000000000 0.000000000 0.000000000 0.000000000 1.000000000
163.993084908 -70.088916789 254.204697600 0.000000000 0.000000000 0.000000000 0.000000000 1.000000000
164.192257166 -69.354171614 254.519318967 0.000000000 0.000000000 0.000000000 0.000000000 1.000000000
164.392956018 -68.618879804 254.837588275 0.000000000 0.000000000 0.000000000 0.000000000 1.000000000
164.592558861 -67.883931311 255.151647825 0.000000000 0.000000000 0.000000000 0.000000000 1.000000000
164.792727709 -67.150398633 255.466839186 0.000000000 0.000000000 0.000000000 0.000000000 1.000000000
164.992806196 -66.417510807 255.778792095 0.000000000 0.000000000 0.000000000 0.000000000 1.000000000
165.193243980 -65.685446798 256.093881207 0.000000000 0.000000000 0.000000000 0.000000000 1.000000000
165.392173529 -64.953210591 256.413982641 0.000000000 0.000000000 0.000000000 0.000000000 1.000000000
165.593085766 -64.221819781 256.732362030 0.000000000 0.000000000 0.000000000 0.000000000 1.000000000
165.792305231 -63.493688096 257.055265526 0.000000000 0.000000000 0.000000000 0.000000000 1.000000000
165.993026495 -62.764778145 257.379905755 0.000000000 0.000000000 0.000000000 0.000000000 1.000000000
166.192333698 -62.041352220 257.706608263 0.000000000 0.000000000 0.000000000 0.000000000 1.000000000
166.392520428 -61.316454198 258.031701288 0.000000000 0.000000000 0.000000000 0.000000000 1.000000000
166.592926502 -60.591145358 258.364301843 0.000000000 0.000000000 0.000000000 0.000000000 1.000000000
166.792929173 -59.871038882 258.695058717 0.000000000 0.000000000 0.000000000 0.000000000 1.000000000
166.992274046 -59.144314150 259.023480898 0.000000000 0.000000000 0.000000000 0.000000000 1.000000000
167.192722797 -58.420137014 259.358967456 0.000000000 0.000000000 0.000000000 0.000000000 1.000000000
167.392580509 -57.695799052 259.691386532 0.000000000 0.000000000 0.000000000 0.000000000 1.000000000
167.592467070 -56.973368106 260.026170236 0.000000000 0.000000000 0.000000000 0.000000000 1.000000000
167.792350054 -56.251314948 260.354738924 0.000000000 0.000000000 0.000000000 0.000000000 1.000000000
167.992426157 -55.526371551 260.684711903 0.000000000 0.000000000 0.000000000 0.000000000 1.000000000
168.192246914 -54.799970543 261.010770488 0.000000000 0.000000000 0.000000000 0.000000000 1.000000000
168.393164158 -54.074173668 261.336963818 0.000000000 0.000000000 0.000000000 0.000000000 1.000000000
168.592657566 -53.347992596 261.667376363 0.000000000 0.000000000 0.000000000 0.000000000 1.000000000
168.793042183 -52.624885498 261.996001047 0.000000000 0.000000000 0.000000000 0.000000000 1.000000000
168.992662907 -51.900785446 262.321540405 0.000000000 0.000000000 0.000000000 0.000000000 1.000000000
169.192610741 -51.173878145 262.647528495 0.000000000 0.000000000 0.000000000 0.000000000 1.000000000
169.392494917 -50.447643031 262.977518283 0.000000000 0.000000000 0.000000000 0.000000000 1.000000000
169.592775106 -49.720890744 263.303815292 0.000000000 0.000000000 0.000000000 0.000000000 1.000000000
169.792439699 -48.994955969 263.629169561 0.000000000 0.000000000 0.000000000 0.000000000 1.000000000
169.992339134 -48.269468753 263.957158414 0.000000000 0.000000000 0.000000000 0.000000000 1.000000000
170.192461967 -47.540163759 264.286661046 0.000000000 0.000000000 0.000000000 0.000000000 1.000000000
170.392840385 -46.812781030 264.614980971 0.000000000 0.000000000 0.000000000 0.000000000 1.000000000
170.593000412 -46.087980401 264.942207851 0.000000000 0.000000000 0.000000000 0.000000000 1.000000000
170.792920589 -45.366337179 265.266766147 0.000000000 0.000000000 0.000000000 0.000000000 1.000000000
170.993027449 -44.637643119 265.594382914 0.000000000 0.000000000 0.000000000 0.000000000 1.000000000
171.192888737 -43.913473550 265.922765128 0.000000000 0.000000000 0.000000000 0.000000000 1.000000000
171.392282248 -43.191358649 266.250825330 0.000000000 0.000000000 0.000000000 0.000000000 1.000000000
171.592415810 -42.465763654 266.579772864 0.000000000 0.000000000 0.000000000 0.000000000 1.000000000
171.792772770 -41.737766577 266.915252031 0.000000000 0.000000000 0.000000000 0.000000000 1.000000000
171.992742300 -41.014248426 267.248690042 0.000000000 0.000000000 0.000000000 0.000000000 1.000000000
172.192587614 -40.294509391 267.580267603 0.000000000 0.000000000 0.000000000 0.000000000 1.000000000
172.392548323 -39.567262990 267.910846811 0.000000000 0.000000000 0.000000000 0.000000000 1.000000000
172.592891693 -38.845418015 268.246798051 0.000000000 0.000000000 0.000000000 0.000000000 1.000000000
172.792845964 -38.119923720 268.580280000 0.000000000 0.000000000 0.000000000 0.000000000 1.000000000
172.992071629 -37.395311340 268.907148398 0.000000000 0.000000000 0.000000000 0.000000000 1.000000000
173.192824602 -36.668850572 269.237470944 0.000000000 0.000000000 0.000000000 0.000000000 1.000000000
173.392548800 -35.942596181 269.567547880 0.000000000 0.000000000 0.000000000 0.000000000 1.000000000
173.592931747 -35.210196351 269.902182163 0.000000000 0.000000000 0.000000000 0.000000000 1.000000000
173.792116880 -34.478862663 270.231199639 0.000000000 0.000000000 0.000000000 0.000000000 1.000000000
173.992125273 -33.749335114 270.562035249 0.000000000 0.000000000 0.000000000 0.000000000 1.000000000
174.193010092 -33.022473395 270.896171197 0.000000000 0.000000000 0.000000000 0.000000000 1.000000000
174.392764807 -32.296044303 271.229446828 0.000000000 0.000000000 0.000000000 0.000000000 1.000000000
174.592368364 -31.572338615 271.556663012 0.000000000 0.000000000 0.000000000 0.000000000 1.000000000
174.792341948 -30.852282434 271.886559704 0.000000000 0.000000000 0.000000000 0.000000000 1.000000000
174.992140532 -30.133444134 272.215486826 0.000000000 0.000000000 0.000000000 0.000000000 1.000000000
175.191871881 -29.416466456 272.539624443 0.000000000 0.000000000 0.000000000 0.000000000 1.000000000
175.392234325 -28.690681629 272.868020486 0.000000000 0.000000000 0.000000000 0.000000000 1.000000000
175.592573643 -27.966256561 273.202273281 0.000000000 0.000000000 0.000000000 0.000000000 1.000000000
175.792360783 -27.244939870 273.535552007 0.000000000 0.000000000 0.000000000 0.000000000 1.000000000
175.991884470 -26.514224867 273.872533395 0.000000000 0.000000000 0.000000000 0.000000000 1.000000000
176.192059994 -25.786064441 274.204622998 0.000000000 0.000000000 0.000000000 0.000000000 1.000000000
176.392090082 -25.053297488 274.538915187 0.000000000 0.000000000 0.000000000 0.000000000 1.000000000
176.592954159 -24.317998344 274.874908212 0.000000000 0.000000000 0.000000000 0.000000000 1.000000000
176.792115927 -23.581713109 275.211200733 0.000000000 0.000000000 0.000000000 0.000000000 1.000000000
176.991337299 -22.844502813 275.540326299 0.000000000 0.000000000 0.000000000 0.000000000 1.000000000
177.191214323 -22.112784595 275.872439676 0.000000000 0.000000000 0.000000000 0.000000000 1.000000000
177.391827583 -21.377007491 276.206008377 0.000000000 0.000000000 0.000000000 0.000000000 1.000000000
177.591845274 -20.644572030 276.535543049 0.000000000 0.000000000 0.000000000 0.000000000 1.000000000
177.791418791 -19.908798116 276.868677899 0.000000000 0.000000000 0.000000000 0.000000000 1.000000000
177.991084099 -19.178227182 277.198903467 0.000000000 0.000000000 0.000000000 0.000000000 1.000000000
178.191957235 -18.447797641 277.536027702 0.000000000 0.000000000 0.000000000 0.000000000 1.000000000
178.391356945 -17.717396685 277.867529598 0.000000000 0.000000000 0.000000000 0.000000000 1.000000000
178.591243267 -16.982532200 278.196529463 0.000000000 0.000000000 0.000000000 0.000000000 1.000000000
178.791400433 -16.257040829 278.530598552 0.000000000 0.000000000 0.000000000 0.000000000 1.000000000
178.991733313 -15.525474178 278.862647301 0.000000000 0.000000000 0.000000000 0.000000000 1.000000000
179.191950798 -14.798327893 279.196595639 0.000000000 0.000000000 0.000000000 0.000000000 1.000000000
179.391360521 -14.069392936 279.525220845 0.000000000 0.000000000 0.000000000 0.000000000 1.000000000
179.591745615 -13.345432872 279.849902178 0.000000000 0.000000000 0.000000000 0.000000000 1.000000000
179.791370869 -12.619965522 280.183313604 0.000000000 0.000000000 0.000000000 0.000000000 1.000000000
179.991178751 -11.892705158 280.512720164 0.000000000 0.000000000 0.000000000 0.000000000 1.000000000
180.191754818 -11.164672812 280.838805665 0.000000000 0.000000000 0.000000000 0.000000000 1.000000000
180.391260386 -10.434309252 281.164558036 0.000000000 0.000000000 0.000000000 0.000000000 1.000000000
180.591865540 -9.704328515 281.492937949 0.000000000 0.000000000 0.000000000 0.000000000 1.000000000
180.792120457 -8.977204915 281.824399817 0.000000000 0.000000000 0.000000000 0.000000000 1.000000000
180.991855145 -8.249097029 282.154910568 0.000000000 0.000000000 0.000000000 0.000000000 1.000000000
181.191818953 -7.525909210 282.486993580 0.000000000 0.000000000 0.000000000 0.000000000 1.000000000
181.391594887 -6.800746752 282.822040641 0.000000000 0.000000000 0.000000000 0.000000000 1.000000000
181.591462135 -6.074854761 283.151240088 0.000000000 0.000000000 0.000000000 0.000000000 1.000000000
181.791370153 -5.350800017 283.484109150 0.000000000 0.000000000 0.000000000 0.000000000 1.000000000
181.991224051 -4.625820702 283.818433548 0.000000000 0.000000000 0.000000000 0.000000000 1.000000000
182.191535234 -3.905982148 284.150906154 0.000000000 0.000000000 0.000000000 0.000000000 1.000000000
182.392058134 -3.180716920 284.481298062 0.000000000 0.000000000 0.000000000 0.000000000 1.000000000
182.591609478 -2.455150724 284.813389475 0.000000000 0.000000000 0.000000000 0.000000000 1.000000000
182.791978598 -1.728624193 285.146813531 0.000000000 0.000000000 0.000000000 0.000000000 1.000000000
182.991238117 -1.003009027 285.477609350 0.000000000 0.000000000 0.000000000 0.000000000 1.000000000
183.191258907 -0.276411984 285.813028471 0.000000000 0.000000000 0.000000000 0.000000000 1.000000000
183.392048120 0.446633684 286.142087463 0.000000000 0.000000000 0.000000000 0.000000000 1.000000000
183.591205359 1.177354767 286.475563798 0.000000000 0.000000000 0.000000000 0.000000000 1.000000000
183.792226553 1.904929629 286.812169019 0.000000000 0.000000000 0.000000000 0.000000000 1.000000000
183.991558313 2.635470362 287.145237002 0.000000000 0.000000000 0.000000000 0.000000000 1.000000000
184.191368341 3.366261605 287.474543706 0.000000000 0.000000000 0.000000000 0.000000000 1.000000000
184.391618490 4.091983788 287.803070803 0.000000000 0.000000000 0.000000000 0.000000000 1.000000000
184.592015743 4.821195245 288.139443975 0.000000000 0.000000000 0.000000000 0.000000000 1.000000000
184.791471243 5.550028005 288.474902994 0.000000000 0.000000000 0.000000000 0.000000000 1.000000000
184.991006374 6.278166270 288.809717268 0.000000000 0.000000000 0.000000000 0.000000000 1.000000000
185.191716909 7.003163838 289.137641933 0.000000000 0.000000000 0.000000000 0.000000000 1.000000000
185.392011166 7.729750754 289.468098503 0.000000000 0.000000000 0.000000000 0.000000000 1.000000000
185.591418028 8.458533565 289.804487479 0.000000000 0.000000000 0.000000000 0.000000000 1.000000000
185.791288137 9.186962339 290.137304312 0.000000000 0.000000000 0.000000000 0.000000000 1.000000000
185.991240501 9.918248917 290.471535020 0.000000000 0.000000000 0.000000000 0.000000000 1.000000000
186.191935301 10.649918089 290.800151217 0.000000000 0.000000000 0.000000000 0.000000000 1.000000000
186.391654491 11.381343304 291.127011909 0.000000000 0.000000000 0.000000000 0.000000000 1.000000000
186.591557503 12.118709910 291.457421024 0.000000000 0.000000000 0.000000000 0.000000000 1.000000000
186.791732550 12.851586075 291.781841188 0.000000000 0.000000000 0.000000000 0.000000000 1.000000000
186.991938114 13.583071162 292.110157238 0.000000000 0.000000000 0.000000000 0.000000000 1.000000000
187.190958023 14.313332687 292.443008158 0.000000000 0.000000000 0.000000000 0.000000000 1.000000000
187.391303539 15.042257812 292.771568774 0.000000000 0.000000000 0.000000000 0.000000000 1.000000000
187.591082811 15.772873063 293.100271055 0.000000000 0.000000000 0.000000000 0.000000000 1.000000000
187.791118145 16.504666103 293.432514502 0.000000000 0.000000000 0.000000000 0.000000000 1.000000000
187.991091251 17.238930334 293.758926702 0.000000000 0.000000000 0.000000000 0.000000000 1.000000000
188.191809177 17.969496354 294.090425942 0.000000000 0.000000000 0.000000000 0.000000000 1.000000000
188.391450882 18.697997880 294.422701421 0.000000000 0.000000000 0.000000000 0.000000000 1.000000000
188.591605902 19.429574652 294.755779830 0.000000000 0.000000000 0.000000000 0.000000000 1.000000000
188.791250944 20.164750753 295.091844574 0.000000000 0.000000000 0.000000000 0.000000000 1.000000000
188.992032766 20.899345034 295.426315078 0.000000000 0.000000000 0.000000000 0.000000000 1.000000000
189.191812277 21.626491764 295.756598610 0.000000000 0.000000000 0.000000000 0.000000000 1.000000000
189.391241074 22.358188681 296.085255042 0.000000000 0.000000000 0.000000000 0.000000000 1.000000000
189.591896772 23.083239824 296.421500526 0.000000000 0.000000000 0.000000000 0.000000000 1.000000000
189.791704893 23.806593146 296.760912599 0.000000000 0.000000000 0.000000000 0.000000000 1.000000000
189.991978407 24.533246382 297.094309567 0.000000000 0.000000000 0.000000000 0.000000000 1.000000000
190.191880465 25.259817467 297.425990844 0.000000000 0.000000000 0.000000000 0.000000000 1.000000000
190.391601562 25.987043987 297.754852654 0.000000000 0.000000000 0.000000000 0.000000000 1.000000000
190.590948343 26.714328255 298.082983561 0.000000000 0.000000000 0.000000000 0.000000000 1.000000000
190.791068554 27.447634263 298.406941582 0.000000000 0.000000000 0.000000000 0.000000000 1.000000000
190.991554022 28.175101009 298.735274096 0.000000000 0.000000000 0.000000000 0.000000000 1.000000000
191.191260338 28.902965294 299.064183781 0.000000000 0.000000000 0.000000000 0.000000000 1.000000000
191.391294479 29.630845735 299.400797460 0.000000000 0.000000000 0.000000000 0.000000000 1.000000000
191.591057301 30.360342285 299.731702372 0.000000000 0.000000000 0.000000000 0.000000000 1.000000000
191.791072130 31.088735154 300.058753090 0.000000000 0.000000000 0.000000000 0.000000000 1.000000000
191.991665602 31.818158310 300.388912814 0.000000000 0.000000000 0.000000000 0.000000000 1.000000000
192.190950155 32.546130858 300.722243235 0.000000000 0.000000000 0.000000000 0.000000000 1.000000000
192.391494513 33.275381240 301.055634995 0.000000000 0.000000000 0.000000000 0.000000000 1.000000000
192.591701746 34.003645532 301.388237060 0.000000000 0.000000000 0.000000000 0.000000000 1.000000000
192.791362524 34.732212954 301.719103732 0.000000000 0.000000000 0.000000000 0.000000000 1.000000000
192.991629124 35.462571159 302.052068866 0.000000000 0.000000000 0.000000000 0.000000000 1.000000000
193.191925764 36.187825786 302.384709793 0.000000000 0.000000000 0.000000000 0.000000000 1.000000000
193.391723156 36.915784618 302.721576336 0.000000000 0.000000000 0.000000000 0.000000000 1.000000000
193.591533422 37.643075580 303.052179134 0.000000000 0.000000000 0.000000000 0.000000000 1.000000000
193.791310549 38.373596633 303.385672724 0.000000000 0.000000000 0.000000000 0.000000000 1.000000000
193.991696358 39.103183764 303.719963562 0.000000000 0.000000000 0.000000000 0.000000000 1.000000000
194.191358805 39.827945057 304.053493509 0.000000000 0.000000000 0.000000000 0.000000000 1.000000000
194.391925573 40.554763550 304.386336755 0.000000000 0.000000000 0.000000000 0.000000000 1.000000000
194.591466904 41.279530040 304.718254210 0.000000000 0.000000000 0.000000000 0.000000000 1.000000000
194.791698933 42.004360447 305.049738803 0.000000000 0.000000000 0.000000000 0.000000000 1.000000000
194.991145134 42.732985266 305.382170761 0.000000000 0.000000000 0.000000000 0.000000000 1.000000000
195.191187143 43.460170434 305.713732099 0.000000000 0.000000000 0.000000000 0.000000000 1.000000000
195.391808748 44.187198021 306.040763469 0.000000000 0.000000000 0.000000000 0.000000000 1.000000000
195.591905355 44.913081070 306.368711629 0.000000000 0.000000000 0.000000000 0.000000000 1.000000000
195.791612864 45.640032797 306.698717760 0.000000000 0.000000000 0.000000000 0.000000000 1.000000000
195.991706133 46.365388633 307.028026815 0.000000000 0.000000000 0.000000000 0.000000000 1.000000000
196.191588402 47.093012980 307.358978719 0.000000000 0.000000000 0.000000000 0.000000000 1.000000000
196.391441345 47.818856822 307.685965171 0.000000000 0.000000000 0.000000000 0.000000000 1.000000000
196.591203213 48.547228628 308.012477747 0.000000000 0.000000000 0.000000000 0.000000000 1.000000000
196.791306734 49.275957808 308.346185222 0.000000000 0.000000000 0.000000000 0.000000000 1.000000000
196.991057634 50.004836077 308.675238057 0.000000000 0.000000000 0.000000000 0.000000000 1.000000000
197.191256046 50.735519093 309.006133400 0.000000000 0.000000000 0.000000000 0.000000000 1.000000000
197.391778946 51.465397577 309.335916919 0.000000000 0.000000000 0.000000000 0.000000000 1.000000000
197.591145039 52.196384716 309.668886617 0.000000000 0.000000000 0.000000000 0.000000000 1.000000000
197.791209936 52.925483360 310.004534879 0.000000000 0.000000000 0.000000000 0.000000000 1.000000000
197.990967989 53.655902608 310.334000475 0.000000000 0.000000000 0.000000000 0.000000000 1.000000000
198.191101551 54.385934706 310.669418638 0.000000000 0.000000000 0.000000000 0.000000000 1.000000000
198.391330004 55.114176600 311.001613279 0.000000000 0.000000000 0.000000000 0.000000000 1.000000000
198.591378212 55.844653005 311.332918596 0.000000000 0.000000000 0.000000000 0.000000000 1.000000000
198.791210413 56.575050153 311.669737211 0.000000000 0.000000000 0.000000000 0.000000000 1.000000000
198.991736650 57.304816597 312.001650341 0.000000000 0.000000000 0.000000000 0.000000000 1.000000000
199.191066265 58.036674416 312.330215768 0.000000000 0.000000000 0.000000000 0.000000000 1.000000000
199.391476393 58.761290999 312.655531481 0.000000000 0.000000000 0.000000000 0.000000000 1.000000000
199.591268539 59.488017644 312.991378268 0.000000000 0.000000000 0.000000000 0.000000000 1.000000000
199.791429996 60.214657071 313.320215456 0.000000000 0.000000000 0.000000000 0.000000000 1.000000000
199.990904331 60.940884795 313.650212578 0.000000000 0.000000000 0.000000000 0.000000000 1.000000000
200.191249132 61.666906670 313.977400893 0.000000000 0.000000000 0.000000000 0.000000000 1.000000000
200.391582966 62.392754990 314.312081295 0.000000000 0.000000000 0.000000000 0.000000000 1.000000000
200.591359138 63.122747087 314.642156038 0.000000000 0.000000000 0.000000000 0.000000000 1.000000000
200.791240454 63.846739264 314.971365367 0.000000000 0.000000000 0.000000000 0.000000000 1.000000000
200.991614342 64.573616382 315.295476432 0.000000000 0.000000000 0.000000000 0.000000000 1.000000000
201.190899849 65.298493329 315.624595596 0.000000000 0.000000000 0.000000000 0.000000000 1.000000000
201.391412020 66.025358929 315.957192379 0.000000000 0.000000000 0.000000000 0.000000000 1.000000000
201.591740131 66.751414562 316.283979917 0.000000000 0.000000000 0.000000000 0.000000000 1.000000000
201.791476488 67.479944998 316.615891727 0.000000000 0.000000000 0.000000000 0.000000000 1.000000000
201.991050959 68.206681265 316.946233017 0.000000000 0.000000000 0.000000000 0.000000000 1.000000000
202.191121578 68.935956974 317.273929157 0.000000000 0.000000000 0.000000000 0.000000000 1.000000000
202.391693592 69.664447162 317.605658528 0.000000000 0.000000000 0.000000000 0.000000000 1.000000000
202.591541290 70.394813230 317.936677909 0.000000000 0.000000000 0.000000000 0.000000000 1.000000000
202.791163921 71.124779812 318.268129894 0.000000000 0.000000000 0.000000000 0.000000000 1.000000000
202.991302967 71.850580740 318.598172107 0.000000000 0.000000000 0.000000000 0.000000000 1.000000000
203.190922737 72.581579719 318.933016083 0.000000000 0.000000000 0.000000000 0.000000000 1.000000000
203.391554117 73.310695118 319.265022638 0.000000000 0.000000000 0.000000000 0.000000000 1.000000000
203.590385199 74.044797705 319.598958592 0.000000000 0.000000000 0.000000000 0.000000000 1.000000000
203.791582823 74.775850613 319.933062945 0.000000000 0.000000000 0.000000000 0.000000000 1.000000000
203.990519524 75.509053330 320.265381024 0.000000000 0.000000000 0.000000000 0.000000000 1.000000000
204.190354109 76.242694786 320.596921650 0.000000000 0.000000000 0.000000000 0.000000000 1.000000000
204.390535593 76.971225580 320.928926894 0.000000000 0.000000000 0.000000000 0.000000000 1.000000000
204.590798140 77.698954506 321.257994414 0.000000000 0.000000000 0.000000000 0.000000000 1.000000000
204.790663004 78.428941228 321.592298030 0.000000000 0.000000000 0.000000000 0.000000000 1.000000000
204.990178108 79.155720641 321.917929311 0.000000000 0.000000000 0.000000000 0.000000000 1.000000000
205.189998865 79.882768840 322.250524629 0.000000000 0.000000000 0.000000000 0.000000000 1.000000000
205.390805960 80.609468369 322.583617750 0.000000000 0.000000000 0.000000000 0.000000000 1.000000000
205.590075731 81.334249540 322.914346321 0.000000000 0.000000000 0.000000000 0.000000000 1.000000000
205.790723324 82.062736106 323.245559749 0.000000000 0.000000000 0.000000000 0.000000000 1.000000000
205.990845203 82.790083045 323.573186654 0.000000000 0.000000000 0.000000000 0.000000000 1.000000000
206.189924955 83.518838576 323.905286727 0.000000000 0.000000000 0.000000000 0.000000000 1.000000000
206.390127182 84.243755825 324.235441435 0.000000000 0.000000000 0.000000000 0.000000000 1.000000000
206.590156078 84.971447873 324.562138915 0.000000000 0.000000000 0.000000000 0.000000000 1.000000000
206.790350914 85.697332709 324.889776458 0.000000000 0.000000000 0.000000000 0.000000000 1.000000000
206.990254879 86.423751949 325.221784778 0.000000000 0.000000000 0.000000000 0.000000000 1.000000000
207.190622807 87.150635861 325.548953503 0.000000000 0.000000000 0.000000000 0.000000000 1.000000000
207.390491247 87.877722519 325.883323008 0.000000000 0.000000000 0.000000000 0.000000000 1.000000000
207.590498924 88.603032964 326.216400109 0.000000000 0.000000000 0.000000000 0.000000000 1.000000000
207.790509701 89.331645045 326.547238483 0.000000000 0.000000000 0.000000000 0.000000000 1.000000000
207.990321636 90.052692075 326.883432215 0.000000000 0.000000000 0.000000000 0.000000000 1.000000000
208.190753937 90.778712265 327.213422691 0.000000000 0.000000000 0.000000000 0.000000000 1.000000000
208.390946388 91.508295208 327.543150357 0.000000000 0.000000000 0.000000000 0.000000000 1.000000000
208.590330124 92.237311296 327.879865809 0.000000000 0.000000000 0.000000000 0.000000000 1.000000000
208.790364981 92.970061692 328.215744166 0.000000000 0.000000000 0.000000000 0.000000000 1.000000000
208.990770102 93.703030061 328.549527514 0.000000000 0.000000000 0.000000000 0.000000000 1.000000000
209.190235615 94.434228969 328.883761446 0.000000000 0.000000000 0.000000000 0.000000000 1.000000000
209.390198708 95.161547617 329.217245976 0.000000000 0.000000000 0.000000000 0.000000000 1.000000000
209.590390921 95.889796493 329.549486882 0.000000000 0.000000000 0.000000000 0.000000000 1.000000000
209.790395975 96.618790470 329.883238755 0.000000000 0.000000000 0.000000000 0.000000000 1.000000000
209.990076542 97.346644651 330.214068729 0.000000000 0.000000000 0.000000000 0.000000000 1.000000000
210.190500021 98.074306961 330.544464259 0.000000000 0.000000000 0.000000000 0.000000000 1.000000000
210.390166044 98.800077279 330.879389148 0.000000000 0.000000000 0.000000000 0.000000000 1.000000000
210.590627670 99.528094912 331.210217430 0.000000000 0.000000000 0.000000000 0.000000000 1.000000000
210.789983273 100.252912595 331.542734234 0.000000000 0.000000000 0.000000000 0.000000000 1.000000000
210.990491629 100.980507420 331.873210303 0.000000000 0.000000000 0.000000000 0.000000000 1.000000000
211.190928936 101.702375727 332.206239515 0.000000000 0.000000000 0.000000000 0.000000000 1.000000000
211.390617609 102.432782438 332.540475264 0.000000000 0.000000000 0.000000000 0.000000000 1.000000000
211.590780258 103.161764156 332.866162790 0.000000000 0.000000000 0.000000000 0.000000000 1.000000000
211.789975643 103.892474153 333.196009642 0.000000000 0.000000000 0.000000000 0.000000000 1.000000000
211.990737677 104.625774070 333.522494775 0.000000000 0.000000000 0.000000000 0.000000000 1.000000000
212.190069914 105.353262574 333.852834672 0.000000000 0.000000000 0.000000000 0.000000000 1.000000000
212.390491724 106.083581878 334.184352941 0.000000000 0.000000000 0.000000000 0.000000000 1.000000000
212.589884996 106.811094391 334.510683474 0.000000000 0.000000000 0.000000000 0.000000000 1.000000000
212.790269613 107.542161912 334.840305834 0.000000000 0.000000000 0.000000000 0.000000000 1.000000000
212.990664721 108.270460652 335.169856176 0.000000000 0.000000000 0.000000000 0.000000000 1.000000000
213.190366030 109.001132609 335.503381135 0.000000000 0.000000000 0.000000000 0.000000000 1.000000000
213.390576839 109.730832986 335.825532088 0.000000000 0.000000000 0.000000000 0.000000000 1.000000000
213.590770721 110.461304836 336.159189674 0.000000000 0.000000000 0.000000000 0.000000000 1.000000000
213.790147543 111.195582307 336.490073068 0.000000000 0.000000000 0.000000000 0.000000000 1.000000000
213.990229130 111.927954150 336.822020790 0.000000000 0.000000000 0.000000000 0.000000000 1.000000000
214.190564156 112.657911947 337.156728979 0.000000000 0.000000000 0.000000000 0.000000000 1.000000000
214.389750004 113.383516907 337.488847590 0.000000000 0.000000000 0.000000000 0.000000000 1.000000000
214.590754032 114.112142963 337.824819694 0.000000000 0.000000000 0.000000000 0.000000000 1.000000000
214.790224314 114.839757594 338.156710451 0.000000000 0.000000000 0.000000000 0.000000000 1.000000000
214.990258217 115.565587710 338.493640839 0.000000000 0.000000000 0.000000000 0.000000000 1.000000000
215.190547705 116.292187123 338.826496974 0.000000000 0.000000000 0.000000000 0.000000000 1.000000000
215.390650749 117.012756039 339.159107239 0.000000000 0.000000000 0.000000000 0.000000000 1.000000000
215.590674877 117.742039094 339.498912740 0.000000000 0.000000000 0.000000000 0.000000000 1.000000000
215.790170431 118.467907694 339.831051292 0.000000000 0.000000000 0.000000000 0.000000000 1.000000000
215.990283728 119.198071988 340.167717797 0.000000000 0.000000000 0.000000000 0.000000000 1.000000000
216.189883232 119.925638407 340.498270473 0.000000000 0.000000000 0.000000000 0.000000000 1.000000000
216.390645742 120.654259111 340.833470538 0.000000000 0.000000000 0.000000000 0.000000000 1.000000000
216.590501308 121.383265887 341.166046471 0.000000000 0.000000000 0.000000000 0.000000000 1.000000000
216.790349960 122.110569629 341.497574405 0.000000000 0.000000000 0.000000000 0.000000000 1.000000000
216.989686489 122.844660093 341.828778776 0.000000000 0.000000000 0.000000000 0.000000000 1.000000000
217.190048456 123.575361566 342.157322021 0.000000000 0.000000000 0.000000000 0.000000000 1.000000000
217.390076876 124.303416694 342.488609389 0.000000000 0.000000000 0.000000000 0.000000000 1.000000000
217.590320349 125.030946345 342.820883219 0.000000000 0.000000000 0.000000000 0.000000000 1.000000000
217.790238857 125.763199857 343.152464761 0.000000000 0.000000000 0.000000000 0.000000000 1.000000000
217.990462542 126.490484535 343.483312211 0.000000000 0.000000000 0.000000000 0.000000000 1.000000000
218.190374851 127.218747394 343.815030240 0.000000000 0.000000000 0.000000000 0.000000000 1.000000000
218.390726089 127.950324656 344.141035725 0.000000000 0.000000000 0.000000000 0.000000000 1.000000000
218.589876890 128.684853363 344.472754859 0.000000000 0.000000000 0.000000000 0.000000000 1.000000000
218.790404320 129.417071873 344.808917279 0.000000000 0.000000000 0.000000000 0.000000000 1.000000000
218.990721941 130.150514434 345.137244011 0.000000000 0.000000000 0.000000000 0.000000000 1.000000000
219.190458775 130.881382788 345.468852242 0.000000000 0.000000000 0.000000000 0.000000000 1.000000000
219.389988184 131.611652734 345.796653957 0.000000000 0.000000000 0.000000000 0.000000000 1.000000000
219.590440750 132.340630816 346.127970502 0.000000000 0.000000000 0.000000000 0.000000000 1.000000000
219.790202856 133.068406172 346.463331318 0.000000000 0.000000000 0.000000000 0.000000000 1.000000000
219.990345955 133.796635374 346.801366643 0.000000000 0.000000000 0.000000000 0.000000000 1.000000000
220.190623522 134.520125701 347.129888849 0.000000000 0.000000000 0.000000000 0.000000000 1.000000000
220.390254021 135.246533089 347.465317637 0.000000000 0.000000000 0.000000000 0.000000000 1.000000000
220.590853691 135.975024874 347.795813621 0.000000000 0.000000000 0.000000000 0.000000000 1.000000000
220.790752888 136.699218641 348.126312456 0.000000000 0.000000000 0.000000000 0.000000000 1.000000000
220.990234137 137.425959668 348.461886648 0.000000000 0.000000000 0.000000000 0.000000000 1.000000000
221.190712452 138.149841756 348.797303351 0.000000000 0.000000000 0.000000000 0.000000000 1.000000000
221.390435219 138.877990481 349.125477103 0.000000000 0.000000000 0.000000000 0.000000000 1.000000000
221.590575695 139.606738561 349.459704268 0.000000000 0.000000000 0.000000000 0.000000000 1.000000000
221.790672302 140.329229481 349.794083379 0.000000000 0.000000000 0.000000000 0.000000000 1.000000000
221.989841700 141.055928130 350.128005981 0.000000000 0.000000000 0.000000000 0.000000000 1.000000000
222.190043688 141.781384262 350.463056514 0.000000000 0.000000000 0.000000000 0.000000000 1.000000000
222.390217781 142.504841078 350.794831663 0.000000000 0.000000000 0.000000000 0.000000000 1.000000000
222.590605259 143.232794915 351.126558394 0.000000000 0.000000000 0.000000000 0.000000000 1.000000000
222.790117979 143.961590928 351.459238898 0.000000000 0.000000000 0.000000000 0.000000000 1.000000000
222.990106821 144.692468246 351.791117817 0.000000000 0.000000000 0.000000000 0.000000000 1.000000000
223.189927101 145.422555394 352.125914576 0.000000000 0.000000000 0.000000000 0.000000000 1.000000000
223.390183687 146.146515406 352.462139032 0.000000000 0.000000000 0.000000000 0.000000000 1.000000000
223.589890003 146.878764016 352.794131683 0.000000000 0.000000000 0.000000000 0.000000000 1.000000000
223.790147543 147.613365372 353.132640512 0.000000000 0.000000000 0.000000000 0.000000000 1.000000000
223.990252018 148.344908117 353.466578232 0.000000000 0.000000000 0.000000000 0.000000000 1.000000000
224.190340042 149.076475987 353.797256229 0.000000000 0.000000000 0.000000000 0.000000000 1.000000000
224.390616894 149.804540306 354.130900795 0.000000000 0.000000000 0.000000000 0.000000000 1.000000000
224.590148926 150.530722898 354.461202890 0.000000000 0.000000000 0.000000000 0.000000000 1.000000000
224.789988041 151.256689578 354.794447769 0.000000000 0.000000000 0.000000000 0.000000000 1.000000000
224.989737749 151.983464185 355.126585386 0.000000000 0.000000000 0.000000000 0.000000000 1.000000000
225.189920664 152.712106065 355.456972731 0.000000000 0.000000000 0.000000000 0.000000000 1.000000000
225.390280008 153.440719704 355.786445468 0.000000000 0.000000000 0.000000000 0.000000000 1.000000000
225.590266228 154.169382103 356.114348878 0.000000000 0.000000000 0.000000000 0.000000000 1.000000000
225.790580511 154.901119811 356.444171415 0.000000000 0.000000000 0.000000000 0.000000000 1.000000000
225.990469933 155.634908110 356.765200401 0.000000000 0.000000000 0.000000000 0.000000000 1.000000000
226.190083981 156.365532179 357.090046028 0.000000000 0.000000000 0.000000000 0.000000000 1.000000000
226.389692783 157.097260791 357.417534996 0.000000000 0.000000000 0.000000000 0.000000000 1.000000000
226.590044498 157.825944085 357.740621809 0.000000000 0.000000000 0.000000000 0.000000000 1.000000000
226.789756298 158.552974303 358.072842834 0.000000000 0.000000000 0.000000000 0.000000000 1.000000000
226.989921331 159.277586550 358.395806894 0.000000000 0.000000000 0.000000000 0.000000000 1.000000000
227.190047979 160.002153892 358.724091330 0.000000000 0.000000000 0.000000000 0.000000000 1.000000000
227.390674353 160.728179251 359.051534209 0.000000000 0.000000000 0.000000000 0.000000000 1.000000000
227.590252876 161.453097023 359.378906660 0.000000000 0.000000000 0.000000000 0.000000000 1.000000000
227.790449142 162.180353305 359.705371496 0.000000000 0.000000000 0.000000000 0.000000000 1.000000000
227.990442753 162.908203524 360.037276131 0.000000000 0.000000000 0.000000000 0.000000000 1.000000000
228.190606833 163.634982473 360.366116598 0.000000000 0.000000000 0.000000000 0.000000000 1.000000000
228.390467644 164.364259721 360.698884306 0.000000000 0.000000000 0.000000000 0.000000000 1.000000000
228.590063334 165.092918133 361.027146923 0.000000000 0.000000000 0.000000000 0.000000000 1.000000000
228.789848328 165.819456390 361.360701153 0.000000000 0.000000000 0.000000000 0.000000000 1.000000000
228.990288496 166.552425472 361.692721862 0.000000000 0.000000000 0.000000000 0.000000000 1.000000000
229.189921618 167.282020540 362.020400464 0.000000000 0.000000000 0.000000000 0.000000000 1.000000000
229.389985323 168.011482214 362.347822979 0.000000000 0.000000000 0.000000000 0.000000000 1.000000000
229.590477705 168.740849767 362.670188089 0.000000000 0.000000000 0.000000000 0.000000000 1.000000000
229.790229321 169.473562814 362.999357124 0.000000000 0.000000000 0.000000000 0.000000000 1.000000000
229.990555286 170.205820689 363.323732847 0.000000000 0.000000000 0.000000000 0.000000000 1.000000000
230.189628124 170.934924722 363.656594736 0.000000000 0.000000000 0.000000000 0.000000000 1.000000000
230.390502214 171.666012193 363.987749804 0.000000000 0.000000000 0.000000000 0.000000000 1.000000000
230.590487957 172.394628844 364.318668446 0.000000000 0.000000000 0.000000000 0.000000000 1.000000000
230.790226936 173.127429256 364.653420214 0.000000000 0.000000000 0.000000000 0.000000000 1.000000000
230.989923716 173.856520575 364.988030120 0.000000000 0.000000000 0.000000000 0.000000000 1.000000000
231.189873695 174.582275923 365.327850902 0.000000000 0.000000000 0.000000000 0.000000000 1.000000000
231.390338659 175.307660541 365.666494208 0.000000000 0.000000000 0.000000000 0.000000000 1.000000000
231.589766741 176.034794812 365.999404659 0.000000000 0.000000000 0.000000000 0.000000000 1.000000000
231.789652348 176.761335167 366.335614204 0.000000000 0.000000000 0.000000000 0.000000000 1.000000000
231.989499569 177.491054746 366.674013828 0.000000000 0.000000000 0.000000000 0.000000000 1.000000000
232.188861609 178.219505758 367.005323608 0.000000000 0.000000000 0.000000000 0.000000000 1.000000000
232.389667988 178.946674215 367.344069399 0.000000000 0.000000000 0.000000000 0.000000000 1.000000000
232.588787317 179.672289502 367.675798694 0.000000000 0.000000000 0.000000000 0.000000000 1.000000000
232.788893223 180.399024447 368.010731683 0.000000000 0.000000000 0.000000000 0.000000000 1.000000000
232.989517927 181.128201370 368.340884924 0.000000000 0.000000000 0.000000000 0.000000000 1.000000000
233.188876867 181.856070567 368.672809077 0.000000000 0.000000000 0.000000000 0.000000000 1.000000000
233.389080524 182.582695846 369.004695682 0.000000000 0.000000000 0.000000000 0.000000000 1.000000000
233.589375734 183.308390412 369.335864001 0.000000000 0.000000000 0.000000000 0.000000000 1.000000000
233.789638758 184.036679366 369.671245437 0.000000000 0.000000000 0.000000000 0.000000000 1.000000000
233.988988161 184.765741703 369.998524789 0.000000000 0.000000000 0.000000000 0.000000000 1.000000000
234.189537287 185.492771995 370.332914910 0.000000000 0.000000000 0.000000000 0.000000000 1.000000000
234.389081717 186.219964425 370.657877135 0.000000000 0.000000000 0.000000000 0.000000000 1.000000000
234.589555025 186.951809259 370.985059326 0.000000000 0.000000000 0.000000000 0.000000000 1.000000000
234.789617538 187.682303059 371.312727415 0.000000000 0.000000000 0.000000000 0.000000000 1.000000000
234.989683628 188.410806893 371.641504537 0.000000000 0.000000000 0.000000000 0.000000000 1.000000000
235.189618111 189.138976556 371.970420343 0.000000000 0.000000000 0.000000000 0.000000000 1.000000000
235.389412880 189.868196171 372.303693914 0.000000000 0.000000000 0.000000000 0.000000000 1.000000000
235.589781284 190.597021484 372.633484408 0.000000000 0.000000000 0.000000000 0.000000000 1.000000000
235.789174557 191.326043417 372.965655910 0.000000000 0.000000000 0.000000000 0.000000000 1.000000000
235.988718510 192.054012193 373.302071863 0.000000000 0.000000000 0.000000000 0.000000000 1.000000000
236.189239979 192.784504673 373.636213735 0.000000000 0.000000000 0.000000000 0.000000000 1.000000000
236.389512777 193.514239251 373.971731776 0.000000000 0.000000000 0.000000000 0.000000000 1.000000000
236.589045286 194.242929993 374.304459083 0.000000000 0.000000000 0.000000000 0.000000000 1.000000000
236.789700508 194.972621722 374.643976406 0.000000000 0.000000000 0.000000000 0.000000000 1.000000000
236.989183903 195.700930491 374.976283641 0.000000000 0.000000000 0.000000000 0.000000000 1.000000000
237.188648939 196.431562911 375.303429417 0.000000000 0.000000000 0.000000000 0.000000000 1.000000000
237.388719559 197.157822811 375.635135170 0.000000000 0.000000000 0.000000000 0.000000000 1.000000000
237.588932753 197.887844602 375.969925061 0.000000000 0.000000000 0.000000000 0.000000000 1.000000000
237.789249182 198.612905359 376.300329416 0.000000000 0.000000000 0.000000000 0.000000000 1.000000000
237.989160776 199.341061087 376.633159966 0.000000000 0.000000000 0.000000000 0.000000000 1.000000000
238.188755751 200.069723004 376.961846309 0.000000000 0.000000000 0.000000000 0.000000000 1.000000000
238.388738871 200.792262356 377.299581639 0.000000000 0.000000000 0.000000000 0.000000000 1.000000000
238.588996887 201.519517192 377.639987342 0.000000000 0.000000000 0.000000000 0.000000000 1.000000000
238.788723946 202.245645639 377.970187771 0.000000000 0.000000000 0.000000000 0.000000000 1.000000000
238.989013195 202.972164666 378.311230931 0.000000000 0.000000000 0.000000000 0.000000000 1.000000000
239.189146519 203.697966645 378.645435068 0.000000000 0.000000000 0.000000000 0.000000000 1.000000000
239.389166117 204.427690618 378.984613249 0.000000000 0.000000000 0.000000000 0.000000000 1.000000000
239.588783979 205.150581773 379.324028000 0.000000000 0.000000000 0.000000000 0.000000000 1.000000000
239.789656878 205.877165734 379.660329488 0.000000000 0.000000000 0.000000000 0.000000000 1.000000000
239.989309549 206.608914372 379.996767201 0.000000000 0.000000000 0.000000000 0.000000000 1.000000000
240.188831329 207.332613477 380.332732195 0.000000000 0.000000000 0.000000000 0.000000000 1.000000000
240.389166355 208.061692406 380.664006089 0.000000000 0.000000000 0.000000000 0.000000000 1.000000000
240.589043140 208.792245602 381.001132634 0.000000000 0.000000000 0.000000000 0.000000000 1.000000000
240.789004087 209.518410440 381.335097419 0.000000000 0.000000000 0.000000000 0.000000000 1.000000000
240.989262104 210.249626859 381.673628694 0.000000000 0.000000000 0.000000000 0.000000000 1.000000000
241.189238548 210.979865058 382.001288645 0.000000000 0.000000000 0.000000000 0.000000000 1.000000000
241.388926506 211.712759462 382.332751946 0.000000000 0.000000000 0.000000000 0.000000000 1.000000000
241.588901997 212.442139618 382.660421963 0.000000000 0.000000000 0.000000000 0.000000000 1.000000000
241.788578510 213.174101331 382.992837691 0.000000000 0.000000000 0.000000000 0.000000000 1.000000000
241.989282846 213.902569407 383.319625978 0.000000000 0.000000000 0.000000000 0.000000000 1.000000000
242.189473629 214.632793590 383.648589127 0.000000000 0.000000000 0.000000000 0.000000000 1.000000000
242.389233351 215.358934793 383.979466549 0.000000000 0.000000000 0.000000000 0.000000000 1.000000000
242.589494467 216.087789252 384.308657056 0.000000000 0.000000000 0.000000000 0.000000000 1.000000000
242.788934231 216.815105671 384.640718356 0.000000000 0.000000000 0.000000000 0.000000000 1.000000000
242.989262819 217.546503844 384.968516819 0.000000000 0.000000000 0.000000000 0.000000000 1.000000000
243.189232826 218.277785117 385.303308667 0.000000000 0.000000000 0.000000000 0.000000000 1.000000000
243.389263630 219.004198598 385.637261758 0.000000000 0.000000000 0.000000000 0.000000000 1.000000000
243.588657618 219.731059882 385.970300513 0.000000000 0.000000000 0.000000000 0.000000000 1.000000000
243.788800955 220.458891915 386.304132897 0.000000000 0.000000000 0.000000000 0.000000000 1.000000000
243.989309549 221.187800039 386.636563202 0.000000000 0.000000000 0.000000000 0.000000000 1.000000000
244.188560963 221.913484483 386.967079417 0.000000000 0.000000000 0.000000000 0.000000000 1.000000000
244.388777971 222.639589961 387.301255453 0.000000000 0.000000000 0.000000000 0.000000000 1.000000000
244.589061260 223.368352849 387.634401573 0.000000000 0.000000000 0.000000000 0.000000000 1.000000000
244.789379597 224.095432185 387.967507019 0.000000000 0.000000000 0.000000000 0.000000000 1.000000000
244.988756895 224.822748820 388.299354319 0.000000000 0.000000000 0.000000000 0.000000000 1.000000000
245.188460588 225.551361989 388.632934584 0.000000000 0.000000000 0.000000000 0.000000000 1.000000000
245.389429331 226.278145425 388.964134702 0.000000000 0.000000000 0.000000000 0.000000000 1.000000000
245.588799000 227.005601757 389.294840333 0.000000000 0.000000000 0.000000000 0.000000000 1.000000000
245.789286137 227.737682185 389.627146614 0.000000000 0.000000000 0.000000000 0.000000000 1.000000000
245.989347219 228.465757950 389.962837792 0.000000000 0.000000000 0.000000000 0.000000000 1.000000000
246.188578129 229.194899551 390.295423781 0.000000000 0.000000000 0.000000000 0.000000000 1.000000000
246.388790131 229.925756813 390.627987315 0.000000000 0.000000000 0.000000000 0.000000000 1.000000000
246.588944435 230.656939256 390.954517011 0.000000000 0.000000000 0.000000000 0.000000000 1.000000000
246.788658857 231.391567399 391.281704038 0.000000000 0.000000000 0.000000000 0.000000000 1.000000000
246.989307642 232.122459111 391.616530526 0.000000000 0.000000000 0.000000000 0.000000000 1.000000000
247.188745260 232.853591346 391.944554874 0.000000000 0.000000000 0.000000000 0.000000000 1.000000000
247.388726711 233.581802290 392.276448308 0.000000000 0.000000000 0.000000000 0.000000000 1.000000000
247.588802814 234.310696387 392.604737869 0.000000000 0.000000000 0.000000000 0.000000000 1.000000000
247.788446426 235.038461548 392.940812826 0.000000000 0.000000000 0.000000000 0.000000000 1.000000000
247.988644361 235.763748206 393.272891188 0.000000000 0.000000000 0.000000000 0.000000000 1.000000000
248.188809633 236.489541803 393.604844660 0.000000000 0.000000000 0.000000000 0.000000000 1.000000000
248.389034748 237.211148143 393.931900828 0.000000000 0.000000000 0.000000000 0.000000000 1.000000000
248.588963747 237.941961084 394.263246540 0.000000000 0.000000000 0.000000000 0.000000000 1.000000000
248.789544106 238.671465963 394.592299023 0.000000000 0.000000000 0.000000000 0.000000000 1.000000000
248.988577127 239.404077397 394.921960025 0.000000000 0.000000000 0.000000000 0.000000000 1.000000000
249.188984156 240.132610289 395.252432293 0.000000000 0.000000000 0.000000000 0.000000000 1.000000000
249.389062881 240.860439621 395.581547758 0.000000000 0.000000000 0.000000000 0.000000000 1.000000000
249.589038134 241.587339828 395.911965697 0.000000000 0.000000000 0.000000000 0.000000000 1.000000000
249.788558006 242.317235601 396.244463945 0.000000000 0.000000000 0.000000000 0.000000000 1.000000000
249.989195585 243.046153099 396.576817852 0.000000000 0.000000000 0.000000000 0.000000000 1.000000000
250.189368725 243.775719616 396.907312955 0.000000000 0.000000000 0.000000000 0.000000000 1.000000000
250.388818264 244.509120144 397.240008098 0.000000000 0.000000000 0.000000000 0.000000000 1.000000000
250.588794947 245.239332313 397.571604828 0.000000000 0.000000000 0.000000000 0.000000000 1.000000000
250.788891554 245.967516611 397.903223022 0.000000000 0.000000000 0.000000000 0.000000000 1.000000000
250.988816500 246.696885420 398.238638210 0.000000000 0.000000000 0.000000000 0.000000000 1.000000000
251.188679695 247.426160534 398.575379187 0.000000000 0.000000000 0.000000000 0.000000000 1.000000000
251.388500452 248.154742174 398.912431247 0.000000000 0.000000000 0.000000000 0.000000000 1.000000000
251.588381767 248.878866663 399.249600918 0.000000000 0.000000000 0.000000000 0.000000000 1.000000000
251.788634062 249.605469910 399.585505207 0.000000000 0.000000000 0.000000000 0.000000000 1.000000000
251.988579512 250.329795864 399.915979644 0.000000000 0.000000000 0.000000000 0.000000000 1.000000000
252.189474106 251.058550519 400.253442912 0.000000000 0.000000000 0.000000000 0.000000000 1.000000000
252.388845444 251.785332245 400.577578324 0.000000000 0.000000000 0.000000000 0.000000000 1.000000000
252.588799715 252.514430511 400.911074386 0.000000000 0.000000000 0.000000000 0.000000000 1.000000000
252.789246321 253.241087399 401.241281205 0.000000000 0.000000000 0.000000000 0.000000000 1.000000000
252.988504887 253.969558947 401.572794520 0.000000000 0.000000000 0.000000000 0.000000000 1.000000000
253.188955545 254.698472717 401.903559119 0.000000000 0.000000000 0.000000000 0.000000000 1.000000000
253.388993979 255.429372816 402.233822851 0.000000000 0.000000000 0.000000000 0.000000000 1.000000000
253.589015961 256.162205929 402.559764987 0.000000000 0.000000000 0.000000000 0.000000000 1.000000000
253.788546085 256.893845378 402.887626426 0.000000000 0.000000000 0.000000000 0.000000000 1.000000000
253.988956928 257.627122370 403.219568050 0.000000000 0.000000000 0.000000000 0.000000000 1.000000000
254.188810825 258.356261263 403.548610699 0.000000000 0.000000000 0.000000000 0.000000000 1.000000000
254.389405251 259.089752566 403.874248536 0.000000000 0.000000000 0.000000000 0.000000000 1.000000000
254.589345932 259.819350211 404.201298594 0.000000000 0.000000000 0.000000000 0.000000000 1.000000000
254.789227247 260.548392493 404.531999439 0.000000000 0.000000000 0.000000000 0.000000000 1.000000000
254.988783360 261.279162551 404.863698820 0.000000000 0.000000000 0.000000000 0.000000000 1.000000000
255.189342499 262.007933647 405.195233081 0.000000000 0.000000000 0.000000000 0.000000000 1.000000000
255.388685942 262.735861302 405.527655614 0.000000000 0.000000000 0.000000000 0.000000000 1.000000000
255.588995934 263.461657985 405.862222390 0.000000000 0.000000000 0.000000000 0.000000000 1.000000000
255.788899422 264.191311237 406.189366650 0.000000000 0.000000000 0.000000000 0.000000000 1.000000000
255.989113331 264.919067748 406.523471504 0.000000000 0.000000000 0.000000000 0.000000000 1.000000000
256.188786030 265.644252551 406.857308771 0.000000000 0.000000000 0.000000000 0.000000000 1.000000000
256.389121294 266.374417956 407.184295047 0.000000000 0.000000000 0.000000000 0.000000000 1.000000000
256.589360476 267.101795802 407.518156779 0.000000000 0.000000000 0.000000000 0.000000000 1.000000000
256.789211988 267.827202744 407.855646957 0.000000000 0.000000000 0.000000000 0.000000000 1.000000000
256.988786936 268.554367485 408.186544693 0.000000000 0.000000000 0.000000000 0.000000000 1.000000000
257.188885927 269.278785256 408.516239799 0.000000000 0.000000000 0.000000000 0.000000000 1.000000000
257.389298916 270.007682170 408.847891360 0.000000000 0.000000000 0.000000000 0.000000000 1.000000000
257.589283466 270.736275310 409.181680858 0.000000000 0.000000000 0.000000000 0.000000000 1.000000000
257.788691521 271.463049653 409.514747519 0.000000000 0.000000000 0.000000000 0.000000000 1.000000000
257.988562346 272.189522910 409.842499076 0.000000000 0.000000000 0.000000000 0.000000000 1.000000000
258.188718557 272.915653705 410.170351845 0.000000000 0.000000000 0.000000000 0.000000000 1.000000000
258.389140129 273.638448238 410.508898388 0.000000000 0.000000000 0.000000000 0.000000000 1.000000000
258.588363171 274.364275010 410.839713200 0.000000000 0.000000000 0.000000000 0.000000000 1.000000000
258.788483143 275.093029195 411.170713236 0.000000000 0.000000000 0.000000000 0.000000000 1.000000000
258.988498926 275.817616151 411.507580906 0.000000000 0.000000000 0.000000000 0.000000000 1.000000000
259.189354897 276.542963561 411.842272039 0.000000000 0.000000000 0.000000000 0.000000000 1.000000000
259.389192820 277.267760269 412.169178215 0.000000000 0.000000000 0.000000000 0.000000000 1.000000000
259.587844849 277.989401492 412.501553136 0.000000000 0.000000000 0.000000000 0.000000000 1.000000000
259.788122416 278.710979015 412.830140930 0.000000000 0.000000000 0.000000000 0.000000000 1.000000000
259.988182545 279.432835126 413.157180528 0.000000000 0.000000000 0.000000000 0.000000000 1.000000000
260.188383579 280.150187197 413.485350737 0.000000000 0.000000000 0.000000000 0.000000000 1.000000000
260.387699604 280.871135998 413.813073064 0.000000000 0.000000000 0.000000000 0.000000000 1.000000000
260.587507963 281.593827392 414.142604655 0.000000000 0.000000000 0.000000000 0.000000000 1.000000000
260.787713289 282.319260492 414.469847512 0.000000000 0.000000000 0.000000000 0.000000000 1.000000000
260.987694025 283.043582133 414.800272028 0.000000000 0.000000000 0.000000000 0.000000000 1.000000000
261.188174009 283.769423906 415.130476884 0.000000000 0.000000000 0.000000000 0.000000000 1.000000000
261.387497187 284.491159576 415.457369442 0.000000000 0.000000000 0.000000000 0.000000000 1.000000000
261.587825537 285.218982939 415.786002281 0.000000000 0.000000000 0.000000000 0.000000000 1.000000000
261.788008451 285.945798082 416.116317533 0.000000000 0.000000000 0.000000000 0.000000000 1.000000000
261.987545729 286.674778586 416.440323236 0.000000000 0.000000000 0.000000000 0.000000000 1.000000000
262.188462019 287.406682130 416.771423521 0.000000000 0.000000000 0.000000000 0.000000000 1.000000000
262.388462543 288.138800907 417.098162774 0.000000000 0.000000000 0.000000000 0.000000000 1.000000000
262.587761641 288.870314241 417.431090099 0.000000000 0.000000000 0.000000000 0.000000000 1.000000000
262.787845373 289.600942244 417.765675549 0.000000000 0.000000000 0.000000000 0.000000000 1.000000000
262.988472462 290.329520930 418.098886013 0.000000000 0.000000000 0.000000000 0.000000000 1.000000000
263.188084364 291.051574032 418.435940577 0.000000000 0.000000000 0.000000000 0.000000000 1.000000000
263.387532949 291.785172795 418.772325528 0.000000000 0.000000000 0.000000000 0.000000000 1.000000000
263.588038445 292.509063638 419.111721477 0.000000000 0.000000000 0.000000000 0.000000000 1.000000000
263.788508892 293.233743706 419.451618306 0.000000000 0.000000000 0.000000000 0.000000000 1.000000000
263.987534761 293.966852377 419.789144059 0.000000000 0.000000000 0.000000000 0.000000000 1.000000000
264.188263178 294.694423787 420.124196607 0.000000000 0.000000000 0.000000000 0.000000000 1.000000000
264.387826204 295.421368864 420.456370069 0.000000000 0.000000000 0.000000000 0.000000000 1.000000000
264.588339567 296.146732727 420.785062679 0.000000000 0.000000000 0.000000000 0.000000000 1.000000000
264.788388014 296.871163083 421.113341264 0.000000000 0.000000000 0.000000000 0.000000000 1.000000000
264.988039017 297.599962563 421.443011422 0.000000000 0.000000000 0.000000000 0.000000000 1.000000000
265.188364744 298.326566862 421.769824002 0.000000000 0.000000000 0.000000000 0.000000000 1.000000000
265.387590408 299.056537420 422.096695694 0.000000000 0.000000000 0.000000000 0.000000000 1.000000000
265.588117599 299.782680233 422.423415523 0.000000000 0.000000000 0.000000000 0.000000000 1.000000000
265.787917614 300.515379834 422.752526907 0.000000000 0.000000000 0.000000000 0.000000000 1.000000000
265.988094091 301.246465555 423.080960445 0.000000000 0.000000000 0.000000000 0.000000000 1.000000000
266.188085318 301.974954159 423.408577949 0.000000000 0.000000000 0.000000000 0.000000000 1.000000000
266.387529135 302.702213490 423.738848536 0.000000000 0.000000000 0.000000000 0.000000000 1.000000000
266.588160753 303.428885242 424.071478129 0.000000000 0.000000000 0.000000000 0.000000000 1.000000000
266.787482023 304.156219905 424.396102862 0.000000000 0.000000000 0.000000000 0.000000000 1.000000000
266.988103151 304.886922237 424.723855124 0.000000000 0.000000000 0.000000000 0.000000000 1.000000000
267.187525511 305.613495946 425.050205787 0.000000000 0.000000000 0.000000000 0.000000000 1.000000000
267.387881994 306.339049029 425.374365845 0.000000000 0.000000000 0.000000000 0.000000000 1.000000000
267.587742329 307.071429875 425.700285458 0.000000000 0.000000000 0.000000000 0.000000000 1.000000000
267.787532330 307.799578538 426.028404300 0.000000000 0.000000000 0.000000000 0.000000000 1.000000000
267.988064528 308.527355676 426.358718254 0.000000000 0.000000000 0.000000000 0.000000000 1.000000000
268.187750340 309.254941363 426.689964863 0.000000000 0.000000000 0.000000000 0.000000000 1.000000000
268.387905121 309.983783082 427.022229605 0.000000000 0.000000000 0.000000000 0.000000000 1.000000000
268.587859869 310.716642118 427.364640515 0.000000000 0.000000000 0.000000000 0.000000000 1.000000000
268.788322687 311.445472590 427.704719739 0.000000000 0.000000000 0.000000000 0.000000000 1.000000000
268.987517834 312.176205483 428.037700224 0.000000000 0.000000000 0.000000000 0.000000000 1.000000000
269.187290430 312.901869344 428.374541126 0.000000000 0.000000000 0.000000000 0.000000000 1.000000000
269.387794495 313.623820188 428.708270716 0.000000000 0.000000000 0.000000000 0.000000000 1.000000000
269.587385416 314.348538841 429.040079473 0.000000000 0.000000000 0.000000000 0.000000000 1.000000000
269.787872791 315.071868466 429.371321534 0.000000000 0.000000000 0.000000000 0.000000000 1.000000000
269.988269567 315.798848200 429.699213107 0.000000000 0.000000000 0.000000000 0.000000000 1.000000000
270.188228846 316.527598090 430.025158538 0.000000000 0.000000000 0.000000000 0.000000000 1.000000000
270.387438774 317.257202925 430.352075830 0.000000000 0.000000000 0.000000000 0.000000000 1.000000000
270.587302923 317.988028393 430.681838876 0.000000000 0.000000000 0.000000000 0.000000000 1.000000000
270.787632942 318.716813710 431.011680439 0.000000000 0.000000000 0.000000000 0.000000000 1.000000000
270.988026857 319.448203429 431.340269149 0.000000000 0.000000000 0.000000000 0.000000000 1.000000000
271.188208342 320.178656226 431.665768134 0.000000000 0.000000000 0.000000000 0.000000000 1.000000000
271.388034582 320.908556583 431.996628116 0.000000000 0.000000000 0.000000000 0.000000000 1.000000000
271.587566137 321.637730690 432.322752836 0.000000000 0.000000000 0.000000000 0.000000000 1.000000000
271.787417650 322.369358813 432.655896841 0.000000000 0.000000000 0.000000000 0.000000000 1.000000000
271.987582922 323.100176765 432.980568407 0.000000000 0.000000000 0.000000000 0.000000000 1.000000000
272.188049078 323.829554110 433.315425742 0.000000000 0.000000000 0.000000000 0.000000000 1.000000000
272.387660742 324.563748511 433.642572596 0.000000000 0.000000000 0.000000000 0.000000000 1.000000000
272.587878227 325.293735681 433.972811551 0.000000000 0.000000000 0.000000000 0.000000000 1.000000000
272.787840843 326.018612872 434.302023722 0.000000000 0.000000000 0.000000000 0.000000000 1.000000000
272.988203287 326.748309010 434.633049570 0.000000000 0.000000000 0.000000000 0.000000000 1.000000000
273.187939167 327.473685405 434.961249051 0.000000000 0.000000000 0.000000000 0.000000000 1.000000000
273.387563229 328.200041277 435.294232587 0.000000000 0.000000000 0.000000000 0.000000000 1.000000000
273.588056087 328.924173086 435.623895232 0.000000000 0.000000000 0.000000000 0.000000000 1.000000000
273.787343979 329.652376789 435.957759020 0.000000000 0.000000000 0.000000000 0.000000000 1.000000000
273.987658739 330.378161531 436.288326929 0.000000000 0.000000000 0.000000000 0.000000000 1.000000000
274.187287569 331.105411871 436.618606016 0.000000000 0.000000000 0.000000000 0.000000000 1.000000000
274.387401819 331.829833617 436.948636006 0.000000000 0.000000000 0.000000000 0.000000000 1.000000000
274.588258028 332.558038150 437.275727270 0.000000000 0.000000000 0.000000000 0.000000000 1.000000000
274.787272453 333.287348806 437.608988646 0.000000000 0.000000000 0.000000000 0.000000000 1.000000000
274.987280130 334.018871897 437.938433702 0.000000000 0.000000000 0.000000000 0.000000000 1.000000000
275.187816381 334.747856381 438.275287644 0.000000000 0.000000000 0.000000000 0.000000000 1.000000000
275.387888908 335.479851595 438.608782537 0.000000000 0.000000000 0.000000000 0.000000000 1.000000000
275.588092327 336.212655330 438.943531161 0.000000000 0.000000000 0.000000000 0.000000000 1.000000000
275.788107634 336.942915519 439.276392733 0.000000000 0.000000000 0.000000000 0.000000000 1.000000000
275.987564564 337.669563293 439.605743390 0.000000000 0.000000000 0.000000000 0.000000000 1.000000000
276.187726736 338.397890190 439.938576369 0.000000000 0.000000000 0.000000000 0.000000000 1.000000000
276.387806892 339.123278772 440.269346988 0.000000000 0.000000000 0.000000000 0.000000000 1.000000000
276.587912321 339.843122002 440.605286957 0.000000000 0.000000000 0.000000000 0.000000000 1.000000000
276.788156748 340.561826365 440.938670502 0.000000000 0.000000000 0.000000000 0.000000000 1.000000000
276.988177538 341.277599503 441.268886704 0.000000000 0.000000000 0.000000000 0.000000000 1.000000000
277.187342882 341.995345412 441.596383252 0.000000000 0.000000000 0.000000000 0.000000000 1.000000000
277.387485266 342.710326427 441.928051758 0.000000000 0.000000000 0.000000000 0.000000000 1.000000000
277.588266850 343.427522035 442.260473451 0.000000000 0.000000000 0.000000000 0.000000000 1.000000000
277.787932158 344.141923846 442.589356613 0.000000000 0.000000000 0.000000000 0.000000000 1.000000000
277.987628937 344.859816063 442.923706976 0.000000000 0.000000000 0.000000000 0.000000000 1.000000000
278.187543392 345.581461506 443.258646175 0.000000000 0.000000000 0.000000000 0.000000000 1.000000000
278.387748003 346.307253566 443.590285534 0.000000000 0.000000000 0.000000000 0.000000000 1.000000000
278.587803602 347.030899730 443.925070028 0.000000000 0.000000000 0.000000000 0.000000000 1.000000000
278.787319660 347.764593176 444.260792544 0.000000000 0.000000000 0.000000000 0.000000000 1.000000000
278.987788439 348.496954856 444.594869597 0.000000000 0.000000000 0.000000000 0.000000000 1.000000000
279.187733650 349.223685077 444.935787094 0.000000000 0.000000000 0.000000000 0.000000000 1.000000000
279.387261152 349.953872920 445.270157112 0.000000000 0.000000000 0.000000000 0.000000000 1.000000000
279.588001728 350.685065250 445.602242331 0.000000000 0.000000000 0.000000000 0.000000000 1.000000000
279.787903786 351.413808829 445.936697310 0.000000000 0.000000000 0.000000000 0.000000000 1.000000000
279.987516403 352.144108530 446.271734724 0.000000000 0.000000000 0.000000000 0.000000000 1.000000000
280.187948942 352.874986821 446.603872538 0.000000000 0.000000000 0.000000000 0.000000000 1.000000000
280.388071060 353.608121045 446.939038051 0.000000000 0.000000000 0.000000000 0.000000000 1.000000000
280.588193655 354.341506239 447.274188068 0.000000000 0.000000000 0.000000000 0.000000000 1.000000000
280.787483931 355.074697201 447.610933865 0.000000000 0.000000000 0.000000000 0.000000000 1.000000000
280.987494946 355.800870104 447.949070980 0.000000000 0.000000000 0.000000000 0.000000000 1.000000000
281.188051701 356.530622536 448.281980159 0.000000000 0.000000000 0.000000000 0.000000000 1.000000000
281.387969255 357.258276598 448.617879510 0.000000000 0.000000000 0.000000000 0.000000000 1.000000000
281.587673187 357.985451289 448.950840350 0.000000000 0.000000000 0.000000000 0.000000000 1.000000000
281.787835121 358.710556628 449.283477555 0.000000000 0.000000000 0.000000000 0.000000000 1.000000000
281.987998962 359.431454432 449.618324231 0.000000000 0.000000000 0.000000000 0.000000000 1.000000000
282.187443972 360.154848626 449.949326515 0.000000000 0.000000000 0.000000000 0.000000000 1.000000000
282.387414455 360.878917038 450.283468985 0.000000000 0.000000000 0.000000000 0.000000000 1.000000000
282.587749958 361.601670865 450.619117646 0.000000000 0.000000000 0.000000000 0.000000000 1.000000000
282.787311554 362.331139578 450.946329095 0.000000000 0.000000000 0.000000000 0.000000000 1.000000000
282.987948418 363.061021020 451.278340934 0.000000000 0.000000000 0.000000000 0.000000000 1.000000000
283.187616587 363.790649782 451.609153446 0.000000000 0.000000000 0.000000000 0.000000000 1.000000000
283.387228012 364.520652806 451.935777446 0.000000000 0.000000000 0.000000000 0.000000000 1.000000000
283.588198185 365.254247721 452.266141978 0.000000000 0.000000000 0.000000000 0.000000000 1.000000000
283.787368536 365.988732429 452.596355774 0.000000000 0.000000000 0.000000000 0.000000000 1.000000000
283.987152338 366.722823613 452.925345513 0.000000000 0.000000000 0.000000000 0.000000000 1.000000000
284.187629700 367.455547024 453.255427162 0.000000000 0.000000000 0.000000000 0.000000000 1.000000000
284.388108015 368.185187567 453.580536485 0.000000000 0.000000000 0.000000000 0.000000000 1.000000000
284.587510109 368.915202929 453.917173794 0.000000000 0.000000000 0.000000000 0.000000000 1.000000000
284.787605286 369.645405261 454.242063082 0.000000000 0.000000000 0.000000000 0.000000000 1.000000000
284.987503290 370.374175264 454.573089783 0.000000000 0.000000000 0.000000000 0.000000000 1.000000000
285.187718153 371.104217587 454.900834852 0.000000000 0.000000000 0.000000000 0.000000000 1.000000000
285.388065577 371.837428947 455.227333749 0.000000000 0.000000000 0.000000000 0.000000000 1.000000000
285.587424517 372.571011566 455.557861531 0.000000000 0.000000000 0.000000000 0.000000000 1.000000000
285.788000345 373.311353937 455.886724908 0.000000000 0.000000000 0.000000000 0.000000000 1.000000000
285.986454010 374.043752663 456.219036389 0.000000000 0.000000000 0.000000000 0.000000000 1.000000000
286.187767982 374.778352877 456.551045994 0.000000000 0.000000000 0.000000000 0.000000000 1.000000000
286.387576580 375.508473493 456.887430661 0.000000000 0.000000000 0.000000000 0.000000000 1.000000000
286.587243557 376.239779910 457.217003330 0.000000000 0.000000000 0.000000000 0.000000000 1.000000000
286.787939548 376.973138868 457.554030582 0.000000000 0.000000000 0.000000000 0.000000000 1.000000000
286.986382008 377.706349805 457.886484074 0.000000000 0.000000000 0.000000000 0.000000000 1.000000000
287.186242580 378.439668799 458.222330311 0.000000000 0.000000000 0.000000000 0.000000000 1.000000000
287.386211634 379.170146732 458.558472919 0.000000000 0.000000000 0.000000000 0.000000000 1.000000000
287.587108135 379.901136353 458.896606285 0.000000000 0.000000000 0.000000000 0.000000000 1.000000000
287.786515951 380.632502593 459.230231599 0.000000000 0.000000000 0.000000000 0.000000000 1.000000000
287.986929655 381.365180074 459.563818876 0.000000000 0.000000000 0.000000000 0.000000000 1.000000000
288.187028408 382.093104064 459.902281223 0.000000000 0.000000000 0.000000000 0.000000000 1.000000000
288.387023687 382.824673434 460.236559820 0.000000000 0.000000000 0.000000000 0.000000000 1.000000000
288.586608410 383.558898385 460.572668818 0.000000000 0.000000000 0.000000000 0.000000000 1.000000000
288.787174225 384.294932953 460.915377437 0.000000000 0.000000000 0.000000000 0.000000000 1.000000000
288.986978769 385.029909093 461.250873742 0.000000000 0.000000000 0.000000000 0.000000000 1.000000000
289.187181473 385.760508302 461.587230835 0.000000000 0.000000000 0.000000000 0.000000000 1.000000000
289.386554956 386.487876318 461.922317183 0.000000000 0.000000000 0.000000000 0.000000000 1.000000000
289.586851597 387.217369093 462.254687188 0.000000000 0.000000000 0.000000000 0.000000000 1.000000000
289.787047625 387.951191708 462.587991627 0.000000000 0.000000000 0.000000000 0.000000000 1.000000000
289.987112761 388.681986568 462.922262157 0.000000000 0.000000000 0.000000000 0.000000000 1.000000000
290.187290430 389.406568104 463.251583495 0.000000000 0.000000000 0.000000000 0.000000000 1.000000000
290.386739254 390.131621319 463.582514722 0.000000000 0.000000000 0.000000000 0.000000000 1.000000000
290.588116884 390.857268920 463.914671176 0.000000000 0.000000000 0.000000000 0.000000000 1.000000000
290.786510468 391.580546875 464.244155549 0.000000000 0.000000000 0.000000000 0.000000000 1.000000000
290.986176729 392.299257228 464.571447906 0.000000000 0.000000000 0.000000000 0.000000000 1.000000000
291.186365604 393.023639527 464.900161192 0.000000000 0.000000000 0.000000000 0.000000000 1.000000000
291.386489153 393.746547621 465.230735792 0.000000000 0.000000000 0.000000000 0.000000000 1.000000000
291.586265326 394.472572075 465.553861200 0.000000000 0.000000000 0.000000000 0.000000000 1.000000000
291.786887169 395.196666615 465.882179375 0.000000000 0.000000000 0.000000000 0.000000000 1.000000000
291.986670732 395.925932761 466.206534412 0.000000000 0.000000000 0.000000000 0.000000000 1.000000000
292.186998129 396.655111711 466.527322048 0.000000000 0.000000000 0.000000000 0.000000000 1.000000000
292.386252403 397.386325554 466.856512757 0.000000000 0.000000000 0.000000000 0.000000000 1.000000000
292.587134361 398.114068973 467.182299555 0.000000000 0.000000000 0.000000000 0.000000000 1.000000000
292.786845922 398.843347441 467.513875402 0.000000000 0.000000000 0.000000000 0.000000000 1.000000000
292.986836910 399.572991136 467.844679810 0.000000000 0.000000000 0.000000000 0.000000000 1.000000000
293.187122107 400.302271944 468.174042710 0.000000000 0.000000000 0.000000000 0.000000000 1.000000000
293.386463165 401.034887283 468.498194672 0.000000000 0.000000000 0.000000000 0.000000000 1.000000000
293.586787224 401.769175198 468.823244330 0.000000000 0.000000000 0.000000000 0.000000000 1.000000000
293.786821365 402.508316528 469.149832693 0.000000000 0.000000000 0.000000000 0.000000000 1.000000000
293.986618280 403.246085126 469.472560056 0.000000000 0.000000000 0.000000000 0.000000000 1.000000000
294.187036514 403.980803551 469.798318693 0.000000000 0.000000000 0.000000000 0.000000000 1.000000000
294.386998415 404.713135898 470.128255729 0.000000000 0.000000000 0.000000000 0.000000000 1.000000000
294.587046385 405.443540547 470.459853135 0.000000000 0.000000000 0.000000000 0.000000000 1.000000000
294.787020445 406.174738559 470.788833206 0.000000000 0.000000000 0.000000000 0.000000000 1.000000000
294.986365318 406.897137489 471.124113176 0.000000000 0.000000000 0.000000000 0.000000000 1.000000000
295.186898947 407.621058068 471.458434163 0.000000000 0.000000000 0.000000000 0.000000000 1.000000000
295.386647940 408.340599161 471.795508086 0.000000000 0.000000000 0.000000000 0.000000000 1.000000000
295.587019205 409.065126432 472.131323502 0.000000000 0.000000000 0.000000000 0.000000000 1.000000000
295.786559820 409.789651203 472.463567721 0.000000000 0.000000000 0.000000000 0.000000000 1.000000000
295.986242533 410.510706159 472.797663040 0.000000000 0.000000000 0.000000000 0.000000000 1.000000000
296.186341286 411.230512242 473.129997025 0.000000000 0.000000000 0.000000000 0.000000000 1.000000000
296.386816025 411.950645050 473.459344101 0.000000000 0.000000000 0.000000000 0.000000000 1.000000000
296.586858511 412.675660530 473.793050667 0.000000000 0.000000000 0.000000000 0.000000000 1.000000000
296.786360741 413.401474285 474.121891106 0.000000000 0.000000000 0.000000000 0.000000000 1.000000000
296.986965895 414.125143706 474.452438042 0.000000000 0.000000000 0.000000000 0.000000000 1.000000000
297.187001467 414.850522457 474.778597392 0.000000000 0.000000000 0.000000000 0.000000000 1.000000000
297.386896372 415.577614076 475.110650516 0.000000000 0.000000000 0.000000000 0.000000000 1.000000000
297.587038994 416.299399893 475.440915901 0.000000000 0.000000000 0.000000000 0.000000000 1.000000000
297.786018610 417.029209497 475.776346883 0.000000000 0.000000000 0.000000000 0.000000000 1.000000000
297.986314535 417.753032596 476.107760282 0.000000000 0.000000000 0.000000000 0.000000000 1.000000000
298.187101126 418.478635243 476.444677018 0.000000000 0.000000000 0.000000000 0.000000000 1.000000000
298.386331558 419.205598034 476.781588471 0.000000000 0.000000000 0.000000000 0.000000000 1.000000000
298.586835146 419.933630903 477.121030128 0.000000000 0.000000000 0.000000000 0.000000000 1.000000000
298.786148548 420.663855250 477.460152050 0.000000000 0.000000000 0.000000000 0.000000000 1.000000000
298.986753225 421.396289398 477.795337049 0.000000000 0.000000000 0.000000000 0.000000000 1.000000000
299.186306000 422.122859876 478.130939761 0.000000000 0.000000000 0.000000000 0.000000000 1.000000000
299.386406422 422.855992438 478.455778004 0.000000000 0.000000000 0.000000000 0.000000000 1.000000000
299.586987257 423.587145369 478.781592948 0.000000000 0.000000000 0.000000000 0.000000000 1.000000000
299.786693335 424.318692490 479.105434721 0.000000000 0.000000000 0.000000000 0.000000000 1.000000000
299.986163139 425.042713500 479.437368106 0.000000000 0.000000000 0.000000000 0.000000000 1.000000000
300.186093569 425.769681897 479.761991824 0.000000000 0.000000000 0.000000000 0.000000000 1.000000000
300.386845827 426.492140357 480.094531050 0.000000000 0.000000000 0.000000000 0.000000000 1.000000000
300.586273193 427.215300865 480.425124750 0.000000000 0.000000000 0.000000000 0.000000000 1.000000000
300.787004232 427.938554065 480.764083481 0.000000000 0.000000000 0.000000000 0.000000000 1.000000000
300.987002373 428.660403471 481.093667520 0.000000000 0.000000000 0.000000000 0.000000000 1.000000000
301.186256409 429.383492006 481.428152866 0.000000000 0.000000000 0.000000000 0.000000000 1.000000000
301.386658907 430.105283474 481.754818853 0.000000000 0.000000000 0.000000000 0.000000000 1.000000000
301.586332798 430.827524691 482.081654588 0.000000000 0.000000000 0.000000000 0.000000000 1.000000000
301.786767483 431.553951173 482.402407285 0.000000000 0.000000000 0.000000000 0.000000000 1.000000000
301.986057043 432.280351242 482.724526508 0.000000000 0.000000000 0.000000000 0.000000000 1.000000000
302.186318874 433.008718486 483.044400613 0.000000000 0.000000000 0.000000000 0.000000000 1.000000000
302.386826754 433.736397246 483.362950767 0.000000000 0.000000000 0.000000000 0.000000000 1.000000000
302.586496830 434.466628937 483.683862935 0.000000000 0.000000000 0.000000000 0.000000000 1.000000000
302.786985159 435.199994613 484.004754667 0.000000000 0.000000000 0.000000000 0.000000000 1.000000000
302.986917496 435.935978552 484.323842790 0.000000000 0.000000000 0.000000000 0.000000000 1.000000000
303.186524153 436.672574785 484.651088884 0.000000000 0.000000000 0.000000000 0.000000000 1.000000000
303.386571884 437.406785619 484.986763460 0.000000000 0.000000000 0.000000000 0.000000000 1.000000000
303.585995197 438.148870978 485.318205496 0.000000000 0.000000000 0.000000000 0.000000000 1.000000000
303.786143303 438.889436707 485.650452647 0.000000000 0.000000000 0.000000000 0.000000000 1.000000000
303.986436844 439.629092252 485.986430341 0.000000000 0.000000000 0.000000000 0.000000000 1.000000000
304.186913967 440.360660817 486.318672254 0.000000000 0.000000000 0.000000000 0.000000000 1.000000000
304.386214495 441.086278029 486.657798297 0.000000000 0.000000000 0.000000000 0.000000000 1.000000000
304.586824894 441.807653914 486.998762779 0.000000000 0.000000000 0.000000000 0.000000000 1.000000000
304.786069155 442.531254604 487.339174096 0.000000000 0.000000000 0.000000000 0.000000000 1.000000000
304.986048698 443.254315961 487.679122666 0.000000000 0.000000000 0.000000000 0.000000000 1.000000000
305.186686039 443.980082847 488.016728702 0.000000000 0.000000000 0.000000000 0.000000000 1.000000000
305.386857748 444.708991966 488.349489758 0.000000000 0.000000000 0.000000000 0.000000000 1.000000000
305.586886883 445.441702092 488.684134525 0.000000000 0.000000000 0.000000000 0.000000000 1.000000000
305.786988497 446.183272246 489.027077620 0.000000000 0.000000000 0.000000000 0.000000000 1.000000000
305.986129522 446.921880258 489.366019639 0.000000000 0.000000000 0.000000000 0.000000000 1.000000000
306.186915636 447.661518032 489.700941518 0.000000000 0.000000000 0.000000000 0.000000000 1.000000000
306.386225700 448.403225655 490.042264191 0.000000000 0.000000000 0.000000000 0.000000000 1.000000000
306.586944103 449.141045098 490.378831586 0.000000000 0.000000000 0.000000000 0.000000000 1.000000000
306.786550522 449.877996440 490.717556490 0.000000000 0.000000000 0.000000000 0.000000000 1.000000000
306.986410379 450.611950964 491.050984939 0.000000000 0.000000000 0.000000000 0.000000000 1.000000000
307.186413527 451.342663094 491.390228330 0.000000000 0.000000000 0.000000000 0.000000000 1.000000000
307.386272669 452.070442910 491.726141489 0.000000000 0.000000000 0.000000000 0.000000000 1.000000000
307.586542130 452.799250660 492.054424466 0.000000000 0.000000000 0.000000000 0.000000000 1.000000000
307.786950827 453.523172067 492.379013934 0.000000000 0.000000000 0.000000000 0.000000000 1.000000000
307.986074924 454.250960145 492.705432307 0.000000000 0.000000000 0.000000000 0.000000000 1.000000000
308.186319351 454.976174866 493.030971699 0.000000000 0.000000000 0.000000000 0.000000000 1.000000000
308.386016846 455.697621925 493.357171951 0.000000000 0.000000000 0.000000000 0.000000000 1.000000000
308.586972475 456.419262579 493.691217861 0.000000000 0.000000000 0.000000000 0.000000000 1.000000000
308.787052155 457.139860226 494.024879125 0.000000000 0.000000000 0.000000000 0.000000000 1.000000000
308.986197710 457.858090145 494.357143475 0.000000000 0.000000000 0.000000000 0.000000000 1.000000000
309.186355352 458.570715293 494.692139042 0.000000000 0.000000000 0.000000000 0.000000000 1.000000000
309.386126518 459.282185421 495.020281771 0.000000000 0.000000000 0.000000000 0.000000000 1.000000000
309.586813927 459.998257616 495.346739003 0.000000000 0.000000000 0.000000000 0.000000000 1.000000000
309.786600113 460.717075862 495.675449462 0.000000000 0.000000000 0.000000000 0.000000000 1.000000000
309.986465931 461.439416788 496.003411045 0.000000000 0.000000000 0.000000000 0.000000000 1.000000000
310.186165571 462.161471436 496.337955868 0.000000000 0.000000000 0.000000000 0.000000000 1.000000000
310.386414051 462.886319970 496.673532133 0.000000000 0.000000000 0.000000000 0.000000000 1.000000000
310.586106062 463.611130766 497.011035754 0.000000000 0.000000000 0.000000000 0.000000000 1.000000000
310.786149740 464.332880059 497.351966969 0.000000000 0.000000000 0.000000000 0.000000000 1.000000000
310.986447334 465.064410900 497.685839502 0.000000000 0.000000000 0.000000000 0.000000000 1.000000000
311.185884237 465.793861770 498.024105879 0.000000000 0.000000000 0.000000000 0.000000000 1.000000000
311.386430502 466.524400310 498.363872163 0.000000000 0.000000000 0.000000000 0.000000000 1.000000000
311.586168051 467.253424134 498.701255797 0.000000000 0.000000000 0.000000000 0.000000000 1.000000000
311.786796093 467.984883020 499.037635964 0.000000000 0.000000000 0.000000000 0.000000000 1.000000000
311.986321688 468.717436612 499.369563685 0.000000000 0.000000000 0.000000000 0.000000000 1.000000000
312.186251879 469.448792533 499.704773262 0.000000000 0.000000000 0.000000000 0.000000000 1.000000000
312.386264801 470.180441557 500.039502540 0.000000000 0.000000000 0.000000000 0.000000000 1.000000000
312.586357594 470.912461280 500.371094130 0.000000000 0.000000000 0.000000000 0.000000000 1.000000000
312.786532879 471.650349755 500.704627242 0.000000000 0.000000000 0.000000000 0.000000000 1.000000000
312.986292362 472.379845809 501.038613266 0.000000000 0.000000000 0.000000000 0.000000000 1.000000000
313.186510801 473.117224750 501.369258751 0.000000000 0.000000000 0.000000000 0.000000000 1.000000000
313.386564255 473.849890709 501.700764483 0.000000000 0.000000000 0.000000000 0.000000000 1.000000000
313.586769342 474.583434107 502.030714827 0.000000000 0.000000000 0.000000000 0.000000000 1.000000000
313.785703659 475.318826750 502.360039810 0.000000000 0.000000000 0.000000000 0.000000000 1.000000000
313.985585928 476.048393898 502.688158971 0.000000000 0.000000000 0.000000000 0.000000000 1.000000000
314.185728550 476.780355489 503.026634475 0.000000000 0.000000000 0.000000000 0.000000000 1.000000000
314.385041714 477.511381627 503.354404950 0.000000000 0.000000000 0.000000000 0.000000000 1.000000000
314.585728884 478.242191284 503.681884762 0.000000000 0.000000000 0.000000000 0.000000000 1.000000000
314.785001278 478.972127876 504.012286375 0.000000000 0.000000000 0.000000000 0.000000000 1.000000000
314.985263348 479.698399765 504.343925308 0.000000000 0.000000000 0.000000000 0.000000000 1.000000000
315.185670137 480.418238623 504.676617878 0.000000000 0.000000000 0.000000000 0.000000000 1.000000000
315.385495186 481.148722254 505.006020626 0.000000000 0.000000000 0.000000000 0.000000000 1.000000000
315.585881233 481.879830495 505.331647100 0.000000000 0.000000000 0.000000000 0.000000000 1.000000000
315.785026789 482.617647196 505.657532265 0.000000000 0.000000000 0.000000000 0.000000000 1.000000000
315.985879421 483.355781972 505.988841676 0.000000000 0.000000000 0.000000000 0.000000000 1.000000000
316.185180426 484.093466366 506.317173273 0.000000000 0.000000000 0.000000000 0.000000000 1.000000000
316.385822773 484.828359250 506.648912336 0.000000000 0.000000000 0.000000000 0.000000000 1.000000000
316.585084438 485.566119411 506.977800170 0.000000000 0.000000000 0.000000000 0.000000000 1.000000000
316.785194397 486.296019428 507.307034638 0.000000000 0.000000000 0.000000000 0.000000000 1.000000000
316.985738754 487.026157722 507.641671998 0.000000000 0.000000000 0.000000000 0.000000000 1.000000000
317.185481310 487.752312691 507.970326218 0.000000000 0.000000000 0.000000000 0.000000000 1.000000000
317.385188341 488.480881326 508.298286988 0.000000000 0.000000000 0.000000000 0.000000000 1.000000000
317.585966110 489.206084607 508.628650263 0.000000000 0.000000000 0.000000000 0.000000000 1.000000000
317.785241365 489.936772935 508.956986896 0.000000000 0.000000000 0.000000000 0.000000000 1.000000000
317.985631943 490.662943327 509.285829633 0.000000000 0.000000000 0.000000000 0.000000000 1.000000000
318.185423136 491.384673346 509.621659803 0.000000000 0.000000000 0.000000000 0.000000000 1.000000000
318.385009289 492.104544148 509.956576160 0.000000000 0.000000000 0.000000000 0.000000000 1.000000000
318.585243940 492.829079371 510.293031859 0.000000000 0.000000000 0.000000000 0.000000000 1.000000000
318.785267115 493.555766156 510.619539979 0.000000000 0.000000000 0.000000000 0.000000000 1.000000000
318.985339642 494.279958065 510.942845025 0.000000000 0.000000000 0.000000000 0.000000000 1.000000000
319.185967922 495.001001466 511.274194657 0.000000000 0.000000000 0.000000000 0.000000000 1.000000000
319.385637522 495.721133786 511.603516382 0.000000000 0.000000000 0.000000000 0.000000000 1.000000000
319.585857153 496.442053659 511.937350216 0.000000000 0.000000000 0.000000000 0.000000000 1.000000000
319.785192013 497.155874537 512.265834879 0.000000000 0.000000000 0.000000000 0.000000000 1.000000000
319.985067606 497.870917137 512.599543289 0.000000000 0.000000000 0.000000000 0.000000000 1.000000000
320.185541391 498.587609201 512.926726351 0.000000000 0.000000000 0.000000000 0.000000000 1.000000000
320.384994030 499.303321007 513.260016958 0.000000000 0.000000000 0.000000000 0.000000000 1.000000000
320.585593700 500.021370021 513.588676285 0.000000000 0.000000000 0.000000000 0.000000000 1.000000000
320.785922527 500.744992893 513.916904408 0.000000000 0.000000000 0.000000000 0.000000000 1.000000000
320.985492468 501.479845847 514.246036394 0.000000000 0.000000000 0.000000000 0.000000000 1.000000000
321.185882092 502.213243692 514.573345613 0.000000000 0.000000000 0.000000000 0.000000000 1.000000000
321.385010958 502.947858914 514.897337093 0.000000000 0.000000000 0.000000000 0.000000000 1.000000000
321.585104227 503.675278176 515.229996919 0.000000000 0.000000000 0.000000000 0.000000000 1.000000000
321.785012007 504.400155458 515.562886455 0.000000000 0.000000000 0.000000000 0.000000000 1.000000000
321.985173941 505.126678686 515.893790396 0.000000000 0.000000000 0.000000000 0.000000000 1.000000000
322.185463667 505.854309998 516.222755677 0.000000000 0.000000000 0.000000000 0.000000000 1.000000000
322.385181904 506.582049539 516.554754367 0.000000000 0.000000000 0.000000000 0.000000000 1.000000000
322.585085154 507.312035183 516.881980201 0.000000000 0.000000000 0.000000000 0.000000000 1.000000000
322.785835981 508.043446255 517.211579622 0.000000000 0.000000000 0.000000000 0.000000000 1.000000000
322.985491276 508.775550188 517.537638896 0.000000000 0.000000000 0.000000000 0.000000000 1.000000000
323.185391665 509.509997318 517.864261183 0.000000000 0.000000000 0.000000000 0.000000000 1.000000000
323.385586977 510.244439727 518.193508713 0.000000000 0.000000000 0.000000000 0.000000000 1.000000000
323.585568666 510.973412979 518.520862803 0.000000000 0.000000000 0.000000000 0.000000000 1.000000000
323.785190344 511.704512156 518.854430068 0.000000000 0.000000000 0.000000000 0.000000000 1.000000000
323.984953165 512.433430589 519.189375222 0.000000000 0.000000000 0.000000000 0.000000000 1.000000000
324.185395956 513.159445834 519.519298515 0.000000000 0.000000000 0.000000000 0.000000000 1.000000000
324.385594845 513.892858915 519.851680844 0.000000000 0.000000000 0.000000000 0.000000000 1.000000000
324.585025549 514.620860066 520.182710099 0.000000000 0.000000000 0.000000000 0.000000000 1.000000000
324.785373926 515.350129981 520.514114737 0.000000000 0.000000000 0.000000000 0.000000000 1.000000000
324.985362291 516.079330999 520.847672872 0.000000000 0.000000000 0.000000000 0.000000000 1.000000000
325.185003281 516.807332348 521.179595978 0.000000000 0.000000000 0.000000000 0.000000000 1.000000000
325.385035992 517.536717713 521.512286783 0.000000000 0.000000000 0.000000000 0.000000000 1.000000000
325.584921360 518.265652789 521.852538584 0.000000000 0.000000000 0.000000000 0.000000000 1.000000000
325.785615444 518.993752583 522.183908792 0.000000000 0.000000000 0.000000000 0.000000000 1.000000000
325.985862970 519.722398979 522.514509655 0.000000000 0.000000000 0.000000000 0.000000000 1.000000000
326.184803247 520.447703264 522.852271684 0.000000000 0.000000000 0.000000000 0.000000000 1.000000000
326.385486841 521.175977346 523.186654198 0.000000000 0.000000000 0.000000000 0.000000000 1.000000000
326.585464001 521.899016273 523.527184317 0.000000000 0.000000000 0.000000000 0.000000000 1.000000000
326.785508156 522.616474746 523.859476491 0.000000000 0.000000000 0.000000000 0.000000000 1.000000000
326.984926939 523.336855708 524.199949733 0.000000000 0.000000000 0.000000000 0.000000000 1.000000000
327.185660839 524.049915402 524.531476176 0.000000000 0.000000000 0.000000000 0.000000000 1.000000000
327.385845900 524.762472836 524.864934706 0.000000000 0.000000000 0.000000000 0.000000000 1.000000000
327.585012436 525.474728407 525.197481992 0.000000000 0.000000000 0.000000000 0.000000000 1.000000000
327.785120726 526.191672853 525.520319838 0.000000000 0.000000000 0.000000000 0.000000000 1.000000000
327.985224485 526.908890214 525.845701077 0.000000000 0.000000000 0.000000000 0.000000000 1.000000000
328.184951544 527.624200551 526.173449904 0.000000000 0.000000000 0.000000000 0.000000000 1.000000000
328.384929657 528.347028400 526.496132238 0.000000000 0.000000000 0.000000000 0.000000000 1.000000000
328.585166931 529.072908227 526.817113659 0.000000000 0.000000000 0.000000000 0.000000000 1.000000000
328.785429955 529.803339087 527.146964834 0.000000000 0.000000000 0.000000000 0.000000000 1.000000000
328.985389948 530.528780059 527.470943774 0.000000000 0.000000000 0.000000000 0.000000000 1.000000000
329.185279131 531.256384374 527.803523350 0.000000000 0.000000000 0.000000000 0.000000000 1.000000000
329.385048866 531.988718143 528.134301731 0.000000000 0.000000000 0.000000000 0.000000000 1.000000000
329.585093737 532.726609594 528.465934172 0.000000000 0.000000000 0.000000000 0.000000000 1.000000000
329.785104990 533.455193017 528.791727222 0.000000000 0.000000000 0.000000000 0.000000000 1.000000000
329.985741377 534.191623312 529.124033910 0.000000000 0.000000000 0.000000000 0.000000000 1.000000000
330.185394287 534.923687224 529.453803810 0.000000000 0.000000000 0.000000000 0.000000000 1.000000000
330.385267735 535.656539760 529.787564374 0.000000000 0.000000000 0.000000000 0.000000000 1.000000000
330.585149765 536.388703977 530.119440174 0.000000000 0.000000000 0.000000000 0.000000000 1.000000000
330.784932137 537.121107527 530.457175001 0.000000000 0.000000000 0.000000000 0.000000000 1.000000000
330.985774755 537.856166429 530.787002503 0.000000000 0.000000000 0.000000000 0.000000000 1.000000000
331.185130119 538.594038915 531.115121528 0.000000000 0.000000000 0.000000000 0.000000000 1.000000000
331.385288000 539.334124557 531.449585327 0.000000000 0.000000000 0.000000000 0.000000000 1.000000000
331.585088015 540.069240335 531.777620234 0.000000000 0.000000000 0.000000000 0.000000000 1.000000000
331.784837484 540.801700038 532.115119400 0.000000000 0.000000000 0.000000000 0.000000000 1.000000000
331.985008955 541.537942647 532.449051162 0.000000000 0.000000000 0.000000000 0.000000000 1.000000000
332.185255051 542.274478026 532.781298468 0.000000000 0.000000000 0.000000000 0.000000000 1.000000000
332.385345221 543.009913203 533.119128727 0.000000000 0.000000000 0.000000000 0.000000000 1.000000000
332.585355282 543.744410074 533.452113612 0.000000000 0.000000000 0.000000000 0.000000000 1.000000000
332.785244226 544.474435413 533.790986390 0.000000000 0.000000000 0.000000000 0.000000000 1.000000000
332.985482931 545.202392172 534.123502820 0.000000000 0.000000000 0.000000000 0.000000000 1.000000000
333.185736418 545.931802958 534.454906162 0.000000000 0.000000000 0.000000000 0.000000000 1.000000000
333.385859728 546.659635220 534.787735073 0.000000000 0.000000000 0.000000000 0.000000000 1.000000000
333.584934235 547.392291959 535.122376963 0.000000000 0.000000000 0.000000000 0.000000000 1.000000000
333.785210848 548.124191978 535.458821349 0.000000000 0.000000000 0.000000000 0.000000000 1.000000000
333.984854698 548.858702755 535.793160251 0.000000000 0.000000000 0.000000000 0.000000000 1.000000000
334.185172081 549.585034915 536.128546030 0.000000000 0.000000000 0.000000000 0.000000000 1.000000000
334.385349512 550.308827323 536.454138063 0.000000000 0.000000000 0.000000000 0.000000000 1.000000000
334.585396767 551.033215411 536.785268282 0.000000000 0.000000000 0.000000000 0.000000000 1.000000000
334.785524130 551.756172508 537.113581065 0.000000000 0.000000000 0.000000000 0.000000000 1.000000000
334.984989166 552.477024072 537.439766545 0.000000000 0.000000000 0.000000000 0.000000000 1.000000000
335.185831547 553.196070160 537.772089853 0.000000000 0.000000000 0.000000000 0.000000000 1.000000000
335.385399580 553.914568060 538.107840523 0.000000000 0.000000000 0.000000000 0.000000000 1.000000000
335.585417986 554.627871067 538.443299159 0.000000000 0.000000000 0.000000000 0.000000000 1.000000000
335.785365820 555.349662503 538.777642266 0.000000000 0.000000000 0.000000000 0.000000000 1.000000000
335.984892130 556.070857447 539.113554202 0.000000000 0.000000000 0.000000000 0.000000000 1.000000000
336.185091734 556.790462977 539.456680091 0.000000000 0.000000000 0.000000000 0.000000000 1.000000000
336.385388851 557.514048114 539.795372761 0.000000000 0.000000000 0.000000000 0.000000000 1.000000000
336.584820032 558.240146891 540.137319246 0.000000000 0.000000000 0.000000000 0.000000000 1.000000000
336.784890890 558.961248784 540.475029086 0.000000000 0.000000000 0.000000000 0.000000000 1.000000000
336.985377312 559.688546081 540.811536472 0.000000000 0.000000000 0.000000000 0.000000000 1.000000000
337.185112000 560.411020569 541.148053329 0.000000000 0.000000000 0.000000000 0.000000000 1.000000000
337.384760857 561.134179537 541.486377105 0.000000000 0.000000000 0.000000000 0.000000000 1.000000000
337.584939718 561.857204266 541.822104171 0.000000000 0.000000000 0.000000000 0.000000000 1.000000000
337.785574436 562.590186712 542.159637454 0.000000000 0.000000000 0.000000000 0.000000000 1.000000000
337.985451221 563.323740535 542.494044884 0.000000000 0.000000000 0.000000000 0.000000000 1.000000000
338.185700178 564.059613229 542.837697385 0.000000000 0.000000000 0.000000000 0.000000000 1.000000000
338.385606289 564.791807626 543.177826692 0.000000000 0.000000000 0.000000000 0.000000000 1.000000000
338.584763527 565.521480454 543.521301498 0.000000000 0.000000000 0.000000000 0.000000000 1.000000000
338.785674095 566.259104396 543.856400636 0.000000000 0.000000000 0.000000000 0.000000000 1.000000000
338.985099792 566.999683644 544.193398380 0.000000000 0.000000000 0.000000000 0.000000000 1.000000000
339.185641050 567.744723631 544.524993479 0.000000000 0.000000000 0.000000000 0.000000000 1.000000000
339.385152340 568.484861428 544.858205491 0.000000000 0.000000000 0.000000000 0.000000000 1.000000000
339.585754871 569.220391975 545.188332484 0.000000000 0.000000000 0.000000000 0.000000000 1.000000000
339.785781622 569.956882751 545.521447601 0.000000000 0.000000000 0.000000000 0.000000000 1.000000000
339.985477686 570.690959146 545.859879425 0.000000000 0.000000000 0.000000000 0.000000000 1.000000000
340.185356617 571.431396398 546.191378095 0.000000000 0.000000000 0.000000000 0.000000000 1.000000000
340.384950876 572.171780727 546.528343864 0.000000000 0.000000000 0.000000000 0.000000000 1.000000000
340.584276438 572.912570423 546.858687708 0.000000000 0.000000000 0.000000000 0.000000000 1.000000000
340.785638332 573.641983906 547.197545422 0.000000000 0.000000000 0.000000000 0.000000000 1.000000000
340.985213041 574.363214741 547.532137059 0.000000000 0.000000000 0.000000000 0.000000000 1.000000000
341.184905529 575.083709755 547.869840976 0.000000000 0.000000000 0.000000000 0.000000000 1.000000000
341.385439873 575.807954367 548.202390015 0.000000000 0.000000000 0.000000000 0.000000000 1.000000000
341.584225655 576.536178106 548.534916382 0.000000000 0.000000000 0.000000000 0.000000000 1.000000000
341.784038067 577.267050017 548.866321160 0.000000000 0.000000000 0.000000000 0.000000000 1.000000000
341.984245777 577.999890343 549.195739414 0.000000000 0.000000000 0.000000000 0.000000000 1.000000000
342.184483290 578.741604277 549.527407019 0.000000000 0.000000000 0.000000000 0.000000000 1.000000000
342.384336233 579.475942961 549.856085445 0.000000000 0.000000000 0.000000000 0.000000000 1.000000000
342.584556341 580.211782045 550.177670377 0.000000000 0.000000000 0.000000000 0.000000000 1.000000000
342.784880400 580.943551533 550.504503307 0.000000000 0.000000000 0.000000000 0.000000000 1.000000000
342.984541178 581.673657538 550.838461165 0.000000000 0.000000000 0.000000000 0.000000000 1.000000000
343.184109449 582.402926693 551.166417432 0.000000000 0.000000000 0.000000000 0.000000000 1.000000000
343.384086609 583.128541048 551.500134832 0.000000000 0.000000000 0.000000000 0.000000000 1.000000000
343.583817720 583.860159435 551.831788938 0.000000000 0.000000000 0.000000000 0.000000000 1.000000000
343.784367323 584.589982593 552.166375614 0.000000000 0.000000000 0.000000000 0.000000000 1.000000000
343.984324932 585.319496750 552.496170921 0.000000000 0.000000000 0.000000000 0.000000000 1.000000000
344.184424877 586.049174216 552.821514578 0.000000000 0.000000000 0.000000000 0.000000000 1.000000000
344.383967876 586.777594750 553.147377473 0.000000000 0.000000000 0.000000000 0.000000000 1.000000000
344.584246635 587.502904319 553.472283164 0.000000000 0.000000000 0.000000000 0.000000000 1.000000000
344.783989668 588.225297789 553.804841364 0.000000000 0.000000000 0.000000000 0.000000000 1.000000000
344.984676123 588.945466802 554.130894761 0.000000000 0.000000000 0.000000000 0.000000000 1.000000000
345.183799982 589.664285640 554.460990008 0.000000000 0.000000000 0.000000000 0.000000000 1.000000000
345.384120464 590.384201292 554.790380772 0.000000000 0.000000000 0.000000000 0.000000000 1.000000000
345.583886862 591.104675200 555.128805044 0.000000000 0.000000000 0.000000000 0.000000000 1.000000000
345.784380198 591.825816004 555.456792632 0.000000000 0.000000000 0.000000000 0.000000000 1.000000000
345.984005213 592.547068877 555.790143903 0.000000000 0.000000000 0.000000000 0.000000000 1.000000000
346.184251547 593.265733192 556.124540829 0.000000000 0.000000000 0.000000000 0.000000000 1.000000000
346.384429693 593.983135998 556.457246389 0.000000000 0.000000000 0.000000000 0.000000000 1.000000000
346.584698915 594.702329913 556.789651117 0.000000000 0.000000000 0.000000000 0.000000000 1.000000000
346.784466743 595.426392448 557.108195851 0.000000000 0.000000000 0.000000000 0.000000000 1.000000000
346.984659672 596.156829598 557.425259501 0.000000000 0.000000000 0.000000000 0.000000000 1.000000000
347.184855223 596.887459136 557.745353780 0.000000000 0.000000000 0.000000000 0.000000000 1.000000000
347.383951187 597.621306152 558.064268949 0.000000000 0.000000000 0.000000000 0.000000000 1.000000000
347.584148407 598.351451239 558.395611266 0.000000000 0.000000000 0.000000000 0.000000000 1.000000000
347.784083128 599.083154540 558.723374845 0.000000000 0.000000000 0.000000000 0.000000000 1.000000000
347.984691143 599.815894142 559.058730294 0.000000000 0.000000000 0.000000000 0.000000000 1.000000000
348.184300661 600.547196868 559.388084377 0.000000000 0.000000000 0.000000000 0.000000000 1.000000000
348.383950472 601.280583265 559.720837834 0.000000000 0.000000000 0.000000000 0.000000000 1.000000000
348.584349155 602.013382292 560.053589672 0.000000000 0.000000000 0.000000000 0.000000000 1.000000000
348.784139156 602.747762064 560.386953698 0.000000000 0.000000000 0.000000000 0.000000000 1.000000000
348.984086037 603.486221821 560.723904910 0.000000000 0.000000000 0.000000000 0.000000000 1.000000000
349.184219599 604.225990951 561.052090647 0.000000000 0.000000000 0.000000000 0.000000000 1.000000000
349.384729147 604.957849075 561.392747682 0.000000000 0.000000000 0.000000000 0.000000000 1.000000000
349.583993435 605.687451010 561.722733249 0.000000000 0.000000000 0.000000000 0.000000000 1.000000000
349.783804417 606.417211788 562.057973006 0.000000000 0.000000000 0.000000000 0.000000000 1.000000000
349.983890772 607.140584973 562.393089722 0.000000000 0.000000000 0.000000000 0.000000000 1.000000000
350.183760405 607.862564756 562.732980801 0.000000000 0.000000000 0.000000000 0.000000000 1.000000000
350.384655237 608.591115619 563.069926561 0.000000000 0.000000000 0.000000000 0.000000000 1.000000000
350.583957195 609.319524449 563.408330742 0.000000000 0.000000000 0.000000000 0.000000000 1.000000000
350.784202814 610.049572960 563.743004729 0.000000000 0.000000000 0.000000000 0.000000000 1.000000000
350.983855486 610.775290482 564.081879533 0.000000000 0.000000000 0.000000000 0.000000000 1.000000000
351.183833599 611.506645106 564.410655645 0.000000000 0.000000000 0.000000000 0.000000000 1.000000000
351.383956432 612.238693394 564.734645967 0.000000000 0.000000000 0.000000000 0.000000000 1.000000000
351.583646059 612.976851167 565.056012789 0.000000000 0.000000000 0.000000000 0.000000000 1.000000000
351.784255266 613.712556029 565.380873397 0.000000000 0.000000000 0.000000000 0.000000000 1.000000000
351.983995199 614.443393128 565.709717203 0.000000000 0.000000000 0.000000000 0.000000000 1.000000000
352.183943748 615.162787108 566.048665916 0.000000000 0.000000000 0.000000000 0.000000000 1.000000000
352.384561539 615.882738389 566.379599775 0.000000000 0.000000000 0.000000000 0.000000000 1.000000000
352.584506750 616.608365554 566.713200806 0.000000000 0.000000000 0.000000000 0.000000000 1.000000000
352.784351110 617.337717386 567.041242990 0.000000000 0.000000000 0.000000000 0.000000000 1.000000000
352.984665632 618.072170733 567.370583788 0.000000000 0.000000000 0.000000000 0.000000000 1.000000000
353.184679747 618.807264713 567.699646540 0.000000000 0.000000000 0.000000000 0.000000000 1.000000000
353.384178400 619.539308031 568.029405262 0.000000000 0.000000000 0.000000000 0.000000000 1.000000000
353.584496737 620.276092122 568.356481630 0.000000000 0.000000000 0.000000000 0.000000000 1.000000000
353.784244061 621.009397763 568.690991793 0.000000000 0.000000000 0.000000000 0.000000000 1.000000000
353.983822823 621.741864955 569.027029597 0.000000000 0.000000000 0.000000000 0.000000000 1.000000000
354.184036493 622.470792571 569.365670132 0.000000000 0.000000000 0.000000000 0.000000000 1.000000000
354.384651899 623.192889290 569.702924100 0.000000000 0.000000000 0.000000000 0.000000000 1.000000000
354.584498405 623.916287770 570.040056249 0.000000000 0.000000000 0.000000000 0.000000000 1.000000000
354.784646273 624.633904058 570.381490487 0.000000000 0.000000000 0.000000000 0.000000000 1.000000000
354.984276533 625.354221404 570.721262777 0.000000000 0.000000000 0.000000000 0.000000000 1.000000000
355.184226513 626.076467968 571.056439473 0.000000000 0.000000000 0.000000000 0.000000000 1.000000000
355.384264469 626.805065644 571.398641933 0.000000000 0.000000000 0.000000000 0.000000000 1.000000000
355.583843470 627.531991574 571.731163506 0.000000000 0.000000000 0.000000000 0.000000000 1.000000000
355.784233332 628.254400067 572.057386282 0.000000000 0.000000000 0.000000000 0.000000000 1.000000000
355.984488487 628.986109616 572.390506177 0.000000000 0.000000000 0.000000000 0.000000000 1.000000000
356.184270382 629.715193311 572.708625585 0.000000000 0.000000000 0.000000000 0.000000000 1.000000000
356.384151936 630.447066394 573.026590844 0.000000000 0.000000000 0.000000000 0.000000000 1.000000000
356.584223032 631.173177239 573.346452751 0.000000000 0.000000000 0.000000000 0.000000000 1.000000000
356.784570932 631.901075349 573.662042907 0.000000000 0.000000000 0.000000000 0.000000000 1.000000000
356.984280825 632.631659071 573.979327347 0.000000000 0.000000000 0.000000000 0.000000000 1.000000000
357.184422493 633.363901115 574.296830613 0.000000000 0.000000000 0.000000000 0.000000000 1.000000000
357.383895159 634.090917700 574.618394238 0.000000000 0.000000000 0.000000000 0.000000000 1.000000000
357.583832026 634.825266011 574.941092590 0.000000000 0.000000000 0.000000000 0.000000000 1.000000000
357.784283638 635.558647706 575.264003955 0.000000000 0.000000000 0.000000000 0.000000000 1.000000000
357.983869791 636.291677618 575.587014643 0.000000000 0.000000000 0.000000000 0.000000000 1.000000000
358.184357405 637.025754302 575.907230594 0.000000000 0.000000000 0.000000000 0.000000000 1.000000000
358.384592772 637.755527556 576.222985096 0.000000000 0.000000000 0.000000000 0.000000000 1.000000000
358.584037542 638.486980649 576.534907729 0.000000000 0.000000000 0.000000000 0.000000000 1.000000000
358.784618855 639.220894907 576.842331286 0.000000000 0.000000000 0.000000000 0.000000000 1.000000000
358.983786106 639.961031106 577.146976525 0.000000000 0.000000000 0.000000000 0.000000000 1.000000000
359.184677362 640.691880383 577.442713881 0.000000000 0.000000000 0.000000000 0.000000000 1.000000000
359.383613586 641.426757668 577.737005345 0.000000000 0.000000000 0.000000000 0.000000000 1.000000000
359.584578037 642.160330911 578.012656747 0.000000000 0.000000000 0.000000000 0.000000000 1.000000000
359.784075260 642.901165560 578.277022080 0.000000000 0.000000000 0.000000000 0.000000000 1.000000000
359.984627962 643.643102185 578.527332545 0.000000000 0.000000000 0.000000000 0.000000000 1.000000000
360.183952808 644.392314874 578.767430346 0.000000000 0.000000000 0.000000000 0.000000000 1.000000000
360.383954048 645.145622845 578.993933004 0.000000000 0.000000000 0.000000000 0.000000000 1.000000000
360.583810806 645.904444050 579.209657983 0.000000000 0.000000000 0.000000000 0.000000000 1.000000000
360.784446955 646.667647022 579.413724848 0.000000000 0.000000000 0.000000000 0.000000000 1.000000000
360.984076023 647.434246970 579.601546518 0.000000000 0.000000000 0.000000000 0.000000000 1.000000000
361.184589624 648.206070307 579.774224577 0.000000000 0.000000000 0.000000000 0.000000000 1.000000000
361.384598017 648.983473690 579.934588432 0.000000000 0.000000000 0.000000000 0.000000000 1.000000000
361.583584785 649.764411839 580.068481937 0.000000000 0.000000000 0.000000000 0.000000000 1.000000000
361.783658743 650.555384772 580.190153600 0.000000000 0.000000000 0.000000000 0.000000000 1.000000000
361.984571695 651.352530593 580.284715524 0.000000000 0.000000000 0.000000000 0.000000000 1.000000000
362.183858871 652.148426418 580.371198142 0.000000000 0.000000000 0.000000000 0.000000000 1.000000000
362.383897543 652.951351713 580.445854706 0.000000000 0.000000000 0.000000000 0.000000000 1.000000000
362.584404945 653.755396490 580.509084661 0.000000000 0.000000000 0.000000000 0.000000000 1.000000000
362.784192562 654.558811308 580.549593071 0.000000000 0.000000000 0.000000000 0.000000000 1.000000000
362.983788490 655.369137666 580.571998218 0.000000000 0.000000000 0.000000000 0.000000000 1.000000000
363.184351921 656.181853445 580.563168691 0.000000000 0.000000000 0.000000000 0.000000000 1.000000000
363.384054422 656.993542235 580.537850518 0.000000000 0.000000000 0.000000000 0.000000000 1.000000000
363.583787203 657.799466728 580.479377418 0.000000000 0.000000000 0.000000000 0.000000000 1.000000000
363.783739328 658.609782557 580.411920362 0.000000000 0.000000000 0.000000000 0.000000000 1.000000000
363.983681202 659.412182135 580.325942289 0.000000000 0.000000000 0.000000000 0.000000000 1.000000000
364.183788538 660.213383150 580.224307803 0.000000000 0.000000000 0.000000000 0.000000000 1.000000000
364.384593248 661.005237516 580.104812662 0.000000000 0.000000000 0.000000000 0.000000000 1.000000000
364.584029198 661.796499397 579.969873494 0.000000000 0.000000000 0.000000000 0.000000000 1.000000000
364.783577681 662.584767433 579.811816880 0.000000000 0.000000000 0.000000000 0.000000000 1.000000000
364.984452248 663.369695153 579.637333008 0.000000000 0.000000000 0.000000000 0.000000000 1.000000000
365.183986187 664.146647915 579.443922035 0.000000000 0.000000000 0.000000000 0.000000000 1.000000000
365.384411573 664.914686216 579.235857442 0.000000000 0.000000000 0.000000000 0.000000000 1.000000000
365.584294558 665.676871653 579.006555949 0.000000000 0.000000000 0.000000000 0.000000000 1.000000000
365.783558369 666.441009539 578.757328326 0.000000000 0.000000000 0.000000000 0.000000000 1.000000000
365.984312057 667.192748524 578.490570609 0.000000000 0.000000000 0.000000000 0.000000000 1.000000000
366.184689045 667.942688977 578.209477598 0.000000000 0.000000000 0.000000000 0.000000000 1.000000000
366.384046793 668.685776635 577.914597826 0.000000000 0.000000000 0.000000000 0.000000000 1.000000000
366.584241629 669.424539204 577.603124430 0.000000000 0.000000000 0.000000000 0.000000000 1.000000000
366.784483433 670.156831591 577.273471929 0.000000000 0.000000000 0.000000000 0.000000000 1.000000000
366.984405756 670.882021275 576.930164097 0.000000000 0.000000000 0.000000000 0.000000000 1.000000000
367.184113979 671.606588818 576.580088214 0.000000000 0.000000000 0.000000000 0.000000000 1.000000000
367.384270430 672.311033869 576.206649223 0.000000000 0.000000000 0.000000000 0.000000000 1.000000000
367.583335638 673.013653573 575.817559466 0.000000000 0.000000000 0.000000000 0.000000000 1.000000000
367.783729553 673.705663007 575.415959546 0.000000000 0.000000000 0.000000000 0.000000000 1.000000000
367.984045744 674.388244735 574.997287800 0.000000000 0.000000000 0.000000000 0.000000000 1.000000000
368.183897972 675.056840288 574.559573863 0.000000000 0.000000000 0.000000000 0.000000000 1.000000000
368.384105921 675.721703047 574.113253652 0.000000000 0.000000000 0.000000000 0.000000000 1.000000000
368.584208727 676.370704482 573.640459974 0.000000000 0.000000000 0.000000000 0.000000000 1.000000000
368.782952070 677.011707819 573.157745199 0.000000000 0.000000000 0.000000000 0.000000000 1.000000000
368.982876301 677.637848510 572.666182612 0.000000000 0.000000000 0.000000000 0.000000000 1.000000000
369.183081150 678.253815855 572.155853011 0.000000000 0.000000000 0.000000000 0.000000000 1.000000000
369.383533239 678.848895539 571.636107226 0.000000000 0.000000000 0.000000000 0.000000000 1.000000000
369.583574533 679.434546899 571.099581826 0.000000000 0.000000000 0.000000000 0.000000000 1.000000000
369.783305168 680.009979064 570.550867286 0.000000000 0.000000000 0.000000000 0.000000000 1.000000000
369.983557940 680.567187345 569.989677290 0.000000000 0.000000000 0.000000000 0.000000000 1.000000000
370.183455706 681.111893936 569.412834197 0.000000000 0.000000000 0.000000000 0.000000000 1.000000000
370.383603096 681.647113614 568.817983222 0.000000000 0.000000000 0.000000000 0.000000000 1.000000000
370.583652258 682.167937393 568.209534876 0.000000000 0.000000000 0.000000000 0.000000000 1.000000000
370.782893658 682.676126246 567.597194514 0.000000000 0.000000000 0.000000000 0.000000000 1.000000000
370.983241320 683.174838098 566.974222176 0.000000000 0.000000000 0.000000000 0.000000000 1.000000000
371.183633089 683.660188188 566.339227127 0.000000000 0.000000000 0.000000000 0.000000000 1.000000000
371.383501530 684.138139366 565.689148373 0.000000000 0.000000000 0.000000000 0.000000000 1.000000000
371.583565950 684.606749545 565.034493820 0.000000000 0.000000000 0.000000000 0.000000000 1.000000000
371.782992125 685.069984161 564.381955063 0.000000000 0.000000000 0.000000000 0.000000000 1.000000000
371.982955217 685.516982986 563.708505776 0.000000000 0.000000000 0.000000000 0.000000000 1.000000000
372.182802916 685.959012076 563.039781159 0.000000000 0.000000000 0.000000000 0.000000000 1.000000000
372.383331299 686.391008348 562.363909107 0.000000000 0.000000000 0.000000000 0.000000000 1.000000000
372.583444118 686.813255181 561.672615081 0.000000000 0.000000000 0.000000000 0.000000000 1.000000000
372.783306360 687.225808761 560.978913683 0.000000000 0.000000000 0.000000000 0.000000000 1.000000000
372.982866287 687.634147164 560.278924828 0.000000000 0.000000000 0.000000000 0.000000000 1.000000000
373.183197975 688.033203455 559.574732907 0.000000000 0.000000000 0.000000000 0.000000000 1.000000000
373.383421898 688.419353332 558.876762968 0.000000000 0.000000000 0.000000000 0.000000000 1.000000000
373.582868338 688.790593954 558.167080048 0.000000000 0.000000000 0.000000000 0.000000000 1.000000000
373.782588959 689.153884399 557.450042034 0.000000000 0.000000000 0.000000000 0.000000000 1.000000000
373.983582497 689.506365225 556.727134217 0.000000000 0.000000000 0.000000000 0.000000000 1.000000000
374.182830095 689.858989859 556.006130178 0.000000000 0.000000000 0.000000000 0.000000000 1.000000000
374.382717609 690.203724455 555.292531005 0.000000000 0.000000000 0.000000000 0.000000000 1.000000000
374.583122253 690.551270191 554.582073623 0.000000000 0.000000000 0.000000000 0.000000000 1.000000000
374.783072472 690.897275429 553.873637839 0.000000000 0.000000000 0.000000000 0.000000000 1.000000000
374.983407259 691.246173495 553.159278028 0.000000000 0.000000000 0.000000000 0.000000000 1.000000000
375.183172941 691.598702728 552.444458970 0.000000000 0.000000000 0.000000000 0.000000000 1.000000000
375.383392334 691.953058828 551.736861658 0.000000000 0.000000000 0.000000000 0.000000000 1.000000000
375.582749605 692.309540005 551.019312894 0.000000000 0.000000000 0.000000000 0.000000000 1.000000000
375.783510447 692.664380610 550.312219253 0.000000000 0.000000000 0.000000000 0.000000000 1.000000000
375.982976675 693.015830245 549.590220293 0.000000000 0.000000000 0.000000000 0.000000000 1.000000000
376.182743311 693.359460445 548.874051825 0.000000000 0.000000000 0.000000000 0.000000000 1.000000000
376.383495569 693.697126300 548.154175803 0.000000000 0.000000000 0.000000000 0.000000000 1.000000000
376.583496332 694.026439994 547.431729380 0.000000000 0.000000000 0.000000000 0.000000000 1.000000000
376.783421993 694.351899570 546.706401971 0.000000000 0.000000000 0.000000000 0.000000000 1.000000000
376.982869148 694.664581255 545.979299747 0.000000000 0.000000000 0.000000000 0.000000000 1.000000000
377.182748795 694.971013964 545.256579922 0.000000000 0.000000000 0.000000000 0.000000000 1.000000000
377.382713318 695.262317038 544.518122979 0.000000000 0.000000000 0.000000000 0.000000000 1.000000000
377.583415747 695.545297776 543.775448651 0.000000000 0.000000000 0.000000000 0.000000000 1.000000000
377.783156395 695.820340325 543.025147906 0.000000000 0.000000000 0.000000000 0.000000000 1.000000000
377.982855558 696.078322924 542.261838078 0.000000000 0.000000000 0.000000000 0.000000000 1.000000000
378.183330059 696.322690058 541.505490377 0.000000000 0.000000000 0.000000000 0.000000000 1.000000000
378.383443117 696.548600771 540.742444640 0.000000000 0.000000000 0.000000000 0.000000000 1.000000000
378.583465576 696.754945159 539.975274592 0.000000000 0.000000000 0.000000000 0.000000000 1.000000000
378.782773256 696.938335164 539.202609632 0.000000000 0.000000000 0.000000000 0.000000000 1.000000000
378.983091831 697.107101906 538.430241374 0.000000000 0.000000000 0.000000000 0.000000000 1.000000000
379.182832241 697.258141298 537.646516917 0.000000000 0.000000000 0.000000000 0.000000000 1.000000000
379.383113146 697.387836761 536.866948149 0.000000000 0.000000000 0.000000000 0.000000000 1.000000000
379.583522797 697.497698791 536.085184672 0.000000000 0.000000000 0.000000000 0.000000000 1.000000000
379.783140898 697.584665410 535.298808330 0.000000000 0.000000000 0.000000000 0.000000000 1.000000000
379.983298540 697.654535849 534.508944789 0.000000000 0.000000000 0.000000000 0.000000000 1.000000000
380.183145046 697.705619352 533.717399269 0.000000000 0.000000000 0.000000000 0.000000000 1.000000000
380.383581638 697.729492409 532.922980506 0.000000000 0.000000000 0.000000000 0.000000000 1.000000000
380.582795858 697.730349740 532.118188648 0.000000000 0.000000000 0.000000000 0.000000000 1.000000000
380.783348322 697.713373171 531.319325496 0.000000000 0.000000000 0.000000000 0.000000000 1.000000000
380.983466387 697.668735750 530.517226572 0.000000000 0.000000000 0.000000000 0.000000000 1.000000000
381.182556152 697.606056943 529.718738246 0.000000000 0.000000000 0.000000000 0.000000000 1.000000000
381.382734776 697.519287747 528.920078750 0.000000000 0.000000000 0.000000000 0.000000000 1.000000000
381.582726240 697.415683420 528.122947956 0.000000000 0.000000000 0.000000000 0.000000000 1.000000000
381.783536196 697.285023569 527.332878702 0.000000000 0.000000000 0.000000000 0.000000000 1.000000000
381.982634544 697.136795796 526.552771555 0.000000000 0.000000000 0.000000000 0.000000000 1.000000000
382.182536364 696.962560870 525.780680989 0.000000000 0.000000000 0.000000000 0.000000000 1.000000000
382.383042574 696.768163749 525.020306159 0.000000000 0.000000000 0.000000000 0.000000000 1.000000000
382.583106756 696.551184812 524.265936234 0.000000000 0.000000000 0.000000000 0.000000000 1.000000000
382.782576084 696.313732442 523.515721518 0.000000000 0.000000000 0.000000000 0.000000000 1.000000000
382.983231544 696.053117067 522.774427591 0.000000000 0.000000000 0.000000000 0.000000000 1.000000000
383.183521271 695.773993109 522.037703654 0.000000000 0.000000000 0.000000000 0.000000000 1.000000000
383.383477211 695.474356277 521.310805804 0.000000000 0.000000000 0.000000000 0.000000000 1.000000000
383.582798004 695.159273137 520.580702830 0.000000000 0.000000000 0.000000000 0.000000000 1.000000000
383.782446146 694.821532876 519.862267229 0.000000000 0.000000000 0.000000000 0.000000000 1.000000000
383.983081818 694.465998932 519.147551002 0.000000000 0.000000000 0.000000000 0.000000000 1.000000000
384.183170080 694.091453403 518.450352054 0.000000000 0.000000000 0.000000000 0.000000000 1.000000000
384.382496595 693.698443648 517.754089962 0.000000000 0.000000000 0.000000000 0.000000000 1.000000000
384.582960129 693.289451427 517.077430928 0.000000000 0.000000000 0.000000000 0.000000000 1.000000000
384.783497572 692.862054517 516.405542176 0.000000000 0.000000000 0.000000000 0.000000000 1.000000000
384.983230829 692.416679387 515.743761609 0.000000000 0.000000000 0.000000000 0.000000000 1.000000000
385.183236361 691.953733155 515.092551393 0.000000000 0.000000000 0.000000000 0.000000000 1.000000000
385.383458853 691.474413147 514.451760041 0.000000000 0.000000000 0.000000000 0.000000000 1.000000000
385.583505630 690.976881786 513.825002227 0.000000000 0.000000000 0.000000000 0.000000000 1.000000000
385.782654524 690.463821066 513.210869482 0.000000000 0.000000000 0.000000000 0.000000000 1.000000000
385.982772112 689.928484927 512.609755820 0.000000000 0.000000000 0.000000000 0.000000000 1.000000000
386.183491230 689.375987006 512.027832813 0.000000000 0.000000000 0.000000000 0.000000000 1.000000000
386.382494926 688.809256195 511.461750726 0.000000000 0.000000000 0.000000000 0.000000000 1.000000000
386.582632780 688.227986453 510.913540574 0.000000000 0.000000000 0.000000000 0.000000000 1.000000000
386.783075333 687.631573610 510.385586444 0.000000000 0.000000000 0.000000000 0.000000000 1.000000000
386.982797146 687.021107806 509.868548419 0.000000000 0.000000000 0.000000000 0.000000000 1.000000000
387.183084011 686.399852739 509.363916846 0.000000000 0.000000000 0.000000000 0.000000000 1.000000000
387.382846117 685.763488911 508.869442668 0.000000000 0.000000000 0.000000000 0.000000000 1.000000000
387.582383633 685.113041585 508.392073386 0.000000000 0.000000000 0.000000000 0.000000000 1.000000000
387.782860041 684.452923787 507.929633632 0.000000000 0.000000000 0.000000000 0.000000000 1.000000000
387.982771635 683.783066088 507.480168864 0.000000000 0.000000000 0.000000000 0.000000000 1.000000000
388.182754517 683.102730738 507.048937595 0.000000000 0.000000000 0.000000000 0.000000000 1.000000000
388.383424044 682.408167281 506.628718096 0.000000000 0.000000000 0.000000000 0.000000000 1.000000000
388.582543612 681.703627706 506.222797564 0.000000000 0.000000000 0.000000000 0.000000000 1.000000000
388.783016443 680.988894405 505.825980189 0.000000000 0.000000000 0.000000000 0.000000000 1.000000000
388.982506752 680.271158026 505.444546405 0.000000000 0.000000000 0.000000000 0.000000000 1.000000000
389.182576418 679.549838779 505.072820070 0.000000000 0.000000000 0.000000000 0.000000000 1.000000000
389.383287668 678.825082204 504.715020106 0.000000000 0.000000000 0.000000000 0.000000000 1.000000000
389.582596779 678.096540836 504.374627820 0.000000000 0.000000000 0.000000000 0.000000000 1.000000000
389.783409119 677.369323219 504.042327940 0.000000000 0.000000000 0.000000000 0.000000000 1.000000000
389.982445478 676.636804826 503.712754490 0.000000000 0.000000000 0.000000000 0.000000000 1.000000000
390.182615995 675.900390892 503.391314821 0.000000000 0.000000000 0.000000000 0.000000000 1.000000000
390.383399725 675.159876688 503.068584442 0.000000000 0.000000000 0.000000000 0.000000000 1.000000000
390.583196402 674.416994931 502.751860399 0.000000000 0.000000000 0.000000000 0.000000000 1.000000000
390.782938957 673.676898358 502.440400107 0.000000000 0.000000000 0.000000000 0.000000000 1.000000000
390.983278513 672.944498927 502.121188981 0.000000000 0.000000000 0.000000000 0.000000000 1.000000000
391.182453632 672.209206530 501.807967360 0.000000000 0.000000000 0.000000000 0.000000000 1.000000000
391.383394480 671.474032108 501.483019916 0.000000000 0.000000000 0.000000000 0.000000000 1.000000000
391.582432508 670.740989752 501.165958950 0.000000000 0.000000000 0.000000000 0.000000000 1.000000000
391.782334328 670.006533983 500.854606770 0.000000000 0.000000000 0.000000000 0.000000000 1.000000000
391.982413530 669.273122126 500.534007375 0.000000000 0.000000000 0.000000000 0.000000000 1.000000000
392.182722092 668.543716345 500.218695106 0.000000000 0.000000000 0.000000000 0.000000000 1.000000000
392.383203983 667.817402666 499.895673305 0.000000000 0.000000000 0.000000000 0.000000000 1.000000000
392.583290815 667.093751373 499.574868453 0.000000000 0.000000000 0.000000000 0.000000000 1.000000000
392.783419609 666.367817526 499.255642555 0.000000000 0.000000000 0.000000000 0.000000000 1.000000000
392.983510733 665.639355765 498.934907033 0.000000000 0.000000000 0.000000000 0.000000000 1.000000000
393.182600498 664.910930657 498.618119518 0.000000000 0.000000000 0.000000000 0.000000000 1.000000000
393.382868767 664.189459310 498.296462937 0.000000000 0.000000000 0.000000000 0.000000000 1.000000000
393.582318783 663.465563094 497.977702024 0.000000000 0.000000000 0.000000000 0.000000000 1.000000000
393.783478022 662.746740502 497.661606489 0.000000000 0.000000000 0.000000000 0.000000000 1.000000000
393.982498407 662.020124018 497.342816798 0.000000000 0.000000000 0.000000000 0.000000000 1.000000000
394.183071852 661.290116985 497.034598117 0.000000000 0.000000000 0.000000000 0.000000000 1.000000000
394.382531404 660.555190635 496.721849337 0.000000000 0.000000000 0.000000000 0.000000000 1.000000000
394.583094358 659.820853845 496.404332323 0.000000000 0.000000000 0.000000000 0.000000000 1.000000000
394.783133268 659.093159486 496.075635745 0.000000000 0.000000000 0.000000000 0.000000000 1.000000000
394.982712030 658.364463158 495.753559017 0.000000000 0.000000000 0.000000000 0.000000000 1.000000000
395.182594538 657.637416603 495.429064932 0.000000000 0.000000000 0.000000000 0.000000000 1.000000000
395.382719040 656.906887983 495.102130447 0.000000000 0.000000000 0.000000000 0.000000000 1.000000000
395.582504511 656.178372309 494.779972631 0.000000000 0.000000000 0.000000000 0.000000000 1.000000000
395.783424139 655.445122887 494.457971191 0.000000000 0.000000000 0.000000000 0.000000000 1.000000000
395.982955933 654.707377587 494.129100359 0.000000000 0.000000000 0.000000000 0.000000000 1.000000000
396.181825161 653.974641399 493.805958827 0.000000000 0.000000000 0.000000000 0.000000000 1.000000000
396.381423950 653.245650507 493.487786530 0.000000000 0.000000000 0.000000000 0.000000000 1.000000000
396.582349539 652.520381700 493.169383930 0.000000000 0.000000000 0.000000000 0.000000000 1.000000000
396.782354355 651.798540849 492.853713859 0.000000000 0.000000000 0.000000000 0.000000000 1.000000000
396.981542110 651.076031863 492.540525519 0.000000000 0.000000000 0.000000000 0.000000000 1.000000000
397.181675196 650.349369051 492.226754232 0.000000000 0.000000000 0.000000000 0.000000000 1.000000000
397.382276773 649.621828426 491.903100395 0.000000000 0.000000000 0.000000000 0.000000000 1.000000000
397.582411528 648.891881957 491.580055635 0.000000000 0.000000000 0.000000000 0.000000000 1.000000000
397.781703711 648.161971387 491.254782514 0.000000000 0.000000000 0.000000000 0.000000000 1.000000000
397.982207298 647.429920011 490.932666995 0.000000000 0.000000000 0.000000000 0.000000000 1.000000000
398.181684732 646.691654110 490.607008853 0.000000000 0.000000000 0.000000000 0.000000000 1.000000000
398.382187843 645.953194850 490.285743565 0.000000000 0.000000000 0.000000000 0.000000000 1.000000000
398.582374334 645.209998531 489.973317021 0.000000000 0.000000000 0.000000000 0.000000000 1.000000000
398.782371521 644.463407995 489.638718686 0.000000000 0.000000000 0.000000000 0.000000000 1.000000000
398.982492924 643.724553853 489.307969526 0.000000000 0.000000000 0.000000000 0.000000000 1.000000000
399.181587934 642.984408797 488.976008909 0.000000000 0.000000000 0.000000000 0.000000000 1.000000000
399.382151604 642.250208896 488.645871351 0.000000000 0.000000000 0.000000000 0.000000000 1.000000000
399.581597567 641.522144239 488.327442483 0.000000000 0.000000000 0.000000000 0.000000000 1.000000000
399.781666756 640.786788220 487.992615188 0.000000000 0.000000000 0.000000000 0.000000000 1.000000000
399.982068539 640.058926521 487.669607897 0.000000000 0.000000000 0.000000000 0.000000000 1.000000000
400.182410002 639.332094028 487.338310931 0.000000000 0.000000000 0.000000000 0.000000000 1.000000000
400.381443262 638.604302379 487.003678194 0.000000000 0.000000000 0.000000000 0.000000000 1.000000000
400.581691742 637.876520338 486.674801201 0.000000000 0.000000000 0.000000000 0.000000000 1.000000000
400.781770945 637.144409936 486.348530323 0.000000000 0.000000000 0.000000000 0.000000000 1.000000000
400.982152939 636.407833509 486.023834732 0.000000000 0.000000000 0.000000000 0.000000000 1.000000000
401.182172060 635.678688960 485.703873806 0.000000000 0.000000000 0.000000000 0.000000000 1.000000000
401.382195950 634.949835926 485.378298737 0.000000000 0.000000000 0.000000000 0.000000000 1.000000000
401.581490993 634.221735930 485.052315094 0.000000000 0.000000000 0.000000000 0.000000000 1.000000000
401.782441854 633.501085751 484.727712774 0.000000000 0.000000000 0.000000000 0.000000000 1.000000000
401.981984615 632.777631054 484.399650549 0.000000000 0.000000000 0.000000000 0.000000000 1.000000000
402.182413578 632.048659821 484.076261872 0.000000000 0.000000000 0.000000000 0.000000000 1.000000000
402.382202148 631.324263518 483.752474437 0.000000000 0.000000000 0.000000000 0.000000000 1.000000000
402.582182884 630.595461510 483.429911270 0.000000000 0.000000000 0.000000000 0.000000000 1.000000000
402.781705856 629.869468100 483.109929789 0.000000000 0.000000000 0.000000000 0.000000000 1.000000000
402.981939077 629.141503550 482.788445214 0.000000000 0.000000000 0.000000000 0.000000000 1.000000000
403.181488752 628.405853888 482.467367637 0.000000000 0.000000000 0.000000000 0.000000000 1.000000000
403.381933928 627.670273405 482.148684362 0.000000000 0.000000000 0.000000000 0.000000000 1.000000000
403.581987143 626.933380495 481.818952986 0.000000000 0.000000000 0.000000000 0.000000000 1.000000000
403.781854153 626.189390552 481.491042779 0.000000000 0.000000000 0.000000000 0.000000000 1.000000000
403.982162952 625.450087967 481.167765667 0.000000000 0.000000000 0.000000000 0.000000000 1.000000000
404.182208538 624.708088543 480.832813460 0.000000000 0.000000000 0.000000000 0.000000000 1.000000000
404.381785154 623.968322827 480.496153756 0.000000000 0.000000000 0.000000000 0.000000000 1.000000000
404.581624746 623.234773148 480.167683533 0.000000000 0.000000000 0.000000000 0.000000000 1.000000000
404.782569647 622.502747789 479.838903295 0.000000000 0.000000000 0.000000000 0.000000000 1.000000000
404.981702089 621.769773192 479.517212105 0.000000000 0.000000000 0.000000000 0.000000000 1.000000000
405.181950808 621.034993411 479.195974779 0.000000000 0.000000000 0.000000000 0.000000000 1.000000000
405.382107735 620.304766169 478.873508583 0.000000000 0.000000000 0.000000000 0.000000000 1.000000000
405.581430912 619.567954393 478.549633918 0.000000000 0.000000000 0.000000000 0.000000000 1.000000000
405.781644583 618.826500563 478.222741202 0.000000000 0.000000000 0.000000000 0.000000000 1.000000000
405.982351303 618.083144089 477.890625983 0.000000000 0.000000000 0.000000000 0.000000000 1.000000000
406.182299614 617.344548050 477.557160656 0.000000000 0.000000000 0.000000000 0.000000000 1.000000000
406.381860733 616.607435642 477.225719635 0.000000000 0.000000000 0.000000000 0.000000000 1.000000000
406.581472874 615.871731924 476.901299176 0.000000000 0.000000000 0.000000000 0.000000000 1.000000000
406.781520128 615.136616829 476.573895062 0.000000000 0.000000000 0.000000000 0.000000000 1.000000000
406.982227564 614.412823205 476.246489816 0.000000000 0.000000000 0.000000000 0.000000000 1.000000000
407.182149649 613.686875089 475.918767256 0.000000000 0.000000000 0.000000000 0.000000000 1.000000000
407.382192373 612.955730560 475.597902883 0.000000000 0.000000000 0.000000000 0.000000000 1.000000000
407.582047939 612.224048246 475.279554376 0.000000000 0.000000000 0.000000000 0.000000000 1.000000000
407.781916142 611.490529754 474.951081110 0.000000000 0.000000000 0.000000000 0.000000000 1.000000000
407.982056856 610.758227846 474.634217085 0.000000000 0.000000000 0.000000000 0.000000000 1.000000000
408.182373285 610.027145648 474.306309973 0.000000000 0.000000000 0.000000000 0.000000000 1.000000000
408.381794453 609.294760854 473.977809798 0.000000000 0.000000000 0.000000000 0.000000000 1.000000000
408.581721544 608.559531299 473.653357375 0.000000000 0.000000000 0.000000000 0.000000000 1.000000000
408.781632423 607.829031046 473.321956079 0.000000000 0.000000000 0.000000000 0.000000000 1.000000000
408.981519699 607.097682540 472.995299756 0.000000000 0.000000000 0.000000000 0.000000000 1.000000000
409.181724072 606.370297779 472.678289504 0.000000000 0.000000000 0.000000000 0.000000000 1.000000000
409.382004499 605.640575341 472.362148439 0.000000000 0.000000000 0.000000000 0.000000000 1.000000000
409.581429958 604.904736205 472.043420461 0.000000000 0.000000000 0.000000000 0.000000000 1.000000000
409.782002211 604.177045047 471.721725714 0.000000000 0.000000000 0.000000000 0.000000000 1.000000000
409.981559753 603.443030184 471.395867731 0.000000000 0.000000000 0.000000000 0.000000000 1.000000000
410.181995869 602.713613007 471.072528847 0.000000000 0.000000000 0.000000000 0.000000000 1.000000000
410.382132530 601.985580225 470.743847709 0.000000000 0.000000000 0.000000000 0.000000000 1.000000000
410.581465483 601.256967481 470.416615156 0.000000000 0.000000000 0.000000000 0.000000000 1.000000000
410.782330513 600.529645934 470.095096232 0.000000000 0.000000000 0.000000000 0.000000000 1.000000000
410.981421471 599.812695757 469.768984051 0.000000000 0.000000000 0.000000000 0.000000000 1.000000000
411.182142496 599.093109560 469.439721771 0.000000000 0.000000000 0.000000000 0.000000000 1.000000000
411.381151915 598.377646503 469.118933272 0.000000000 0.000000000 0.000000000 0.000000000 1.000000000
411.581357241 597.658105275 468.794297005 0.000000000 0.000000000 0.000000000 0.000000000 1.000000000
411.781684399 596.937531038 468.470947689 0.000000000 0.000000000 0.000000000 0.000000000 1.000000000
411.981420755 596.221634549 468.153443865 0.000000000 0.000000000 0.000000000 0.000000000 1.000000000
412.181892157 595.506224037 467.838722986 0.000000000 0.000000000 0.000000000 0.000000000 1.000000000
412.382308483 594.781252740 467.523555058 0.000000000 0.000000000 0.000000000 0.000000000 1.000000000
412.581732750 594.063261714 467.203158001 0.000000000 0.000000000 0.000000000 0.000000000 1.000000000
412.782146692 593.343935102 466.871219010 0.000000000 0.000000000 0.000000000 0.000000000 1.000000000
412.981743574 592.623112072 466.549718507 0.000000000 0.000000000 0.000000000 0.000000000 1.000000000
413.181882858 591.897504157 466.225545032 0.000000000 0.000000000 0.000000000 0.000000000 1.000000000
413.381594181 591.176162863 465.895456792 0.000000000 0.000000000 0.000000000 0.000000000 1.000000000
413.581194639 590.450290843 465.571794752 0.000000000 0.000000000 0.000000000 0.000000000 1.000000000
413.782104015 589.727937997 465.247060252 0.000000000 0.000000000 0.000000000 0.000000000 1.000000000
413.982050419 589.004437633 464.928959818 0.000000000 0.000000000 0.000000000 0.000000000 1.000000000
414.181977510 588.276848984 464.606571863 0.000000000 0.000000000 0.000000000 0.000000000 1.000000000
414.382056475 587.551869399 464.283479785 0.000000000 0.000000000 0.000000000 0.000000000 1.000000000
414.581904411 586.820646806 463.957174808 0.000000000 0.000000000 0.000000000 0.000000000 1.000000000
414.781233549 586.091200962 463.635778212 0.000000000 0.000000000 0.000000000 0.000000000 1.000000000
414.981648922 585.356261945 463.311089544 0.000000000 0.000000000 0.000000000 0.000000000 1.000000000
415.181250811 584.622605648 462.985756220 0.000000000 0.000000000 0.000000000 0.000000000 1.000000000
415.381687403 583.888213518 462.657482230 0.000000000 0.000000000 0.000000000 0.000000000 1.000000000
415.581246853 583.158476275 462.333392698 0.000000000 0.000000000 0.000000000 0.000000000 1.000000000
415.781464815 582.430420446 462.016371389 0.000000000 0.000000000 0.000000000 0.000000000 1.000000000
415.982023239 581.703875131 461.691072246 0.000000000 0.000000000 0.000000000 0.000000000 1.000000000
416.182249069 580.976490219 461.362150264 0.000000000 0.000000000 0.000000000 0.000000000 1.000000000
416.381548882 580.251744459 461.036233352 0.000000000 0.000000000 0.000000000 0.000000000 1.000000000
416.581344604 579.522886077 460.708596621 0.000000000 0.000000000 0.000000000 0.000000000 1.000000000
416.781930923 578.797057517 460.374957458 0.000000000 0.000000000 0.000000000 0.000000000 1.000000000
416.981720924 578.072797005 460.045682661 0.000000000 0.000000000 0.000000000 0.000000000 1.000000000
417.181180954 577.339822193 459.716306225 0.000000000 0.000000000 0.000000000 0.000000000 1.000000000
417.381508350 576.614192691 459.378534205 0.000000000 0.000000000 0.000000000 0.000000000 1.000000000
417.581416845 575.881704970 459.051121009 0.000000000 0.000000000 0.000000000 0.000000000 1.000000000
417.781413555 575.151895864 458.721533270 0.000000000 0.000000000 0.000000000 0.000000000 1.000000000
417.981983900 574.415662876 458.390418054 0.000000000 0.000000000 0.000000000 0.000000000 1.000000000
418.182147741 573.679501050 458.060172264 0.000000000 0.000000000 0.000000000 0.000000000 1.000000000
418.381520987 572.942731216 457.732677432 0.000000000 0.000000000 0.000000000 0.000000000 1.000000000
418.581221342 572.206128489 457.401131657 0.000000000 0.000000000 0.000000000 0.000000000 1.000000000
418.782130480 571.464532355 457.075307746 0.000000000 0.000000000 0.000000000 0.000000000 1.000000000
418.981284142 570.726733818 456.750094241 0.000000000 0.000000000 0.000000000 0.000000000 1.000000000
419.181483746 569.991958700 456.426737684 0.000000000 0.000000000 0.000000000 0.000000000 1.000000000
419.381379604 569.258700110 456.113014343 0.000000000 0.000000000 0.000000000 0.000000000 1.000000000
419.581546545 568.527278265 455.786944934 0.000000000 0.000000000 0.000000000 0.000000000 1.000000000
419.781966925 567.797331147 455.464280971 0.000000000 0.000000000 0.000000000 0.000000000 1.000000000
419.981571198 567.067138720 455.139748793 0.000000000 0.000000000 0.000000000 0.000000000 1.000000000
420.181581497 566.340116412 454.820483400 0.000000000 0.000000000 0.000000000 0.000000000 1.000000000
420.381858110 565.611435027 454.500139279 0.000000000 0.000000000 0.000000000 0.000000000 1.000000000
420.582129002 564.884397638 454.178145532 0.000000000 0.000000000 0.000000000 0.000000000 1.000000000
420.781655550 564.150728737 453.847189064 0.000000000 0.000000000 0.000000000 0.000000000 1.000000000
420.981576443 563.420585640 453.522594211 0.000000000 0.000000000 0.000000000 0.000000000 1.000000000
421.182012796 562.686526900 453.195797952 0.000000000 0.000000000 0.000000000 0.000000000 1.000000000
421.381335974 561.960986357 452.873510772 0.000000000 0.000000000 0.000000000 0.000000000 1.000000000
421.581578732 561.232318647 452.556040045 0.000000000 0.000000000 0.000000000 0.000000000 1.000000000
421.781755686 560.498583577 452.233951828 0.000000000 0.000000000 0.000000000 0.000000000 1.000000000
421.981117725 559.766744399 451.907070961 0.000000000 0.000000000 0.000000000 0.000000000 1.000000000
422.181273460 559.040248070 451.582600366 0.000000000 0.000000000 0.000000000 0.000000000 1.000000000
422.381839514 558.310967863 451.262751419 0.000000000 0.000000000 0.000000000 0.000000000 1.000000000
422.581674337 557.575968938 450.937322734 0.000000000 0.000000000 0.000000000 0.000000000 1.000000000
422.781964540 556.842664281 450.613888464 0.000000000 0.000000000 0.000000000 0.000000000 1.000000000
422.981769800 556.107116437 450.291172607 0.000000000 0.000000000 0.000000000 0.000000000 1.000000000
423.181677580 555.373676330 449.972831399 0.000000000 0.000000000 0.000000000 0.000000000 1.000000000
423.381662846 554.644103297 449.649491008 0.000000000 0.000000000 0.000000000 0.000000000 1.000000000
423.581370354 553.909468965 449.334213289 0.000000000 0.000000000 0.000000000 0.000000000 1.000000000
423.781941891 553.173556199 449.014748151 0.000000000 0.000000000 0.000000000 0.000000000 1.000000000
423.980418682 552.439522770 448.696061423 0.000000000 0.000000000 0.000000000 0.000000000 1.000000000
424.181636810 551.705373542 448.371307907 0.000000000 0.000000000 0.000000000 0.000000000 1.000000000
424.381583691 550.976604593 448.053409430 0.000000000 0.000000000 0.000000000 0.000000000 1.000000000
424.580193281 550.242697187 447.733457445 0.000000000 0.000000000 0.000000000 0.000000000 1.000000000
424.780624390 549.513961382 447.407737712 0.000000000 0.000000000 0.000000000 0.000000000 1.000000000
424.980285168 548.787173143 447.084404500 0.000000000 0.000000000 0.000000000 0.000000000 1.000000000
425.180606127 548.059899310 446.757909534 0.000000000 0.000000000 0.000000000 0.000000000 1.000000000
425.380370855 547.330798055 446.428800834 0.000000000 0.000000000 0.000000000 0.000000000 1.000000000
425.580456734 546.598072305 446.099905326 0.000000000 0.000000000 0.000000000 0.000000000 1.000000000
425.781211615 545.861461997 445.775833412 0.000000000 0.000000000 0.000000000 0.000000000 1.000000000
425.980748653 545.122913943 445.450657048 0.000000000 0.000000000 0.000000000 0.000000000 1.000000000
426.181127310 544.386975319 445.130240179 0.000000000 0.000000000 0.000000000 0.000000000 1.000000000
426.380827188 543.647217673 444.809653863 0.000000000 0.000000000 0.000000000 0.000000000 1.000000000
426.580892801 542.905379021 444.486481085 0.000000000 0.000000000 0.000000000 0.000000000 1.000000000
426.780878782 542.169300237 444.167850848 0.000000000 0.000000000 0.000000000 0.000000000 1.000000000
426.981209755 541.428507816 443.844702516 0.000000000 0.000000000 0.000000000 0.000000000 1.000000000
427.181118965 540.685425998 443.511254818 0.000000000 0.000000000 0.000000000 0.000000000 1.000000000
427.381197929 539.948534448 443.176144965 0.000000000 0.000000000 0.000000000 0.000000000 1.000000000
427.581173897 539.217970951 442.839624464 0.000000000 0.000000000 0.000000000 0.000000000 1.000000000
427.780788898 538.488962475 442.501815762 0.000000000 0.000000000 0.000000000 0.000000000 1.000000000
427.980976820 537.754725707 442.170871113 0.000000000 0.000000000 0.000000000 0.000000000 1.000000000
428.180163622 537.018329911 441.840925368 0.000000000 0.000000000 0.000000000 0.000000000 1.000000000
428.380849600 536.291153408 441.512802537 0.000000000 0.000000000 0.000000000 0.000000000 1.000000000
428.580842733 535.563323614 441.181856503 0.000000000 0.000000000 0.000000000 0.000000000 1.000000000
428.781154633 534.836969562 440.852594683 0.000000000 0.000000000 0.000000000 0.000000000 1.000000000
428.980728149 534.110305885 440.526916757 0.000000000 0.000000000 0.000000000 0.000000000 1.000000000
429.181182861 533.382800178 440.195854513 0.000000000 0.000000000 0.000000000 0.000000000 1.000000000
429.380479336 532.653565326 439.867874372 0.000000000 0.000000000 0.000000000 0.000000000 1.000000000
429.581252813 531.924777821 439.536520078 0.000000000 0.000000000 0.000000000 0.000000000 1.000000000
429.780224323 531.195260379 439.207801736 0.000000000 0.000000000 0.000000000 0.000000000 1.000000000
429.980650902 530.461422546 438.880351241 0.000000000 0.000000000 0.000000000 0.000000000 1.000000000
430.181114197 529.725058989 438.557549091 0.000000000 0.000000000 0.000000000 0.000000000 1.000000000
430.381189346 528.989789268 438.234458755 0.000000000 0.000000000 0.000000000 0.000000000 1.000000000
430.580927849 528.250274491 437.907385447 0.000000000 0.000000000 0.000000000 0.000000000 1.000000000
430.780407190 527.510689343 437.583591732 0.000000000 0.000000000 0.000000000 0.000000000 1.000000000
430.981083632 526.771640541 437.257477782 0.000000000 0.000000000 0.000000000 0.000000000 1.000000000
431.180763245 526.028084949 436.928592404 0.000000000 0.000000000 0.000000000 0.000000000 1.000000000
431.381022930 525.290061096 436.600196194 0.000000000 0.000000000 0.000000000 0.000000000 1.000000000
431.580698490 524.545466952 436.272921859 0.000000000 0.000000000 0.000000000 0.000000000 1.000000000
431.780350447 523.801175234 435.945835855 0.000000000 0.000000000 0.000000000 0.000000000 1.000000000
431.980244875 523.063352269 435.621161691 0.000000000 0.000000000 0.000000000 0.000000000 1.000000000
432.180334091 522.327867480 435.286903026 0.000000000 0.000000000 0.000000000 0.000000000 1.000000000
432.380322933 521.590587472 434.957539946 0.000000000 0.000000000 0.000000000 0.000000000 1.000000000
432.580707312 520.855651531 434.635530779 0.000000000 0.000000000 0.000000000 0.000000000 1.000000000
432.780900002 520.119259004 434.306329404 0.000000000 0.000000000 0.000000000 0.000000000 1.000000000
432.980306864 519.387050285 433.982307817 0.000000000 0.000000000 0.000000000 0.000000000 1.000000000
433.180821896 518.656803410 433.661389883 0.000000000 0.000000000 0.000000000 0.000000000 1.000000000
433.380736113 517.924685437 433.341417424 0.000000000 0.000000000 0.000000000 0.000000000 1.000000000
433.581064939 517.194752771 433.018847442 0.000000000 0.000000000 0.000000000 0.000000000 1.000000000
433.781120777 516.457679606 432.698208802 0.000000000 0.000000000 0.000000000 0.000000000 1.000000000
433.980701685 515.722659061 432.375446288 0.000000000 0.000000000 0.000000000 0.000000000 1.000000000
434.180365562 514.987800865 432.043229943 0.000000000 0.000000000 0.000000000 0.000000000 1.000000000
434.380942822 514.255054267 431.719724237 0.000000000 0.000000000 0.000000000 0.000000000 1.000000000
434.580612421 513.526613087 431.399141777 0.000000000 0.000000000 0.000000000 0.000000000 1.000000000
434.781050205 512.800370747 431.073797893 0.000000000 0.000000000 0.000000000 0.000000000 1.000000000
434.980062485 512.076509943 430.758087495 0.000000000 0.000000000 0.000000000 0.000000000 1.000000000
435.181022406 511.349139768 430.437226553 0.000000000 0.000000000 0.000000000 0.000000000 1.000000000
435.380047560 510.623016216 430.114761000 0.000000000 0.000000000 0.000000000 0.000000000 1.000000000
435.580641270 509.899830499 429.785881824 0.000000000 0.000000000 0.000000000 0.000000000 1.000000000
435.781083584 509.179294978 429.461425205 0.000000000 0.000000000 0.000000000 0.000000000 1.000000000
435.980246067 508.456905942 429.138772538 0.000000000 0.000000000 0.000000000 0.000000000 1.000000000
436.180126429 507.735143390 428.816871283 0.000000000 0.000000000 0.000000000 0.000000000 1.000000000
436.381015539 507.012374765 428.504270728 0.000000000 0.000000000 0.000000000 0.000000000 1.000000000
436.580869436 506.288764296 428.182224426 0.000000000 0.000000000 0.000000000 0.000000000 1.000000000
436.781028509 505.561978607 427.861696383 0.000000000 0.000000000 0.000000000 0.000000000 1.000000000
436.980704784 504.825617041 427.537977216 0.000000000 0.000000000 0.000000000 0.000000000 1.000000000
437.180310011 504.094780948 427.218179449 0.000000000 0.000000000 0.000000000 0.000000000 1.000000000
437.380197287 503.360776206 426.891414118 0.000000000 0.000000000 0.000000000 0.000000000 1.000000000
437.580217361 502.633454303 426.559683750 0.000000000 0.000000000 0.000000000 0.000000000 1.000000000
437.780089378 501.904396075 426.234190816 0.000000000 0.000000000 0.000000000 0.000000000 1.000000000
437.980929613 501.175376958 425.911960253 0.000000000 0.000000000 0.000000000 0.000000000 1.000000000
438.180905819 500.435531599 425.583692839 0.000000000 0.000000000 0.000000000 0.000000000 1.000000000
438.380520344 499.701090390 425.256626234 0.000000000 0.000000000 0.000000000 0.000000000 1.000000000
438.580034018 498.969216365 424.924825323 0.000000000 0.000000000 0.000000000 0.000000000 1.000000000
438.780573606 498.237206900 424.595911370 0.000000000 0.000000000 0.000000000 0.000000000 1.000000000
438.980508327 497.505211976 424.269157813 0.000000000 0.000000000 0.000000000 0.000000000 1.000000000
439.180185318 496.779240281 423.941958516 0.000000000 0.000000000 0.000000000 0.000000000 1.000000000
439.381022453 496.060657633 423.617319162 0.000000000 0.000000000 0.000000000 0.000000000 1.000000000
439.580493212 495.336069093 423.292622743 0.000000000 0.000000000 0.000000000 0.000000000 1.000000000
439.780063629 494.614251336 422.969519504 0.000000000 0.000000000 0.000000000 0.000000000 1.000000000
439.980002403 493.889387580 422.641165282 0.000000000 0.000000000 0.000000000 0.000000000 1.000000000
440.180872917 493.161150116 422.312702574 0.000000000 0.000000000 0.000000000 0.000000000 1.000000000
440.380170822 492.435750405 421.983936020 0.000000000 0.000000000 0.000000000 0.000000000 1.000000000
440.579979658 491.709210211 421.658199642 0.000000000 0.000000000 0.000000000 0.000000000 1.000000000
440.780762196 490.983768476 421.331410917 0.000000000 0.000000000 0.000000000 0.000000000 1.000000000
440.980020046 490.255630556 421.005311510 0.000000000 0.000000000 0.000000000 0.000000000 1.000000000
441.181005955 489.526985568 420.673733569 0.000000000 0.000000000 0.000000000 0.000000000 1.000000000
441.380902529 488.799141024 420.343847007 0.000000000 0.000000000 0.000000000 0.000000000 1.000000000
441.580016136 488.067023735 420.014944682 0.000000000 0.000000000 0.000000000 0.000000000 1.000000000
441.780717611 487.340585770 419.690974046 0.000000000 0.000000000 0.000000000 0.000000000 1.000000000
441.979977846 486.613063223 419.364855082 0.000000000 0.000000000 0.000000000 0.000000000 1.000000000
442.180127621 485.885488868 419.045108892 0.000000000 0.000000000 0.000000000 0.000000000 1.000000000
442.380141497 485.154331774 418.720263199 0.000000000 0.000000000 0.000000000 0.000000000 1.000000000
442.580487967 484.422362316 418.402004916 0.000000000 0.000000000 0.000000000 0.000000000 1.000000000
442.779967785 483.689212684 418.076805345 0.000000000 0.000000000 0.000000000 0.000000000 1.000000000
442.980418682 482.956421385 417.751392228 0.000000000 0.000000000 0.000000000 0.000000000 1.000000000
443.179952145 482.226205686 417.429412812 0.000000000 0.000000000 0.000000000 0.000000000 1.000000000
443.380418777 481.498992780 417.108336376 0.000000000 0.000000000 0.000000000 0.000000000 1.000000000
443.580029726 480.773442368 416.783036558 0.000000000 0.000000000 0.000000000 0.000000000 1.000000000
443.780956507 480.055015321 416.457778699 0.000000000 0.000000000 0.000000000 0.000000000 1.000000000
443.980511904 479.326663649 416.135611390 0.000000000 0.000000000 0.000000000 0.000000000 1.000000000
444.180743217 478.595672537 415.811497608 0.000000000 0.000000000 0.000000000 0.000000000 1.000000000
444.380152702 477.861792731 415.484153770 0.000000000 0.000000000 0.000000000 0.000000000 1.000000000
444.581102133 477.127255207 415.158201460 0.000000000 0.000000000 0.000000000 0.000000000 1.000000000
444.781026363 476.400456718 414.832757660 0.000000000 0.000000000 0.000000000 0.000000000 1.000000000
444.981140375 475.679144591 414.505318657 0.000000000 0.000000000 0.000000000 0.000000000 1.000000000
445.180542946 474.961873674 414.186645654 0.000000000 0.000000000 0.000000000 0.000000000 1.000000000
445.380623341 474.245650096 413.861878578 0.000000000 0.000000000 0.000000000 0.000000000 1.000000000
445.580372334 473.522673460 413.536040753 0.000000000 0.000000000 0.000000000 0.000000000 1.000000000
445.780184507 472.781451020 413.211693373 0.000000000 0.000000000 0.000000000 0.000000000 1.000000000
445.981043100 472.045942949 412.886349198 0.000000000 0.000000000 0.000000000 0.000000000 1.000000000
446.181010962 471.312934976 412.562342109 0.000000000 0.000000000 0.000000000 0.000000000 1.000000000
446.380561590 470.587833043 412.239739719 0.000000000 0.000000000 0.000000000 0.000000000 1.000000000
446.581077576 469.864681342 411.918566946 0.000000000 0.000000000 0.000000000 0.000000000 1.000000000
446.780215263 469.142258811 411.597894098 0.000000000 0.000000000 0.000000000 0.000000000 1.000000000
446.980289936 468.417782521 411.272035529 0.000000000 0.000000000 0.000000000 0.000000000 1.000000000
447.180433035 467.702481992 410.952654869 0.000000000 0.000000000 0.000000000 0.000000000 1.000000000
447.380091667 466.978065990 410.634557739 0.000000000 0.000000000 0.000000000 0.000000000 1.000000000
447.580604315 466.256649428 410.312476991 0.000000000 0.000000000 0.000000000 0.000000000 1.000000000
447.780210495 465.534985690 409.992794119 0.000000000 0.000000000 0.000000000 0.000000000 1.000000000
447.980872393 464.810673912 409.672518164 0.000000000 0.000000000 0.000000000 0.000000000 1.000000000
448.180517435 464.082065792 409.352719338 0.000000000 0.000000000 0.000000000 0.000000000 1.000000000
448.380486250 463.344751976 409.032075035 0.000000000 0.000000000 0.000000000 0.000000000 1.000000000
448.580890894 462.601337390 408.709066320 0.000000000 0.000000000 0.000000000 0.000000000 1.000000000
448.780694008 461.859158144 408.385372180 0.000000000 0.000000000 0.000000000 0.000000000 1.000000000
448.980352402 461.118820591 408.061409130 0.000000000 0.000000000 0.000000000 0.000000000 1.000000000
449.181091309 460.383236904 407.736366512 0.000000000 0.000000000 0.000000000 0.000000000 1.000000000
449.380325317 459.648049390 407.407505246 0.000000000 0.000000000 0.000000000 0.000000000 1.000000000
449.581020355 458.911788962 407.083657815 0.000000000 0.000000000 0.000000000 0.000000000 1.000000000
449.779998064 458.174104144 406.753505739 0.000000000 0.000000000 0.000000000 0.000000000 1.000000000
449.981050730 457.430457244 406.428018519 0.000000000 0.000000000 0.000000000 0.000000000 1.000000000
450.181008101 456.683599395 406.099040634 0.000000000 0.000000000 0.000000000 0.000000000 1.000000000
450.380835295 455.940354327 405.775057850 0.000000000 0.000000000 0.000000000 0.000000000 1.000000000
450.580424547 455.204377176 405.446930639 0.000000000 0.000000000 0.000000000 0.000000000 1.000000000
450.780463457 454.470581864 405.117016892 0.000000000 0.000000000 0.000000000 0.000000000 1.000000000
450.979731083 453.742391974 404.792201534 0.000000000 0.000000000 0.000000000 0.000000000 1.000000000
451.180402994 453.014414343 404.464904204 0.000000000 0.000000000 0.000000000 0.000000000 1.000000000
451.379808903 452.291159676 404.136969514 0.000000000 0.000000000 0.000000000 0.000000000 1.000000000
451.579283953 451.572011580 403.805005551 0.000000000 0.000000000 0.000000000 0.000000000 1.000000000
451.780833244 450.854242195 403.470079407 0.000000000 0.000000000 0.000000000 0.000000000 1.000000000
451.979784489 450.134497691 403.141819806 0.000000000 0.000000000 0.000000000 0.000000000 1.000000000
452.179203510 449.414112557 402.808992815 0.000000000 0.000000000 0.000000000 0.000000000 1.000000000
452.379202127 448.689214865 402.473000997 0.000000000 0.000000000 0.000000000 0.000000000 1.000000000
452.579555273 447.960515649 402.135554971 0.000000000 0.000000000 0.000000000 0.000000000 1.000000000
452.779376507 447.236817514 401.801540477 0.000000000 0.000000000 0.000000000 0.000000000 1.000000000
452.980145931 446.509530031 401.466261032 0.000000000 0.000000000 0.000000000 0.000000000 1.000000000
453.179576635 445.783553598 401.133204362 0.000000000 0.000000000 0.000000000 0.000000000 1.000000000
453.380137682 445.054319459 400.806850994 0.000000000 0.000000000 0.000000000 0.000000000 1.000000000
453.579029799 444.317783161 400.482681317 0.000000000 0.000000000 0.000000000 0.000000000 1.000000000
453.779641390 443.580172582 400.152210070 0.000000000 0.000000000 0.000000000 0.000000000 1.000000000
453.979980707 442.840612006 399.827634857 0.000000000 0.000000000 0.000000000 0.000000000 1.000000000
454.179818392 442.103897059 399.502762291 0.000000000 0.000000000 0.000000000 0.000000000 1.000000000
454.379429579 441.372104928 399.182603644 0.000000000 0.000000000 0.000000000 0.000000000 1.000000000
454.579457283 440.641619439 398.861140192 0.000000000 0.000000000 0.000000000 0.000000000 1.000000000
454.779659986 439.902594968 398.537242991 0.000000000 0.000000000 0.000000000 0.000000000 1.000000000
454.979627132 439.167128396 398.208261218 0.000000000 0.000000000 0.000000000 0.000000000 1.000000000
455.179957867 438.435103509 397.877255140 0.000000000 0.000000000 0.000000000 0.000000000 1.000000000
455.379672050 437.704147956 397.539021228 0.000000000 0.000000000 0.000000000 0.000000000 1.000000000
455.579432487 436.976771378 397.215054899 0.000000000 0.000000000 0.000000000 0.000000000 1.000000000
455.779874086 436.247873175 396.883533829 0.000000000 0.000000000 0.000000000 0.000000000 1.000000000
455.979821920 435.519416228 396.547420024 0.000000000 0.000000000 0.000000000 0.000000000 1.000000000
456.179161310 434.791361185 396.217794954 0.000000000 0.000000000 0.000000000 0.000000000 1.000000000
456.379965782 434.057994139 395.886014332 0.000000000 0.000000000 0.000000000 0.000000000 1.000000000
456.579703331 433.330824530 395.560817738 0.000000000 0.000000000 0.000000000 0.000000000 1.000000000
456.779362917 432.602731318 395.227296342 0.000000000 0.000000000 0.000000000 0.000000000 1.000000000
456.979525328 431.872846762 394.902388195 0.000000000 0.000000000 0.000000000 0.000000000 1.000000000
457.178978682 431.139300192 394.575742175 0.000000000 0.000000000 0.000000000 0.000000000 1.000000000
457.379362583 430.405927116 394.251371108 0.000000000 0.000000000 0.000000000 0.000000000 1.000000000
457.579848051 429.672096718 393.923560332 0.000000000 0.000000000 0.000000000 0.000000000 1.000000000
457.779379129 428.940858566 393.598727078 0.000000000 0.000000000 0.000000000 0.000000000 1.000000000
457.979206800 428.205990230 393.270172756 0.000000000 0.000000000 0.000000000 0.000000000 1.000000000
458.179115295 427.468731719 392.943499362 0.000000000 0.000000000 0.000000000 0.000000000 1.000000000
458.379524469 426.736189613 392.613342488 0.000000000 0.000000000 0.000000000 0.000000000 1.000000000
458.579309464 426.006265557 392.290312700 0.000000000 0.000000000 0.000000000 0.000000000 1.000000000
458.779518366 425.272687764 391.962893141 0.000000000 0.000000000 0.000000000 0.000000000 1.000000000
458.979999542 424.539068911 391.638977085 0.000000000 0.000000000 0.000000000 0.000000000 1.000000000
459.179544449 423.804643749 391.313534780 0.000000000 0.000000000 0.000000000 0.000000000 1.000000000
459.378913641 423.067676474 390.991853526 0.000000000 0.000000000 0.000000000 0.000000000 1.000000000
459.579615593 422.335099315 390.667419114 0.000000000 0.000000000 0.000000000 0.000000000 1.000000000
459.778907537 421.600124237 390.339968416 0.000000000 0.000000000 0.000000000 0.000000000 1.000000000
459.979145288 420.865835581 390.017851161 0.000000000 0.000000000 0.000000000 0.000000000 1.000000000
460.179049015 420.132699374 389.692291168 0.000000000 0.000000000 0.000000000 0.000000000 1.000000000
460.378865719 419.398353633 389.367340352 0.000000000 0.000000000 0.000000000 0.000000000 1.000000000
460.578999996 418.668349170 389.044654005 0.000000000 0.000000000 0.000000000 0.000000000 1.000000000
460.779638767 417.934951489 388.721670983 0.000000000 0.000000000 0.000000000 0.000000000 1.000000000
460.979696989 417.201699814 388.397881527 0.000000000 0.000000000 0.000000000 0.000000000 1.000000000
461.179677725 416.466304816 388.075066028 0.000000000 0.000000000 0.000000000 0.000000000 1.000000000
461.379769325 415.730184504 387.750468709 0.000000000 0.000000000 0.000000000 0.000000000 1.000000000
461.579614401 415.000014803 387.429858595 0.000000000 0.000000000 0.000000000 0.000000000 1.000000000
461.779264927 414.260555867 387.100721094 0.000000000 0.000000000 0.000000000 0.000000000 1.000000000
461.979794741 413.527018128 386.779063860 0.000000000 0.000000000 0.000000000 0.000000000 1.000000000
462.178984404 412.792390640 386.456704531 0.000000000 0.000000000 0.000000000 0.000000000 1.000000000
462.378953218 412.061189261 386.132735983 0.000000000 0.000000000 0.000000000 0.000000000 1.000000000
462.578939676 411.329654757 385.810925675 0.000000000 0.000000000 0.000000000 0.000000000 1.000000000
462.779839039 410.597457051 385.486737686 0.000000000 0.000000000 0.000000000 0.000000000 1.000000000
462.979110956 409.868303657 385.163434371 0.000000000 0.000000000 0.000000000 0.000000000 1.000000000
463.179150820 409.135382221 384.836136075 0.000000000 0.000000000 0.000000000 0.000000000 1.000000000
463.379646063 408.403150714 384.510417635 0.000000000 0.000000000 0.000000000 0.000000000 1.000000000
463.579123974 407.668618489 384.183953121 0.000000000 0.000000000 0.000000000 0.000000000 1.000000000
463.779253244 406.937239286 383.861378168 0.000000000 0.000000000 0.000000000 0.000000000 1.000000000
463.979038477 406.204814207 383.537845625 0.000000000 0.000000000 0.000000000 0.000000000 1.000000000
464.179215670 405.475403009 383.219682958 0.000000000 0.000000000 0.000000000 0.000000000 1.000000000
464.379884005 404.743180705 382.896016927 0.000000000 0.000000000 0.000000000 0.000000000 1.000000000
464.579283714 404.012128783 382.574930476 0.000000000 0.000000000 0.000000000 0.000000000 1.000000000
464.778855085 403.281614848 382.248181252 0.000000000 0.000000000 0.000000000 0.000000000 1.000000000
464.979470730 402.549056084 381.923439314 0.000000000 0.000000000 0.000000000 0.000000000 1.000000000
465.179187536 401.815488426 381.602978402 0.000000000 0.000000000 0.000000000 0.000000000 1.000000000
465.379625559 401.080703861 381.276101405 0.000000000 0.000000000 0.000000000 0.000000000 1.000000000
465.579719543 400.354446755 380.952757378 0.000000000 0.000000000 0.000000000 0.000000000 1.000000000
465.779883146 399.624616209 380.626925229 0.000000000 0.000000000 0.000000000 0.000000000 1.000000000
465.979560852 398.897913277 380.304647377 0.000000000 0.000000000 0.000000000 0.000000000 1.000000000
466.179445744 398.162919237 379.982085432 0.000000000 0.000000000 0.000000000 0.000000000 1.000000000
466.379492044 397.434782358 379.657994348 0.000000000 0.000000000 0.000000000 0.000000000 1.000000000
466.579145908 396.703294990 379.332585149 0.000000000 0.000000000 0.000000000 0.000000000 1.000000000
466.778869152 395.970981508 379.005719504 0.000000000 0.000000000 0.000000000 0.000000000 1.000000000
466.978949547 395.243018355 378.680188828 0.000000000 0.000000000 0.000000000 0.000000000 1.000000000
467.179274321 394.516082540 378.349872548 0.000000000 0.000000000 0.000000000 0.000000000 1.000000000
467.379079580 393.789172677 378.027205599 0.000000000 0.000000000 0.000000000 0.000000000 1.000000000
467.578918457 393.062229882 377.701745097 0.000000000 0.000000000 0.000000000 0.000000000 1.000000000
467.779790878 392.337237905 377.372972284 0.000000000 0.000000000 0.000000000 0.000000000 1.000000000
467.979333401 391.604926056 377.039763110 0.000000000 0.000000000 0.000000000 0.000000000 1.000000000
468.178795338 390.875484796 376.707341573 0.000000000 0.000000000 0.000000000 0.000000000 1.000000000
468.379064560 390.148032149 376.385057001 0.000000000 0.000000000 0.000000000 0.000000000 1.000000000
468.579418898 389.410810942 376.063341008 0.000000000 0.000000000 0.000000000 0.000000000 1.000000000
468.779157639 388.672880050 375.743037852 0.000000000 0.000000000 0.000000000 0.000000000 1.000000000
468.979472160 387.935076364 375.416226592 0.000000000 0.000000000 0.000000000 0.000000000 1.000000000
469.179792166 387.203017493 375.094136684 0.000000000 0.000000000 0.000000000 0.000000000 1.000000000
469.378782511 386.468143584 374.768246076 0.000000000 0.000000000 0.000000000 0.000000000 1.000000000
469.578879118 385.734686407 374.441674456 0.000000000 0.000000000 0.000000000 0.000000000 1.000000000
469.779551983 385.004487414 374.117615859 0.000000000 0.000000000 0.000000000 0.000000000 1.000000000
469.979439974 384.269096738 373.793623528 0.000000000 0.000000000 0.000000000 0.000000000 1.000000000
470.179666519 383.535446429 373.471476468 0.000000000 0.000000000 0.000000000 0.000000000 1.000000000
470.378812075 382.800557230 373.142024477 0.000000000 0.000000000 0.000000000 0.000000000 1.000000000
470.579192877 382.067107715 372.814160533 0.000000000 0.000000000 0.000000000 0.000000000 1.000000000
470.779150724 381.335329061 372.491223345 0.000000000 0.000000000 0.000000000 0.000000000 1.000000000
470.979824305 380.601957532 372.161959526 0.000000000 0.000000000 0.000000000 0.000000000 1.000000000
471.179044485 379.873886342 371.835273209 0.000000000 0.000000000 0.000000000 0.000000000 1.000000000
471.378802061 379.145316489 371.511043337 0.000000000 0.000000000 0.000000000 0.000000000 1.000000000
471.579476357 378.419830425 371.183292067 0.000000000 0.000000000 0.000000000 0.000000000 1.000000000
471.779296637 377.692762461 370.859783963 0.000000000 0.000000000 0.000000000 0.000000000 1.000000000
471.979094744 376.965707309 370.535965998 0.000000000 0.000000000 0.000000000 0.000000000 1.000000000
472.178750038 376.234594352 370.209822795 0.000000000 0.000000000 0.000000000 0.000000000 1.000000000
472.379539013 375.503765290 369.884188934 0.000000000 0.000000000 0.000000000 0.000000000 1.000000000
472.578968525 374.771901291 369.561855883 0.000000000 0.000000000 0.000000000 0.000000000 1.000000000
472.779798508 374.034868425 369.239771064 0.000000000 0.000000000 0.000000000 0.000000000 1.000000000
472.978893518 373.300103786 368.914269689 0.000000000 0.000000000 0.000000000 0.000000000 1.000000000
473.179261684 372.561054935 368.582512092 0.000000000 0.000000000 0.000000000 0.000000000 1.000000000
473.379101992 371.827698915 368.254645958 0.000000000 0.000000000 0.000000000 0.000000000 1.000000000
473.579301357 371.090704498 367.925523044 0.000000000 0.000000000 0.000000000 0.000000000 1.000000000
473.779032707 370.354250086 367.593464885 0.000000000 0.000000000 0.000000000 0.000000000 1.000000000
473.978734016 369.619165255 367.264539474 0.000000000 0.000000000 0.000000000 0.000000000 1.000000000
474.179136515 368.884269082 366.937707731 0.000000000 0.000000000 0.000000000 0.000000000 1.000000000
474.379649162 368.154011844 366.611986005 0.000000000 0.000000000 0.000000000 0.000000000 1.000000000
474.578808069 367.423265377 366.293925300 0.000000000 0.000000000 0.000000000 0.000000000 1.000000000
474.779198408 366.691518789 365.974500661 0.000000000 0.000000000 0.000000000 0.000000000 1.000000000
474.978866339 365.958021930 365.659853969 0.000000000 0.000000000 0.000000000 0.000000000 1.000000000
475.179085970 365.224582425 365.341692950 0.000000000 0.000000000 0.000000000 0.000000000 1.000000000
475.379104376 364.494984364 365.027485319 0.000000000 0.000000000 0.000000000 0.000000000 1.000000000
475.579066277 363.765016941 364.700319326 0.000000000 0.000000000 0.000000000 0.000000000 1.000000000
475.779374361 363.034053412 364.377329743 0.000000000 0.000000000 0.000000000 0.000000000 1.000000000
475.979430437 362.303952140 364.062235915 0.000000000 0.000000000 0.000000000 0.000000000 1.000000000
476.179295063 361.566617596 363.738905087 0.000000000 0.000000000 0.000000000 0.000000000 1.000000000
476.378991127 360.831689302 363.411386385 0.000000000 0.000000000 0.000000000 0.000000000 1.000000000
476.578931570 360.095341534 363.081119369 0.000000000 0.000000000 0.000000000 0.000000000 1.000000000
476.779247284 359.355551718 362.748892132 0.000000000 0.000000000 0.000000000 0.000000000 1.000000000
476.979695559 358.616558522 362.414551820 0.000000000 0.000000000 0.000000000 0.000000000 1.000000000
477.179321527 357.878198009 362.080656935 0.000000000 0.000000000 0.000000000 0.000000000 1.000000000
477.378923893 357.146297706 361.740814219 0.000000000 0.000000000 0.000000000 0.000000000 1.000000000
477.578786135 356.419078509 361.407179799 0.000000000 0.000000000 0.000000000 0.000000000 1.000000000
477.778990746 355.690819818 361.080293017 0.000000000 0.000000000 0.000000000 0.000000000 1.000000000
477.979537010 354.959917222 360.752440142 0.000000000 0.000000000 0.000000000 0.000000000 1.000000000
478.179072380 354.230788338 360.433915208 0.000000000 0.000000000 0.000000000 0.000000000 1.000000000
478.379616737 353.498871786 360.105686790 0.000000000 0.000000000 0.000000000 0.000000000 1.000000000
478.579376459 352.762383591 359.774008202 0.000000000 0.000000000 0.000000000 0.000000000 1.000000000
478.778096437 352.029542723 359.441324079 0.000000000 0.000000000 0.000000000 0.000000000 1.000000000
478.979006767 351.296214442 359.113788048 0.000000000 0.000000000 0.000000000 0.000000000 1.000000000
479.179512739 350.564453168 358.789282203 0.000000000 0.000000000 0.000000000 0.000000000 1.000000000
479.378613949 349.834286051 358.468917748 0.000000000 0.000000000 0.000000000 0.000000000 1.000000000
479.578854084 349.105710275 358.146455510 0.000000000 0.000000000 0.000000000 0.000000000 1.000000000
479.778366804 348.380053981 357.820497012 0.000000000 0.000000000 0.000000000 0.000000000 1.000000000
479.978843927 347.655653457 357.498711959 0.000000000 0.000000000 0.000000000 0.000000000 1.000000000
480.178124666 346.928186685 357.173627364 0.000000000 0.000000000 0.000000000 0.000000000 1.000000000
480.378356457 346.201379935 356.847340148 0.000000000 0.000000000 0.000000000 0.000000000 1.000000000
480.578390360 345.476956260 356.516542174 0.000000000 0.000000000 0.000000000 0.000000000 1.000000000
480.778803110 344.753160167 356.186274821 0.000000000 0.000000000 0.000000000 0.000000000 1.000000000
480.978265285 344.028189651 355.853846502 0.000000000 0.000000000 0.000000000 0.000000000 1.000000000
481.178173065 343.302709225 355.525102543 0.000000000 0.000000000 0.000000000 0.000000000 1.000000000
481.378461838 342.580596432 355.192125151 0.000000000 0.000000000 0.000000000 0.000000000 1.000000000
481.578355789 341.852452081 354.862925150 0.000000000 0.000000000 0.000000000 0.000000000 1.000000000
481.778136492 341.125769214 354.538050218 0.000000000 0.000000000 0.000000000 0.000000000 1.000000000
481.978362322 340.395154205 354.204038071 0.000000000 0.000000000 0.000000000 0.000000000 1.000000000
482.177875757 339.663493409 353.872345582 0.000000000 0.000000000 0.000000000 0.000000000 1.000000000
482.378083706 338.929252768 353.539800871 0.000000000 0.000000000 0.000000000 0.000000000 1.000000000
482.578486919 338.197144954 353.208226006 0.000000000 0.000000000 0.000000000 0.000000000 1.000000000
482.778202772 337.466005057 352.885792054 0.000000000 0.000000000 0.000000000 0.000000000 1.000000000
482.977880716 336.728877106 352.563015318 0.000000000 0.000000000 0.000000000 0.000000000 1.000000000
483.177893162 335.996135436 352.234692236 0.000000000 0.000000000 0.000000000 0.000000000 1.000000000
483.378206491 335.265507001 351.912420039 0.000000000 0.000000000 0.000000000 0.000000000 1.000000000
483.578088999 334.535142712 351.591348044 0.000000000 0.000000000 0.000000000 0.000000000 1.000000000
483.778097630 333.806624210 351.272257649 0.000000000 0.000000000 0.000000000 0.000000000 1.000000000
483.977650404 333.075464749 350.952090391 0.000000000 0.000000000 0.000000000 0.000000000 1.000000000
484.178254366 332.344308347 350.625509181 0.000000000 0.000000000 0.000000000 0.000000000 1.000000000
484.378687620 331.608714042 350.303971544 0.000000000 0.000000000 0.000000000 0.000000000 1.000000000
484.578687906 330.878197763 349.978106336 0.000000000 0.000000000 0.000000000 0.000000000 1.000000000
484.778520346 330.141859668 349.659255343 0.000000000 0.000000000 0.000000000 0.000000000 1.000000000
484.978598833 329.408737560 349.328571091 0.000000000 0.000000000 0.000000000 0.000000000 1.000000000
485.178764105 328.681440252 349.008509382 0.000000000 0.000000000 0.000000000 0.000000000 1.000000000
485.378720522 327.952944870 348.689240367 0.000000000 0.000000000 0.000000000 0.000000000 1.000000000
485.578762770 327.221657806 348.368186006 0.000000000 0.000000000 0.000000000 0.000000000 1.000000000
485.778077126 326.498532521 348.049727173 0.000000000 0.000000000 0.000000000 0.000000000 1.000000000
485.977808475 325.766076294 347.727159741 0.000000000 0.000000000 0.000000000 0.000000000 1.000000000
486.178065300 325.029644234 347.407025247 0.000000000 0.000000000 0.000000000 0.000000000 1.000000000
486.378363609 324.295660940 347.086760729 0.000000000 0.000000000 0.000000000 0.000000000 1.000000000
486.578536510 323.564815995 346.765293333 0.000000000 0.000000000 0.000000000 0.000000000 1.000000000
486.778574944 322.832183514 346.437964949 0.000000000 0.000000000 0.000000000 0.000000000 1.000000000
486.978137732 322.100445726 346.113092016 0.000000000 0.000000000 0.000000000 0.000000000 1.000000000
487.178583145 321.367835208 345.780102856 0.000000000 0.000000000 0.000000000 0.000000000 1.000000000
487.378413677 320.631199683 345.451770131 0.000000000 0.000000000 0.000000000 0.000000000 1.000000000
487.578527927 319.900416303 345.125149332 0.000000000 0.000000000 0.000000000 0.000000000 1.000000000
487.778704882 319.167511902 344.796085917 0.000000000 0.000000000 0.000000000 0.000000000 1.000000000
487.977974653 318.435451474 344.476407397 0.000000000 0.000000000 0.000000000 0.000000000 1.000000000
488.178092003 317.705397670 344.150423248 0.000000000 0.000000000 0.000000000 0.000000000 1.000000000
488.378441334 316.974738172 343.828975718 0.000000000 0.000000000 0.000000000 0.000000000 1.000000000
488.578573942 316.242691435 343.503446511 0.000000000 0.000000000 0.000000000 0.000000000 1.000000000
488.777789116 315.510113427 343.178136987 0.000000000 0.000000000 0.000000000 0.000000000 1.000000000
488.978486538 314.781105402 342.857015321 0.000000000 0.000000000 0.000000000 0.000000000 1.000000000
489.177665949 314.054447988 342.533244736 0.000000000 0.000000000 0.000000000 0.000000000 1.000000000
489.378604412 313.333128822 342.215905395 0.000000000 0.000000000 0.000000000 0.000000000 1.000000000
489.578650951 312.612690833 341.895697297 0.000000000 0.000000000 0.000000000 0.000000000 1.000000000
489.778181553 311.894485464 341.575442288 0.000000000 0.000000000 0.000000000 0.000000000 1.000000000
489.977671146 311.174070023 341.251660344 0.000000000 0.000000000 0.000000000 0.000000000 1.000000000
490.177890062 310.456489832 340.928842974 0.000000000 0.000000000 0.000000000 0.000000000 1.000000000
490.378424644 309.732191473 340.599769566 0.000000000 0.000000000 0.000000000 0.000000000 1.000000000
490.578231335 309.005908320 340.276980530 0.000000000 0.000000000 0.000000000 0.000000000 1.000000000
490.777915716 308.276054715 339.943315577 0.000000000 0.000000000 0.000000000 0.000000000 1.000000000
490.977651596 307.540995057 339.614403524 0.000000000 0.000000000 0.000000000 0.000000000 1.000000000
491.178470135 306.803886256 339.287203995 0.000000000 0.000000000 0.000000000 0.000000000 1.000000000
491.378146410 306.065763950 338.953913259 0.000000000 0.000000000 0.000000000 0.000000000 1.000000000
491.577743292 305.329061761 338.626418607 0.000000000 0.000000000 0.000000000 0.000000000 1.000000000
491.777732134 304.597908419 338.300931232 0.000000000 0.000000000 0.000000000 0.000000000 1.000000000
491.977782011 303.860178926 337.979648178 0.000000000 0.000000000 0.000000000 0.000000000 1.000000000
492.177749872 303.124967269 337.655540268 0.000000000 0.000000000 0.000000000 0.000000000 1.000000000
492.378234863 302.393432606 337.332511413 0.000000000 0.000000000 0.000000000 0.000000000 1.000000000
492.577842236 301.663075723 337.009353262 0.000000000 0.000000000 0.000000000 0.000000000 1.000000000
492.777647972 300.933837698 336.686388023 0.000000000 0.000000000 0.000000000 0.000000000 1.000000000
492.978347301 300.200577955 336.363031191 0.000000000 0.000000000 0.000000000 0.000000000 1.000000000
493.177853346 299.468575354 336.033037057 0.000000000 0.000000000 0.000000000 0.000000000 1.000000000
493.377839327 298.739527850 335.702470779 0.000000000 0.000000000 0.000000000 0.000000000 1.000000000
493.578151941 298.010406863 335.370305113 0.000000000 0.000000000 0.000000000 0.000000000 1.000000000
493.777900696 297.273787964 335.038278113 0.000000000 0.000000000 0.000000000 0.000000000 1.000000000
493.977853298 296.540518304 334.704168224 0.000000000 0.000000000 0.000000000 0.000000000 1.000000000
494.178529978 295.811812334 334.369463797 0.000000000 0.000000000 0.000000000 0.000000000 1.000000000
494.378110409 295.078301986 334.040317555 0.000000000 0.000000000 0.000000000 0.000000000 1.000000000
494.577690840 294.345080987 333.709402485 0.000000000 0.000000000 0.000000000 0.000000000 1.000000000
494.778515339 293.614806694 333.376346579 0.000000000 0.000000000 0.000000000 0.000000000 1.000000000
494.978532314 292.895927758 333.037090394 0.000000000 0.000000000 0.000000000 0.000000000 1.000000000
495.178111792 292.185760402 332.706143456 0.000000000 0.000000000 0.000000000 0.000000000 1.000000000
495.377734423 291.474931200 332.390635076 0.000000000 0.000000000 0.000000000 0.000000000 1.000000000
495.578515768 290.768712595 332.069916469 0.000000000 0.000000000 0.000000000 0.000000000 1.000000000
495.778444529 290.062938015 331.752407615 0.000000000 0.000000000 0.000000000 0.000000000 1.000000000
495.978596926 289.355918577 331.432225862 0.000000000 0.000000000 0.000000000 0.000000000 1.000000000
496.178311348 288.643093714 331.114665735 0.000000000 0.000000000 0.000000000 0.000000000 1.000000000
496.377921343 287.920076173 330.801667965 0.000000000 0.000000000 0.000000000 0.000000000 1.000000000
496.578194141 287.201044458 330.478328364 0.000000000 0.000000000 0.000000000 0.000000000 1.000000000
496.778560400 286.483280274 330.156529546 0.000000000 0.000000000 0.000000000 0.000000000 1.000000000
496.978622437 285.766905030 329.832741749 0.000000000 0.000000000 0.000000000 0.000000000 1.000000000
497.177865744 285.044453138 329.509804561 0.000000000 0.000000000 0.000000000 0.000000000 1.000000000
497.378273964 284.316750551 329.188361556 0.000000000 0.000000000 0.000000000 0.000000000 1.000000000
497.577832937 283.586682338 328.859263049 0.000000000 0.000000000 0.000000000 0.000000000 1.000000000
497.778263330 282.856934543 328.522461438 0.000000000 0.000000000 0.000000000 0.000000000 1.000000000
497.978379965 282.128901289 328.190958526 0.000000000 0.000000000 0.000000000 0.000000000 1.000000000
498.178399801 281.395992847 327.861184698 0.000000000 0.000000000 0.000000000 0.000000000 1.000000000
498.377863646 280.658990122 327.532087965 0.000000000 0.000000000 0.000000000 0.000000000 1.000000000
498.578120470 279.927562644 327.199275559 0.000000000 0.000000000 0.000000000 0.000000000 1.000000000
498.778368711 279.191014215 326.864334752 0.000000000 0.000000000 0.000000000 0.000000000 1.000000000
498.977832079 278.456338606 326.535117759 0.000000000 0.000000000 0.000000000 0.000000000 1.000000000
499.178476334 277.727284264 326.210398541 0.000000000 0.000000000 0.000000000 0.000000000 1.000000000
499.378387928 276.994248297 325.889105942 0.000000000 0.000000000 0.000000000 0.000000000 1.000000000
499.577729940 276.261561499 325.569665452 0.000000000 0.000000000 0.000000000 0.000000000 1.000000000
499.777801991 275.528996656 325.248903399 0.000000000 0.000000000 0.000000000 0.000000000 1.000000000
499.978461742 274.798977566 324.924384329 0.000000000 0.000000000 0.000000000 0.000000000 1.000000000
500.177918434 274.066603803 324.600709801 0.000000000 0.000000000 0.000000000 0.000000000 1.000000000
500.377900124 273.335288626 324.276591614 0.000000000 0.000000000 0.000000000 0.000000000 1.000000000
500.578498840 272.599903462 323.956355143 0.000000000 0.000000000 0.000000000 0.000000000 1.000000000
500.777722120 271.864418644 323.635391746 0.000000000 0.000000000 0.000000000 0.000000000 1.000000000
500.977800846 271.122771304 323.316196745 0.000000000 0.000000000 0.000000000 0.000000000 1.000000000
501.178374290 270.383398003 322.995629312 0.000000000 0.000000000 0.000000000 0.000000000 1.000000000
501.377689123 269.637729039 322.668599065 0.000000000 0.000000000 0.000000000 0.000000000 1.000000000
501.578426123 268.900601302 322.345107132 0.000000000 0.000000000 0.000000000 0.000000000 1.000000000
501.778048754 268.159885700 322.020478476 0.000000000 0.000000000 0.000000000 0.000000000 1.000000000
501.978225946 267.422654978 321.701724074 0.000000000 0.000000000 0.000000000 0.000000000 1.000000000
502.178602457 266.690949181 321.384118324 0.000000000 0.000000000 0.000000000 0.000000000 1.000000000
502.378108978 265.954528928 321.056797685 0.000000000 0.000000000 0.000000000 0.000000000 1.000000000
502.578428268 265.214459249 320.733903514 0.000000000 0.000000000 0.000000000 0.000000000 1.000000000
502.778547049 264.480990622 320.403908066 0.000000000 0.000000000 0.000000000 0.000000000 1.000000000
502.978135586 263.748386450 320.073814292 0.000000000 0.000000000 0.000000000 0.000000000 1.000000000
503.177634001 263.016448107 319.743684445 0.000000000 0.000000000 0.000000000 0.000000000 1.000000000
503.377628088 262.284559838 319.415114424 0.000000000 0.000000000 0.000000000 0.000000000 1.000000000
503.578017235 261.551229872 319.088406629 0.000000000 0.000000000 0.000000000 0.000000000 1.000000000
503.777681589 260.809433644 318.756757038 0.000000000 0.000000000 0.000000000 0.000000000 1.000000000
503.978312016 260.074423184 318.425956395 0.000000000 0.000000000 0.000000000 0.000000000 1.000000000
504.178177357 259.342682061 318.094028909 0.000000000 0.000000000 0.000000000 0.000000000 1.000000000
504.378238916 258.610653178 317.767760822 0.000000000 0.000000000 0.000000000 0.000000000 1.000000000
504.578143835 257.882767625 317.440516028 0.000000000 0.000000000 0.000000000 0.000000000 1.000000000
504.778033733 257.151022798 317.113798595 0.000000000 0.000000000 0.000000000 0.000000000 1.000000000
504.977699995 256.423428683 316.788303023 0.000000000 0.000000000 0.000000000 0.000000000 1.000000000
505.178507328 255.691198750 316.453558247 0.000000000 0.000000000 0.000000000 0.000000000 1.000000000
505.378227949 254.952567554 316.129543212 0.000000000 0.000000000 0.000000000 0.000000000 1.000000000
505.577856779 254.217887254 315.801720187 0.000000000 0.000000000 0.000000000 0.000000000 1.000000000
505.778433323 253.482430370 315.481617573 0.000000000 0.000000000 0.000000000 0.000000000 1.000000000
505.977574825 252.753841160 315.159134051 0.000000000 0.000000000 0.000000000 0.000000000 1.000000000
506.177595615 252.019557293 314.841617959 0.000000000 0.000000000 0.000000000 0.000000000 1.000000000
506.377902508 251.284513247 314.517983637 0.000000000 0.000000000 0.000000000 0.000000000 1.000000000
506.577495337 250.554636207 314.192280962 0.000000000 0.000000000 0.000000000 0.000000000 1.000000000
506.778206110 249.823664048 313.867601359 0.000000000 0.000000000 0.000000000 0.000000000 1.000000000
506.977490425 249.088496612 313.542354328 0.000000000 0.000000000 0.000000000 0.000000000 1.000000000
507.178405285 248.360794594 313.219634518 0.000000000 0.000000000 0.000000000 0.000000000 1.000000000
507.377396107 247.629645176 312.902871466 0.000000000 0.000000000 0.000000000 0.000000000 1.000000000
507.576793194 246.896024539 312.582342874 0.000000000 0.000000000 0.000000000 0.000000000 1.000000000
507.777423143 246.163927368 312.265785574 0.000000000 0.000000000 0.000000000 0.000000000 1.000000000
507.977730036 245.433233375 311.941131216 0.000000000 0.000000000 0.000000000 0.000000000 1.000000000
508.177115202 244.696657901 311.616013025 0.000000000 0.000000000 0.000000000 0.000000000 1.000000000
508.376563072 243.967521665 311.291398192 0.000000000 0.000000000 0.000000000 0.000000000 1.000000000
508.577449322 243.225811947 310.960141472 0.000000000 0.000000000 0.000000000 0.000000000 1.000000000
508.777131319 242.482081276 310.626118077 0.000000000 0.000000000 0.000000000 0.000000000 1.000000000
508.977220774 241.738836891 310.287813980 0.000000000 0.000000000 0.000000000 0.000000000 1.000000000
509.177033901 241.000482624 309.950897047 0.000000000 0.000000000 0.000000000 0.000000000 1.000000000
509.377494335 240.267145085 309.621881669 0.000000000 0.000000000 0.000000000 0.000000000 1.000000000
509.577422142 239.536278516 309.296384222 0.000000000 0.000000000 0.000000000 0.000000000 1.000000000
509.776946545 238.802387538 308.979885566 0.000000000 0.000000000 0.000000000 0.000000000 1.000000000
509.977088690 238.080875422 308.656346774 0.000000000 0.000000000 0.000000000 0.000000000 1.000000000
510.177535295 237.358881687 308.334581040 0.000000000 0.000000000 0.000000000 0.000000000 1.000000000
510.377262831 236.634403673 308.014967749 0.000000000 0.000000000 0.000000000 0.000000000 1.000000000
510.576658964 235.909208790 307.695655605 0.000000000 0.000000000 0.000000000 0.000000000 1.000000000
510.777315617 235.186134696 307.376558307 0.000000000 0.000000000 0.000000000 0.000000000 1.000000000
510.976964951 234.460398790 307.054384286 0.000000000 0.000000000 0.000000000 0.000000000 1.000000000
511.176552057 233.743064131 306.730597572 0.000000000 0.000000000 0.000000000 0.000000000 1.000000000
511.377424955 233.017486840 306.408116193 0.000000000 0.000000000 0.000000000 0.000000000 1.000000000
511.576643467 232.292155743 306.082835271 0.000000000 0.000000000 0.000000000 0.000000000 1.000000000
511.777333736 231.565155025 305.761677790 0.000000000 0.000000000 0.000000000 0.000000000 1.000000000
511.976590395 230.837485564 305.440812861 0.000000000 0.000000000 0.000000000 0.000000000 1.000000000
512.176958799 230.106283236 305.120420246 0.000000000 0.000000000 0.000000000 0.000000000 1.000000000
512.376680374 229.377787073 304.796159469 0.000000000 0.000000000 0.000000000 0.000000000 1.000000000
512.576635122 228.646657998 304.470349124 0.000000000 0.000000000 0.000000000 0.000000000 1.000000000
512.777403593 227.914688420 304.141286102 0.000000000 0.000000000 0.000000000 0.000000000 1.000000000
512.977287531 227.180697348 303.817163133 0.000000000 0.000000000 0.000000000 0.000000000 1.000000000
513.176935673 226.444544563 303.494647286 0.000000000 0.000000000 0.000000000 0.000000000 1.000000000
513.377112627 225.704497163 303.174929170 0.000000000 0.000000000 0.000000000 0.000000000 1.000000000
513.576946974 224.965373032 302.845675224 0.000000000 0.000000000 0.000000000 0.000000000 1.000000000
513.776718855 224.227762123 302.524007368 0.000000000 0.000000000 0.000000000 0.000000000 1.000000000
513.976536036 223.494537189 302.197663045 0.000000000 0.000000000 0.000000000 0.000000000 1.000000000
514.176858902 222.764038998 301.865961147 0.000000000 0.000000000 0.000000000 0.000000000 1.000000000
514.376729488 222.030264067 301.541185205 0.000000000 0.000000000 0.000000000 0.000000000 1.000000000
514.577175140 221.299139150 301.216348087 0.000000000 0.000000000 0.000000000 0.000000000 1.000000000
514.777441978 220.569360050 300.893142630 0.000000000 0.000000000 0.000000000 0.000000000 1.000000000
514.976731539 219.838406343 300.565250521 0.000000000 0.000000000 0.000000000 0.000000000 1.000000000
515.176526785 219.108772711 300.236349002 0.000000000 0.000000000 0.000000000 0.000000000 1.000000000
515.376874685 218.380575232 299.916080693 0.000000000 0.000000000 0.000000000 0.000000000 1.000000000
515.577369928 217.646187294 299.601896882 0.000000000 0.000000000 0.000000000 0.000000000 1.000000000
515.776898623 216.914881117 299.278579333 0.000000000 0.000000000 0.000000000 0.000000000 1.000000000
515.977076530 216.184802621 298.954471634 0.000000000 0.000000000 0.000000000 0.000000000 1.000000000
516.177088737 215.454525563 298.629903838 0.000000000 0.000000000 0.000000000 0.000000000 1.000000000
516.377264738 214.723308818 298.308647100 0.000000000 0.000000000 0.000000000 0.000000000 1.000000000
516.576939583 213.996325158 297.980632761 0.000000000 0.000000000 0.000000000 0.000000000 1.000000000
516.776962757 213.270230733 297.651450203 0.000000000 0.000000000 0.000000000 0.000000000 1.000000000
516.976956129 212.539325208 297.319582270 0.000000000 0.000000000 0.000000000 0.000000000 1.000000000
517.177238464 211.814796207 296.997680582 0.000000000 0.000000000 0.000000000 0.000000000 1.000000000
517.377041578 211.084140003 296.671097297 0.000000000 0.000000000 0.000000000 0.000000000 1.000000000
517.577120543 210.352706641 296.342062442 0.000000000 0.000000000 0.000000000 0.000000000 1.000000000
517.777256489 209.619825489 296.016360842 0.000000000 0.000000000 0.000000000 0.000000000 1.000000000
517.976500750 208.889219707 295.691120132 0.000000000 0.000000000 0.000000000 0.000000000 1.000000000
518.176943541 208.155708418 295.370325286 0.000000000 0.000000000 0.000000000 0.000000000 1.000000000
518.376636505 207.422278486 295.047525732 0.000000000 0.000000000 0.000000000 0.000000000 1.000000000
518.576767683 206.681394354 294.723550696 0.000000000 0.000000000 0.000000000 0.000000000 1.000000000
518.777270555 205.940340523 294.400360510 0.000000000 0.000000000 0.000000000 0.000000000 1.000000000
518.976293325 205.196486324 294.081038811 0.000000000 0.000000000 0.000000000 0.000000000 1.000000000
519.177062988 204.456535843 293.759027728 0.000000000 0.000000000 0.000000000 0.000000000 1.000000000
519.376649857 203.722184446 293.436065732 0.000000000 0.000000000 0.000000000 0.000000000 1.000000000
519.577373743 202.988620678 293.115247112 0.000000000 0.000000000 0.000000000 0.000000000 1.000000000
519.776952744 202.258322551 292.796146248 0.000000000 0.000000000 0.000000000 0.000000000 1.000000000
519.977122784 201.536656092 292.465112898 0.000000000 0.000000000 0.000000000 0.000000000 1.000000000
520.176903248 200.817927395 292.138344564 0.000000000 0.000000000 0.000000000 0.000000000 1.000000000
520.377040148 200.094936453 291.806197735 0.000000000 0.000000000 0.000000000 0.000000000 1.000000000
520.576355934 199.373075177 291.480278843 0.000000000 0.000000000 0.000000000 0.000000000 1.000000000
520.776556730 198.641276444 291.149789028 0.000000000 0.000000000 0.000000000 0.000000000 1.000000000
520.976731300 197.911576668 290.818570164 0.000000000 0.000000000 0.000000000 0.000000000 1.000000000
521.177010536 197.180249297 290.480818130 0.000000000 0.000000000 0.000000000 0.000000000 1.000000000
521.377096415 196.451061107 290.146614540 0.000000000 0.000000000 0.000000000 0.000000000 1.000000000
521.577157497 195.717791518 289.812688691 0.000000000 0.000000000 0.000000000 0.000000000 1.000000000
521.777287006 194.986373550 289.477160038 0.000000000 0.000000000 0.000000000 0.000000000 1.000000000
521.976929188 194.256710252 289.143952574 0.000000000 0.000000000 0.000000000 0.000000000 1.000000000
522.176764965 193.526913506 288.806999728 0.000000000 0.000000000 0.000000000 0.000000000 1.000000000
522.376716137 192.798892940 288.478048382 0.000000000 0.000000000 0.000000000 0.000000000 1.000000000
522.577385664 192.068499098 288.150072835 0.000000000 0.000000000 0.000000000 0.000000000 1.000000000
522.776689291 191.335847997 287.820164447 0.000000000 0.000000000 0.000000000 0.000000000 1.000000000
522.976917744 190.609026534 287.491230284 0.000000000 0.000000000 0.000000000 0.000000000 1.000000000
523.176504135 189.885705797 287.166102206 0.000000000 0.000000000 0.000000000 0.000000000 1.000000000
523.376923561 189.161288149 286.846985929 0.000000000 0.000000000 0.000000000 0.000000000 1.000000000
523.576633930 188.427759339 286.525089068 0.000000000 0.000000000 0.000000000 0.000000000 1.000000000
523.777303934 187.695773539 286.204392294 0.000000000 0.000000000 0.000000000 0.000000000 1.000000000
523.976804733 186.963389745 285.884545698 0.000000000 0.000000000 0.000000000 0.000000000 1.000000000
524.176310539 186.229753712 285.561442285 0.000000000 0.000000000 0.000000000 0.000000000 1.000000000
524.377258539 185.500433084 285.246265802 0.000000000 0.000000000 0.000000000 0.000000000 1.000000000
524.576973200 184.766124301 284.920913505 0.000000000 0.000000000 0.000000000 0.000000000 1.000000000
524.777195692 184.031957771 284.595697923 0.000000000 0.000000000 0.000000000 0.000000000 1.000000000
524.976895332 183.297673109 284.267013245 0.000000000 0.000000000 0.000000000 0.000000000 1.000000000
525.176639557 182.568192750 283.939346656 0.000000000 0.000000000 0.000000000 0.000000000 1.000000000
525.376915693 181.836295367 283.611906047 0.000000000 0.000000000 0.000000000 0.000000000 1.000000000
525.576658726 181.104714733 283.286738431 0.000000000 0.000000000 0.000000000 0.000000000 1.000000000
525.776799917 180.376993662 282.959921479 0.000000000 0.000000000 0.000000000 0.000000000 1.000000000
525.977024794 179.648747133 282.631428001 0.000000000 0.000000000 0.000000000 0.000000000 1.000000000
526.177008152 178.922963498 282.305762711 0.000000000 0.000000000 0.000000000 0.000000000 1.000000000
526.376968384 178.194726255 281.985982076 0.000000000 0.000000000 0.000000000 0.000000000 1.000000000
526.577330351 177.463920588 281.664280704 0.000000000 0.000000000 0.000000000 0.000000000 1.000000000
526.776743650 176.732586694 281.344988833 0.000000000 0.000000000 0.000000000 0.000000000 1.000000000
526.976801157 176.004121042 281.026876566 0.000000000 0.000000000 0.000000000 0.000000000 1.000000000
527.176887512 175.271821252 280.705289660 0.000000000 0.000000000 0.000000000 0.000000000 1.000000000
527.376990080 174.542994139 280.385145537 0.000000000 0.000000000 0.000000000 0.000000000 1.000000000
527.576866150 173.811271800 280.066454076 0.000000000 0.000000000 0.000000000 0.000000000 1.000000000
527.776266336 173.085335693 279.746166838 0.000000000 0.000000000 0.000000000 0.000000000 1.000000000
527.977074146 172.355663499 279.423949736 0.000000000 0.000000000 0.000000000 0.000000000 1.000000000
528.177276134 171.624094632 279.105139232 0.000000000 0.000000000 0.000000000 0.000000000 1.000000000
528.377116442 170.896229839 278.780935861 0.000000000 0.000000000 0.000000000 0.000000000 1.000000000
528.576948881 170.158329368 278.452273292 0.000000000 0.000000000 0.000000000 0.000000000 1.000000000
528.777423620 169.421244599 278.118385604 0.000000000 0.000000000 0.000000000 0.000000000 1.000000000
528.976488113 168.685233031 277.785326204 0.000000000 0.000000000 0.000000000 0.000000000 1.000000000
529.176513195 167.951718195 277.449750653 0.000000000 0.000000000 0.000000000 0.000000000 1.000000000
529.376416922 167.218414726 277.115986492 0.000000000 0.000000000 0.000000000 0.000000000 1.000000000
529.576416016 166.486201526 276.782356181 0.000000000 0.000000000 0.000000000 0.000000000 1.000000000
529.777356863 165.756702387 276.452749952 0.000000000 0.000000000 0.000000000 0.000000000 1.000000000
529.976904392 165.025421493 276.116913972 0.000000000 0.000000000 0.000000000 0.000000000 1.000000000
530.177095652 164.292815493 275.785608938 0.000000000 0.000000000 0.000000000 0.000000000 1.000000000
530.376854658 163.560998202 275.453068002 0.000000000 0.000000000 0.000000000 0.000000000 1.000000000
530.576890945 162.826230793 275.127484792 0.000000000 0.000000000 0.000000000 0.000000000 1.000000000
530.777167320 162.094029743 274.797084789 0.000000000 0.000000000 0.000000000 0.000000000 1.000000000
530.977054358 161.361335404 274.466393005 0.000000000 0.000000000 0.000000000 0.000000000 1.000000000
531.176759958 160.629067465 274.141990964 0.000000000 0.000000000 0.000000000 0.000000000 1.000000000
531.376251698 159.897353923 273.814135666 0.000000000 0.000000000 0.000000000 0.000000000 1.000000000
531.576680899 159.162622435 273.485837816 0.000000000 0.000000000 0.000000000 0.000000000 1.000000000
531.776672840 158.432242892 273.161659721 0.000000000 0.000000000 0.000000000 0.000000000 1.000000000
531.976660490 157.696560330 272.840768674 0.000000000 0.000000000 0.000000000 0.000000000 1.000000000
532.176494122 156.964155424 272.518423145 0.000000000 0.000000000 0.000000000 0.000000000 1.000000000
532.376343489 156.231603305 272.199079640 0.000000000 0.000000000 0.000000000 0.000000000 1.000000000
532.576318502 155.495966499 271.875492723 0.000000000 0.000000000 0.000000000 0.000000000 1.000000000
532.776857376 154.763845116 271.561449490 0.000000000 0.000000000 0.000000000 0.000000000 1.000000000
532.976415634 154.028086000 271.240696940 0.000000000 0.000000000 0.000000000 0.000000000 1.000000000
533.176799774 153.298835012 270.922454470 0.000000000 0.000000000 0.000000000 0.000000000 1.000000000
533.376469135 152.572303022 270.604317626 0.000000000 0.000000000 0.000000000 0.000000000 1.000000000
533.577249289 151.839141339 270.282498506 0.000000000 0.000000000 0.000000000 0.000000000 1.000000000
533.776943684 151.108021727 269.958204365 0.000000000 0.000000000 0.000000000 0.000000000 1.000000000
533.975846529 150.380242004 269.637194639 0.000000000 0.000000000 0.000000000 0.000000000 1.000000000
534.176683903 149.650958118 269.308934381 0.000000000 0.000000000 0.000000000 0.000000000 1.000000000
534.376800776 148.923388470 268.978466482 0.000000000 0.000000000 0.000000000 0.000000000 1.000000000
534.576939821 148.196233676 268.652781126 0.000000000 0.000000000 0.000000000 0.000000000 1.000000000
534.777196646 147.465719180 268.325598350 0.000000000 0.000000000 0.000000000 0.000000000 1.000000000
534.975873709 146.736610669 267.996317856 0.000000000 0.000000000 0.000000000 0.000000000 1.000000000
535.176409483 146.006832750 267.669852454 0.000000000 0.000000000 0.000000000 0.000000000 1.000000000
535.375965357 145.275821164 267.349933926 0.000000000 0.000000000 0.000000000 0.000000000 1.000000000
535.575686216 144.544272129 267.023395295 0.000000000 0.000000000 0.000000000 0.000000000 1.000000000
535.775444508 143.815447418 266.692933387 0.000000000 0.000000000 0.000000000 0.000000000 1.000000000
535.975604057 143.081899641 266.360295510 0.000000000 0.000000000 0.000000000 0.000000000 1.000000000
536.175648928 142.350491659 266.032978372 0.000000000 0.000000000 0.000000000 0.000000000 1.000000000
536.376346350 141.616136863 265.700588404 0.000000000 0.000000000 0.000000000 0.000000000 1.000000000
536.575652838 140.885852815 265.371022036 0.000000000 0.000000000 0.000000000 0.000000000 1.000000000
536.776174068 140.153797633 265.041519223 0.000000000 0.000000000 0.000000000 0.000000000 1.000000000
536.976186275 139.420107859 264.717639427 0.000000000 0.000000000 0.000000000 0.000000000 1.000000000
537.176496267 138.686917407 264.388861268 0.000000000 0.000000000 0.000000000 0.000000000 1.000000000
537.376314163 137.950530477 264.066061016 0.000000000 0.000000000 0.000000000 0.000000000 1.000000000
537.575426102 137.216832239 263.738385147 0.000000000 0.000000000 0.000000000 0.000000000 1.000000000
537.775964975 136.480401177 263.411477805 0.000000000 0.000000000 0.000000000 0.000000000 1.000000000
537.975598812 135.746367226 263.086964549 0.000000000 0.000000000 0.000000000 0.000000000 1.000000000
538.175765753 135.008280449 262.763842253 0.000000000 0.000000000 0.000000000 0.000000000 1.000000000
538.375303984 134.273385251 262.436497929 0.000000000 0.000000000 0.000000000 0.000000000 1.000000000
538.576203585 133.537025574 262.110449939 0.000000000 0.000000000 0.000000000 0.000000000 1.000000000
538.775354862 132.798735775 261.781544250 0.000000000 0.000000000 0.000000000 0.000000000 1.000000000
538.975620270 132.061060896 261.453392594 0.000000000 0.000000000 0.000000000 0.000000000 1.000000000
539.175616026 131.326430212 261.122372907 0.000000000 0.000000000 0.000000000 0.000000000 1.000000000
539.375520468 130.596053965 260.801542431 0.000000000 0.000000000 0.000000000 0.000000000 1.000000000
539.576175451 129.862323379 260.479370309 0.000000000 0.000000000 0.000000000 0.000000000 1.000000000
539.775650740 129.128865246 260.156654048 0.000000000 0.000000000 0.000000000 0.000000000 1.000000000
539.975632191 128.394556065 259.831488111 0.000000000 0.000000000 0.000000000 0.000000000 1.000000000
540.175970078 127.662588268 259.509309489 0.000000000 0.000000000 0.000000000 0.000000000 1.000000000
540.376376629 126.928703306 259.188102184 0.000000000 0.000000000 0.000000000 0.000000000 1.000000000
540.575623751 126.197014959 258.862021911 0.000000000 0.000000000 0.000000000 0.000000000 1.000000000
540.775490046 125.465039204 258.532805099 0.000000000 0.000000000 0.000000000 0.000000000 1.000000000
540.976266146 124.731244615 258.209443838 0.000000000 0.000000000 0.000000000 0.000000000 1.000000000
541.175690413 123.998213084 257.885619940 0.000000000 0.000000000 0.000000000 0.000000000 1.000000000
541.375740051 123.264170227 257.562196282 0.000000000 0.000000000 0.000000000 0.000000000 1.000000000
541.575491190 122.532243003 257.237643984 0.000000000 0.000000000 0.000000000 0.000000000 1.000000000
541.776025534 121.797808169 256.906826565 0.000000000 0.000000000 0.000000000 0.000000000 1.000000000
541.975989342 121.066410718 256.588130787 0.000000000 0.000000000 0.000000000 0.000000000 1.000000000
542.175860405 120.336170907 256.263483770 0.000000000 0.000000000 0.000000000 0.000000000 1.000000000
542.376058817 119.604817341 255.935513859 0.000000000 0.000000000 0.000000000 0.000000000 1.000000000
542.575645924 118.873482618 255.612031895 0.000000000 0.000000000 0.000000000 0.000000000 1.000000000
542.775851727 118.144969386 255.284556854 0.000000000 0.000000000 0.000000000 0.000000000 1.000000000
542.976230145 117.416953957 254.957322593 0.000000000 0.000000000 0.000000000 0.000000000 1.000000000
543.175839186 116.690803122 254.632165318 0.000000000 0.000000000 0.000000000 0.000000000 1.000000000
543.375609159 115.969427716 254.305925294 0.000000000 0.000000000 0.000000000 0.000000000 1.000000000
543.575844049 115.241913461 253.978422967 0.000000000 0.000000000 0.000000000 0.000000000 1.000000000
543.775978565 114.511153602 253.650648830 0.000000000 0.000000000 0.000000000 0.000000000 1.000000000
543.975752831 113.782406539 253.322163617 0.000000000 0.000000000 0.000000000 0.000000000 1.000000000
544.175657034 113.059607030 252.994723937 0.000000000 0.000000000 0.000000000 0.000000000 1.000000000
544.375699759 112.335645574 252.664295875 0.000000000 0.000000000 0.000000000 0.000000000 1.000000000
544.575151443 111.612159718 252.332043933 0.000000000 0.000000000 0.000000000 0.000000000 1.000000000
544.775864124 110.891873110 252.010182808 0.000000000 0.000000000 0.000000000 0.000000000 1.000000000
544.975680828 110.171501582 251.683142167 0.000000000 0.000000000 0.000000000 0.000000000 1.000000000
545.175556183 109.451152787 251.354039639 0.000000000 0.000000000 0.000000000 0.000000000 1.000000000
545.375378847 108.720751198 251.030993763 0.000000000 0.000000000 0.000000000 0.000000000 1.000000000
545.575378895 107.997045658 250.699557033 0.000000000 0.000000000 0.000000000 0.000000000 1.000000000
545.775538445 107.270357984 250.375741157 0.000000000 0.000000000 0.000000000 0.000000000 1.000000000
545.975328445 106.541884276 250.047901598 0.000000000 0.000000000 0.000000000 0.000000000 1.000000000
546.175871849 105.812562314 249.717482795 0.000000000 0.000000000 0.000000000 0.000000000 1.000000000
546.376162767 105.081180697 249.390925830 0.000000000 0.000000000 0.000000000 0.000000000 1.000000000
546.575432777 104.345976007 249.066467056 0.000000000 0.000000000 0.000000000 0.000000000 1.000000000
546.775266647 103.610046112 248.741610460 0.000000000 0.000000000 0.000000000 0.000000000 1.000000000
546.976070404 102.870922742 248.417756554 0.000000000 0.000000000 0.000000000 0.000000000 1.000000000
547.176223755 102.133977224 248.092002011 0.000000000 0.000000000 0.000000000 0.000000000 1.000000000
547.375923157 101.397833248 247.766163239 0.000000000 0.000000000 0.000000000 0.000000000 1.000000000
547.575095177 100.662811340 247.449208722 0.000000000 0.000000000 0.000000000 0.000000000 1.000000000
547.775359154 99.928515949 247.123560382 0.000000000 0.000000000 0.000000000 0.000000000 1.000000000
547.976238489 99.190293455 246.796660938 0.000000000 0.000000000 0.000000000 0.000000000 1.000000000
548.175153971 98.452806630 246.468243103 0.000000000 0.000000000 0.000000000 0.000000000 1.000000000
548.375337124 97.722849110 246.134873972 0.000000000 0.000000000 0.000000000 0.000000000 1.000000000
548.575337887 96.990305182 245.801927789 0.000000000 0.000000000 0.000000000 0.000000000 1.000000000
548.775465727 96.255790414 245.474508964 0.000000000 0.000000000 0.000000000 0.000000000 1.000000000
548.975607395 95.522494761 245.147027294 0.000000000 0.000000000 0.000000000 0.000000000 1.000000000
549.175182104 94.796416339 244.817159943 0.000000000 0.000000000 0.000000000 0.000000000 1.000000000
549.375751019 94.071492178 244.497245727 0.000000000 0.000000000 0.000000000 0.000000000 1.000000000
549.575302124 93.350452388 244.174616419 0.000000000 0.000000000 0.000000000 0.000000000 1.000000000
549.775608540 92.623831730 243.853691318 0.000000000 0.000000000 0.000000000 0.000000000 1.000000000
549.976128817 91.901610162 243.532718327 0.000000000 0.000000000 0.000000000 0.000000000 1.000000000
550.175462961 91.172545469 243.211954739 0.000000000 0.000000000 0.000000000 0.000000000 1.000000000
550.375760794 90.441495163 242.884307398 0.000000000 0.000000000 0.000000000 0.000000000 1.000000000
550.575808525 89.711056420 242.557757651 0.000000000 0.000000000 0.000000000 0.000000000 1.000000000
550.775542736 88.979060162 242.230321167 0.000000000 0.000000000 0.000000000 0.000000000 1.000000000
550.975386858 88.244462330 241.902385378 0.000000000 0.000000000 0.000000000 0.000000000 1.000000000
551.175795794 87.512362410 241.575736742 0.000000000 0.000000000 0.000000000 0.000000000 1.000000000
551.375485182 86.781603411 241.246415755 0.000000000 0.000000000 0.000000000 0.000000000 1.000000000
551.576236010 86.045505397 240.915241283 0.000000000 0.000000000 0.000000000 0.000000000 1.000000000
551.775715590 85.306346278 240.589393086 0.000000000 0.000000000 0.000000000 0.000000000 1.000000000
551.975342751 84.570208594 240.261431334 0.000000000 0.000000000 0.000000000 0.000000000 1.000000000
552.175516367 83.840335939 239.928822671 0.000000000 0.000000000 0.000000000 0.000000000 1.000000000
552.375477314 83.113361603 239.596158125 0.000000000 0.000000000 0.000000000 0.000000000 1.000000000
552.575624466 82.383663895 239.269239269 0.000000000 0.000000000 0.000000000 0.000000000 1.000000000
552.775421619 81.653510627 238.935972327 0.000000000 0.000000000 0.000000000 0.000000000 1.000000000
552.975836515 80.923332572 238.611136103 0.000000000 0.000000000 0.000000000 0.000000000 1.000000000
553.175296068 80.191981510 238.285512627 0.000000000 0.000000000 0.000000000 0.000000000 1.000000000
553.376177311 79.461563320 237.963594967 0.000000000 0.000000000 0.000000000 0.000000000 1.000000000
553.575730324 78.731073689 237.635917506 0.000000000 0.000000000 0.000000000 0.000000000 1.000000000
553.776141167 77.997174646 237.323457687 0.000000000 0.000000000 0.000000000 0.000000000 1.000000000
553.975475073 77.270162410 237.001561393 0.000000000 0.000000000 0.000000000 0.000000000 1.000000000
554.175636530 76.542149840 236.683592264 0.000000000 0.000000000 0.000000000 0.000000000 1.000000000
554.375891924 75.816195142 236.364594177 0.000000000 0.000000000 0.000000000 0.000000000 1.000000000
554.575569630 75.087091301 236.052600937 0.000000000 0.000000000 0.000000000 0.000000000 1.000000000
554.775190353 74.358447669 235.741831916 0.000000000 0.000000000 0.000000000 0.000000000 1.000000000
554.975186348 73.630528745 235.429804517 0.000000000 0.000000000 0.000000000 0.000000000 1.000000000
555.175667048 72.900283177 235.123680990 0.000000000 0.000000000 0.000000000 0.000000000 1.000000000
555.375502825 72.168551222 234.814279704 0.000000000 0.000000000 0.000000000 0.000000000 1.000000000
555.575809240 71.445030240 234.498214576 0.000000000 0.000000000 0.000000000 0.000000000 1.000000000
555.775536060 70.715424771 234.178249233 0.000000000 0.000000000 0.000000000 0.000000000 1.000000000
555.975746632 69.989441111 233.858231167 0.000000000 0.000000000 0.000000000 0.000000000 1.000000000
556.175631523 69.259785897 233.536755552 0.000000000 0.000000000 0.000000000 0.000000000 1.000000000
556.376188278 68.529739416 233.216895727 0.000000000 0.000000000 0.000000000 0.000000000 1.000000000
556.575684309 67.797380711 232.891431603 0.000000000 0.000000000 0.000000000 0.000000000 1.000000000
556.775674343 67.066128789 232.562642826 0.000000000 0.000000000 0.000000000 0.000000000 1.000000000
556.975502014 66.333735637 232.242696119 0.000000000 0.000000000 0.000000000 0.000000000 1.000000000
557.176076889 65.596858748 231.916004947 0.000000000 0.000000000 0.000000000 0.000000000 1.000000000
557.375443935 64.855222264 231.585652628 0.000000000 0.000000000 0.000000000 0.000000000 1.000000000
557.575099707 64.110665913 231.252104207 0.000000000 0.000000000 0.000000000 0.000000000 1.000000000
557.775098324 63.368427637 230.918783996 0.000000000 0.000000000 0.000000000 0.000000000 1.000000000
557.975728273 62.629303056 230.591116956 0.000000000 0.000000000 0.000000000 0.000000000 1.000000000
558.175577641 61.891034616 230.268368173 0.000000000 0.000000000 0.000000000 0.000000000 1.000000000
558.375388145 61.152762752 229.938598634 0.000000000 0.000000000 0.000000000 0.000000000 1.000000000
558.575265169 60.415146588 229.603916124 0.000000000 0.000000000 0.000000000 0.000000000 1.000000000
558.775665283 59.681771137 229.270233414 0.000000000 0.000000000 0.000000000 0.000000000 1.000000000
558.975104332 58.943555171 228.943460107 0.000000000 0.000000000 0.000000000 0.000000000 1.000000000
559.175190687 58.214754334 228.614914164 0.000000000 0.000000000 0.000000000 0.000000000 1.000000000
559.375192404 57.479096314 228.279281341 0.000000000 0.000000000 0.000000000 0.000000000 1.000000000
559.575283051 56.741613739 227.942919146 0.000000000 0.000000000 0.000000000 0.000000000 1.000000000
559.776117325 56.007062025 227.606882453 0.000000000 0.000000000 0.000000000 0.000000000 1.000000000
559.976095915 55.271919734 227.272434642 0.000000000 0.000000000 0.000000000 0.000000000 1.000000000
560.175154924 54.540457144 226.937492982 0.000000000 0.000000000 0.000000000 0.000000000 1.000000000
560.375367641 53.808649738 226.606808175 0.000000000 0.000000000 0.000000000 0.000000000 1.000000000
560.576108456 53.078745866 226.276647657 0.000000000 0.000000000 0.000000000 0.000000000 1.000000000
560.775537014 52.350380740 225.947494627 0.000000000 0.000000000 0.000000000 0.000000000 1.000000000
560.975901842 51.621002223 225.627243457 0.000000000 0.000000000 0.000000000 0.000000000 1.000000000
561.175404072 50.895139075 225.306366531 0.000000000 0.000000000 0.000000000 0.000000000 1.000000000
561.375934362 50.168780505 224.980269207 0.000000000 0.000000000 0.000000000 0.000000000 1.000000000
561.575095415 49.448751643 224.663280932 0.000000000 0.000000000 0.000000000 0.000000000 1.000000000
561.775040865 48.726829822 224.341426035 0.000000000 0.000000000 0.000000000 0.000000000 1.000000000
561.975041151 48.006348663 224.019814057 0.000000000 0.000000000 0.000000000 0.000000000 1.000000000
562.175785780 47.283213116 223.699976107 0.000000000 0.000000000 0.000000000 0.000000000 1.000000000
562.374942780 46.562610825 223.375972801 0.000000000 0.000000000 0.000000000 0.000000000 1.000000000
562.576030731 45.837869077 223.053156238 0.000000000 0.000000000 0.000000000 0.000000000 1.000000000
562.774088383 45.111875736 222.732243827 0.000000000 0.000000000 0.000000000 0.000000000 1.000000000
562.974216461 44.388245100 222.406689078 0.000000000 0.000000000 0.000000000 0.000000000 1.000000000
563.175458431 43.660205457 222.081942284 0.000000000 0.000000000 0.000000000 0.000000000 1.000000000
563.374113321 42.934526557 221.752517451 0.000000000 0.000000000 0.000000000 0.000000000 1.000000000
563.574542761 42.205010865 221.426279949 0.000000000 0.000000000 0.000000000 0.000000000 1.000000000
563.774307489 41.479254776 221.095458979 0.000000000 0.000000000 0.000000000 0.000000000 1.000000000
563.974548817 40.747531312 220.765356158 0.000000000 0.000000000 0.000000000 0.000000000 1.000000000
564.174517155 40.019918768 220.436784475 0.000000000 0.000000000 0.000000000 0.000000000 1.000000000
564.374965668 39.293547418 220.111272731 0.000000000 0.000000000 0.000000000 0.000000000 1.000000000
564.574449539 38.562515817 219.785953905 0.000000000 0.000000000 0.000000000 0.000000000 1.000000000
564.774732113 37.831730110 219.459821400 0.000000000 0.000000000 0.000000000 0.000000000 1.000000000
564.974118471 37.101974761 219.134902965 0.000000000 0.000000000 0.000000000 0.000000000 1.000000000
565.174363613 36.371539674 218.805709952 0.000000000 0.000000000 0.000000000 0.000000000 1.000000000
565.374747753 35.643423205 218.480201889 0.000000000 0.000000000 0.000000000 0.000000000 1.000000000
565.575000763 34.915103777 218.153571365 0.000000000 0.000000000 0.000000000 0.000000000 1.000000000
565.775006056 34.181432599 217.827654737 0.000000000 0.000000000 0.000000000 0.000000000 1.000000000
565.974623919 33.451383002 217.504921652 0.000000000 0.000000000 0.000000000 0.000000000 1.000000000
566.174678087 32.717265509 217.179045346 0.000000000 0.000000000 0.000000000 0.000000000 1.000000000
566.374451876 31.988521080 216.850678942 0.000000000 0.000000000 0.000000000 0.000000000 1.000000000
566.574336529 31.255955695 216.522212320 0.000000000 0.000000000 0.000000000 0.000000000 1.000000000
566.774578333 30.527400220 216.199060492 0.000000000 0.000000000 0.000000000 0.000000000 1.000000000
566.974035740 29.796087063 215.873576137 0.000000000 0.000000000 0.000000000 0.000000000 1.000000000
567.174904108 29.067059538 215.550486991 0.000000000 0.000000000 0.000000000 0.000000000 1.000000000
567.374728918 28.338301443 215.219923162 0.000000000 0.000000000 0.000000000 0.000000000 1.000000000
567.574661255 27.615973763 214.893976934 0.000000000 0.000000000 0.000000000 0.000000000 1.000000000
567.774782896 26.896722132 214.568683946 0.000000000 0.000000000 0.000000000 0.000000000 1.000000000
567.974251270 26.172529181 214.240072588 0.000000000 0.000000000 0.000000000 0.000000000 1.000000000
568.174997807 25.449626924 213.916186986 0.000000000 0.000000000 0.000000000 0.000000000 1.000000000
568.374603271 24.718726491 213.587210085 0.000000000 0.000000000 0.000000000 0.000000000 1.000000000
568.574408531 23.984588392 213.256807718 0.000000000 0.000000000 0.000000000 0.000000000 1.000000000
568.774760485 23.248751397 212.922226187 0.000000000 0.000000000 0.000000000 0.000000000 1.000000000
568.975083351 22.515529451 212.597482653 0.000000000 0.000000000 0.000000000 0.000000000 1.000000000
569.174517870 21.781053066 212.276744701 0.000000000 0.000000000 0.000000000 0.000000000 1.000000000
569.375057697 21.043698431 211.948441541 0.000000000 0.000000000 0.000000000 0.000000000 1.000000000
569.574647665 20.310264816 211.619481904 0.000000000 0.000000000 0.000000000 0.000000000 1.000000000
569.774885178 19.578809275 211.294624262 0.000000000 0.000000000 0.000000000 0.000000000 1.000000000
569.974184990 18.846673960 210.961976132 0.000000000 0.000000000 0.000000000 0.000000000 1.000000000
570.174671173 18.119275859 210.636044849 0.000000000 0.000000000 0.000000000 0.000000000 1.000000000
570.374988794 17.389731754 210.306095633 0.000000000 0.000000000 0.000000000 0.000000000 1.000000000
570.574002743 16.660532828 209.979433535 0.000000000 0.000000000 0.000000000 0.000000000 1.000000000
570.774930954 15.918704501 209.652862811 0.000000000 0.000000000 0.000000000 0.000000000 1.000000000
570.974863291 15.182952800 209.323671509 0.000000000 0.000000000 0.000000000 0.000000000 1.000000000
571.174653769 14.448716684 208.997871121 0.000000000 0.000000000 0.000000000 0.000000000 1.000000000
571.374566555 13.716876236 208.666907081 0.000000000 0.000000000 0.000000000 0.000000000 1.000000000
571.574762344 12.985229711 208.341765270 0.000000000 0.000000000 0.000000000 0.000000000 1.000000000
571.774673700 12.252436069 208.012024265 0.000000000 0.000000000 0.000000000 0.000000000 1.000000000
571.974364519 11.520343385 207.680152113 0.000000000 0.000000000 0.000000000 0.000000000 1.000000000
572.174236059 10.788980837 207.356714973 0.000000000 0.000000000 0.000000000 0.000000000 1.000000000
572.374650240 10.060519480 207.029351002 0.000000000 0.000000000 0.000000000 0.000000000 1.000000000
572.574474812 9.335332084 206.709762632 0.000000000 0.000000000 0.000000000 0.000000000 1.000000000
572.774987698 8.609212175 206.396068188 0.000000000 0.000000000 0.000000000 0.000000000 1.000000000
572.974461555 7.883694499 206.084062404 0.000000000 0.000000000 0.000000000 0.000000000 1.000000000
573.174166441 7.156401430 205.770079658 0.000000000 0.000000000 0.000000000 0.000000000 1.000000000
573.374772549 6.418887697 205.453399180 0.000000000 0.000000000 0.000000000 0.000000000 1.000000000
573.574262619 5.685507062 205.137353946 0.000000000 0.000000000 0.000000000 0.000000000 1.000000000
573.774246216 4.948652188 204.824220000 0.000000000 0.000000000 0.000000000 0.000000000 1.000000000
573.974401236 4.211815505 204.507699842 0.000000000 0.000000000 0.000000000 0.000000000 1.000000000
574.174914360 3.477221767 204.188939344 0.000000000 0.000000000 0.000000000 0.000000000 1.000000000
574.374995232 2.742727983 203.874418403 0.000000000 0.000000000 0.000000000 0.000000000 1.000000000
574.574668884 2.003705990 203.559957128 0.000000000 0.000000000 0.000000000 0.000000000 1.000000000
574.774860859 1.259582295 203.240991428 0.000000000 0.000000000 0.000000000 0.000000000 1.000000000
574.974345922 0.523793651 202.919600849 0.000000000 0.000000000 0.000000000 0.000000000 1.000000000
575.174813032 -0.212511694 202.601551659 0.000000000 0.000000000 0.000000000 0.000000000 1.000000000
575.374211550 -0.950771067 202.277980943 0.000000000 0.000000000 0.000000000 0.000000000 1.000000000
575.573971748 -1.688681611 201.945793835 0.000000000 0.000000000 0.000000000 0.000000000 1.000000000
575.774016142 -2.421488617 201.606349663 0.000000000 0.000000000 0.000000000 0.000000000 1.000000000
575.974595547 -3.150465900 201.263863435 0.000000000 0.000000000 0.000000000 0.000000000 1.000000000
576.174763203 -3.879572337 200.916481863 0.000000000 0.000000000 0.000000000 0.000000000 1.000000000
576.374054193 -4.606263845 200.564618079 0.000000000 0.000000000 0.000000000 0.000000000 1.000000000
576.574384212 -5.325282402 200.196443133 0.000000000 0.000000000 0.000000000 0.000000000 1.000000000
576.774235249 -6.038169955 199.819333190 0.000000000 0.000000000 0.000000000 0.000000000 1.000000000
576.973898649 -6.748041405 199.425569315 0.000000000 0.000000000 0.000000000 0.000000000 1.000000000
577.173891544 -7.452950009 199.025578491 0.000000000 0.000000000 0.000000000 0.000000000 1.000000000
577.374690533 -8.151286556 198.613272252 0.000000000 0.000000000 0.000000000 0.000000000 1.000000000
577.574259758 -8.841627323 198.188910721 0.000000000 0.000000000 0.000000000 0.000000000 1.000000000
577.773862123 -9.520120909 197.751637010 0.000000000 0.000000000 0.000000000 0.000000000 1.000000000
577.974436522 -10.187113943 197.298147667 0.000000000 0.000000000 0.000000000 0.000000000 1.000000000
578.174215078 -10.846101083 196.829713698 0.000000000 0.000000000 0.000000000 0.000000000 1.000000000
578.374596357 -11.495696639 196.347578689 0.000000000 0.000000000 0.000000000 0.000000000 1.000000000
578.574295282 -12.130299623 195.846124440 0.000000000 0.000000000 0.000000000 0.000000000 1.000000000
578.775051355 -12.753454257 195.319476492 0.000000000 0.000000000 0.000000000 0.000000000 1.000000000
578.974982500 -13.358309067 194.778800665 0.000000000 0.000000000 0.000000000 0.000000000 1.000000000
579.174334764 -13.947138900 194.225969743 0.000000000 0.000000000 0.000000000 0.000000000 1.000000000
579.374881744 -14.513771777 193.648367997 0.000000000 0.000000000 0.000000000 0.000000000 1.000000000
579.574468851 -15.054266215 193.053548672 0.000000000 0.000000000 0.000000000 0.000000000 1.000000000
579.774379730 -15.575464630 192.435578125 0.000000000 0.000000000 0.000000000 0.000000000 1.000000000
579.974824429 -16.078340458 191.798346802 0.000000000 0.000000000 0.000000000 0.000000000 1.000000000
580.174938917 -16.559494880 191.142605341 0.000000000 0.000000000 0.000000000 0.000000000 1.000000000
580.373938322 -17.017105949 190.471109812 0.000000000 0.000000000 0.000000000 0.000000000 1.000000000
580.574746370 -17.447993905 189.781242033 0.000000000 0.000000000 0.000000000 0.000000000 1.000000000
580.773849487 -17.855381343 189.076274935 0.000000000 0.000000000 0.000000000 0.000000000 1.000000000
580.974029303 -18.228265365 188.355343771 0.000000000 0.000000000 0.000000000 0.000000000 1.000000000
581.173847437 -18.576996817 187.618426131 0.000000000 0.000000000 0.000000000 0.000000000 1.000000000
581.374731302 -18.889928115 186.869672879 0.000000000 0.000000000 0.000000000 0.000000000 1.000000000
581.573987961 -19.181170893 186.108595246 0.000000000 0.000000000 0.000000000 0.000000000 1.000000000
581.774712086 -19.439924498 185.332471395 0.000000000 0.000000000 0.000000000 0.000000000 1.000000000
581.974764585 -19.670689373 184.554363253 0.000000000 0.000000000 0.000000000 0.000000000 1.000000000
582.174952984 -19.868938742 183.766063435 0.000000000 0.000000000 0.000000000 0.000000000 1.000000000
582.375002146 -20.046115384 182.969432485 0.000000000 0.000000000 0.000000000 0.000000000 1.000000000
582.574888468 -20.191838940 182.168490331 0.000000000 0.000000000 0.000000000 0.000000000 1.000000000
582.773980141 -20.310591797 181.370541957 0.000000000 0.000000000 0.000000000 0.000000000 1.000000000
582.973914146 -20.401889816 180.558316083 0.000000000 0.000000000 0.000000000 0.000000000 1.000000000
583.174287319 -20.466535116 179.744291404 0.000000000 0.000000000 0.000000000 0.000000000 1.000000000
583.374498844 -20.501252596 178.926307824 0.000000000 0.000000000 0.000000000 0.000000000 1.000000000
583.574616671 -20.505064486 178.104862150 0.000000000 0.000000000 0.000000000 0.000000000 1.000000000
583.774489403 -20.483115586 177.279720092 0.000000000 0.000000000 0.000000000 0.000000000 1.000000000
583.974756479 -20.430033669 176.462016576 0.000000000 0.000000000 0.000000000 0.000000000 1.000000000
584.174018383 -20.345807609 175.645688972 0.000000000 0.000000000 0.000000000 0.000000000 1.000000000
584.374748230 -20.229587623 174.846954774 0.000000000 0.000000000 0.000000000 0.000000000 1.000000000
584.574753284 -20.082419475 174.058221583 0.000000000 0.000000000 0.000000000 0.000000000 1.000000000
584.773801088 -19.913343973 173.281652026 0.000000000 0.000000000 0.000000000 0.000000000 1.000000000
584.973878145 -19.710522325 172.507723544 0.000000000 0.000000000 0.000000000 0.000000000 1.000000000
585.174853325 -19.482458303 171.731839050 0.000000000 0.000000000 0.000000000 0.000000000 1.000000000
585.374712706 -19.225430176 170.963900073 0.000000000 0.000000000 0.000000000 0.000000000 1.000000000
585.574748993 -18.937572929 170.207341561 0.000000000 0.000000000 0.000000000 0.000000000 1.000000000
585.773891926 -18.621918449 169.456209101 0.000000000 0.000000000 0.000000000 0.000000000 1.000000000
585.974101543 -18.282407431 168.709732522 0.000000000 0.000000000 0.000000000 0.000000000 1.000000000
586.174004793 -17.920766778 167.968893258 0.000000000 0.000000000 0.000000000 0.000000000 1.000000000
586.374006748 -17.540471761 167.237737186 0.000000000 0.000000000 0.000000000 0.000000000 1.000000000
586.574082851 -17.141083484 166.518089737 0.000000000 0.000000000 0.000000000 0.000000000 1.000000000
586.774284363 -16.724599372 165.813118799 0.000000000 0.000000000 0.000000000 0.000000000 1.000000000
586.974786043 -16.290012751 165.117086445 0.000000000 0.000000000 0.000000000 0.000000000 1.000000000
587.174690723 -15.843194889 164.444942253 0.000000000 0.000000000 0.000000000 0.000000000 1.000000000
587.374100447 -15.383436056 163.770782022 0.000000000 0.000000000 0.000000000 0.000000000 1.000000000
587.573837996 -14.912934195 163.113553157 0.000000000 0.000000000 0.000000000 0.000000000 1.000000000
587.774411201 -14.432528930 162.465298530 0.000000000 0.000000000 0.000000000 0.000000000 1.000000000
587.974079132 -13.943565902 161.820894415 0.000000000 0.000000000 0.000000000 0.000000000 1.000000000
588.174708366 -13.451103543 161.180474761 0.000000000 0.000000000 0.000000000 0.000000000 1.000000000
588.374909163 -12.947068158 160.552003759 0.000000000 0.000000000 0.000000000 0.000000000 1.000000000
588.574016809 -12.434519455 159.920660284 0.000000000 0.000000000 0.000000000 0.000000000 1.000000000
588.774780273 -11.916295019 159.295751311 0.000000000 0.000000000 0.000000000 0.000000000 1.000000000
588.974356890 -11.389351133 158.676795854 0.000000000 0.000000000 0.000000000 0.000000000 1.000000000
589.174322128 -10.866355488 158.064193432 0.000000000 0.000000000 0.000000000 0.000000000 1.000000000
589.374237299 -10.336501999 157.460087002 0.000000000 0.000000000 0.000000000 0.000000000 1.000000000
589.574023008 -9.809862975 156.853695466 0.000000000 0.000000000 0.000000000 0.000000000 1.000000000
589.773645401 -9.277789908 156.252760367 0.000000000 0.000000000 0.000000000 0.000000000 1.000000000
589.973199368 -8.747724959 155.648921137 0.000000000 0.000000000 0.000000000 0.000000000 1.000000000
590.173167944 -8.211469191 155.058502302 0.000000000 0.000000000 0.000000000 0.000000000 1.000000000
590.374266863 -7.672442946 154.460479731 0.000000000 0.000000000 0.000000000 0.000000000 1.000000000
590.574163914 -7.137474529 153.863332332 0.000000000 0.000000000 0.000000000 0.000000000 1.000000000
590.773663759 -6.602716224 153.263756233 0.000000000 0.000000000 0.000000000 0.000000000 1.000000000
590.973068476 -6.069757969 152.666118835 0.000000000 0.000000000 0.000000000 0.000000000 1.000000000
591.173038006 -5.535781908 152.074310225 0.000000000 0.000000000 0.000000000 0.000000000 1.000000000
591.373362780 -5.004718350 151.481439199 0.000000000 0.000000000 0.000000000 0.000000000 1.000000000
591.572995186 -4.473655432 150.889854345 0.000000000 0.000000000 0.000000000 0.000000000 1.000000000
591.773495436 -3.943223598 150.296487207 0.000000000 0.000000000 0.000000000 0.000000000 1.000000000
591.973466158 -3.409203129 149.702530747 0.000000000 0.000000000 0.000000000 0.000000000 1.000000000
592.173133135 -2.873577111 149.109173274 0.000000000 0.000000000 0.000000000 0.000000000 1.000000000
592.373706102 -2.341367937 148.524317828 0.000000000 0.000000000 0.000000000 0.000000000 1.000000000
592.573400736 -1.803939370 147.940714189 0.000000000 0.000000000 0.000000000 0.000000000 1.000000000
592.773808002 -1.260699235 147.356019302 0.000000000 0.000000000 0.000000000 0.000000000 1.000000000
592.973616123 -0.713621083 146.777041483 0.000000000 0.000000000 0.000000000 0.000000000 1.000000000
593.173041582 -0.152808145 146.201449119 0.000000000 0.000000000 0.000000000 0.000000000 1.000000000
593.373642683 0.413258401 145.631988072 0.000000000 0.000000000 0.000000000 0.000000000 1.000000000
593.573459148 0.993720731 145.060530595 0.000000000 0.000000000 0.000000000 0.000000000 1.000000000
593.773694515 1.580225640 144.499558561 0.000000000 0.000000000 0.000000000 0.000000000 1.000000000
593.973422050 2.172411880 143.955760301 0.000000000 0.000000000 0.000000000 0.000000000 1.000000000
594.173673630 2.767057911 143.426510853 0.000000000 0.000000000 0.000000000 0.000000000 1.000000000
594.372850895 3.373452110 142.901557215 0.000000000 0.000000000 0.000000000 0.000000000 1.000000000
594.572816133 3.988188178 142.385602473 0.000000000 0.000000000 0.000000000 0.000000000 1.000000000
594.773206711 4.614819232 141.868078461 0.000000000 0.000000000 0.000000000 0.000000000 1.000000000
594.973288059 5.255159907 141.374591418 0.000000000 0.000000000 0.000000000 0.000000000 1.000000000
595.173233747 5.898777366 140.884805870 0.000000000 0.000000000 0.000000000 0.000000000 1.000000000
595.372927904 6.550914226 140.406409337 0.000000000 0.000000000 0.000000000 0.000000000 1.000000000
595.573860168 7.215061722 139.933556070 0.000000000 0.000000000 0.000000000 0.000000000 1.000000000
595.773938179 7.889633123 139.478594720 0.000000000 0.000000000 0.000000000 0.000000000 1.000000000
595.973010302 8.574994366 139.033813897 0.000000000 0.000000000 0.000000000 0.000000000 1.000000000
596.172889948 9.268118951 138.598935268 0.000000000 0.000000000 0.000000000 0.000000000 1.000000000
596.373195648 9.967870612 138.170746257 0.000000000 0.000000000 0.000000000 0.000000000 1.000000000
596.573150873 10.675255367 137.764315292 0.000000000 0.000000000 0.000000000 0.000000000 1.000000000
596.773190022 11.398656340 137.375399378 0.000000000 0.000000000 0.000000000 0.000000000 1.000000000
596.973071337 12.125249262 137.010990771 0.000000000 0.000000000 0.000000000 0.000000000 1.000000000
597.173086405 12.855292269 136.648210596 0.000000000 0.000000000 0.000000000 0.000000000 1.000000000
597.373110056 13.595192667 136.301325807 0.000000000 0.000000000 0.000000000 0.000000000 1.000000000
597.573316336 14.334565305 135.953856172 0.000000000 0.000000000 0.000000000 0.000000000 1.000000000
597.772930622 15.074767835 135.621701427 0.000000000 0.000000000 0.000000000 0.000000000 1.000000000
597.972958326 15.820784689 135.294783180 0.000000000 0.000000000 0.000000000 0.000000000 1.000000000
598.172853947 16.576221194 134.986336181 0.000000000 0.000000000 0.000000000 0.000000000 1.000000000
598.373068094 17.333454922 134.691746240 0.000000000 0.000000000 0.000000000 0.000000000 1.000000000
598.573092461 18.094880683 134.412216778 0.000000000 0.000000000 0.000000000 0.000000000 1.000000000
598.773383617 18.864209298 134.144444929 0.000000000 0.000000000 0.000000000 0.000000000 1.000000000
598.972968340 19.636501814 133.889047400 0.000000000 0.000000000 0.000000000 0.000000000 1.000000000
599.173547268 20.414496293 133.651022987 0.000000000 0.000000000 0.000000000 0.000000000 1.000000000
599.372752190 21.191044869 133.433771572 0.000000000 0.000000000 0.000000000 0.000000000 1.000000000
599.573374510 21.966671408 133.220823322 0.000000000 0.000000000 0.000000000 0.000000000 1.000000000
599.772729635 22.757735987 133.025219510 0.000000000 0.000000000 0.000000000 0.000000000 1.000000000
599.973068953 23.542086879 132.840672936 0.000000000 0.000000000 0.000000000 0.000000000 1.000000000
600.173456192 24.328413277 132.671016167 0.000000000 0.000000000 0.000000000 0.000000000 1.000000000
600.372948408 25.115977535 132.514776727 0.000000000 0.000000000 0.000000000 0.000000000 1.000000000
600.573055029 25.901290132 132.367043811 0.000000000 0.000000000 0.000000000 0.000000000 1.000000000
600.773319006 26.687778850 132.236081514 0.000000000 0.000000000 0.000000000 0.000000000 1.000000000
600.973330021 27.480613519 132.112248190 0.000000000 0.000000000 0.000000000 0.000000000 1.000000000
601.173457623 28.268963855 132.000651102 0.000000000 0.000000000 0.000000000 0.000000000 1.000000000
601.373656511 29.065824330 131.903180163 0.000000000 0.000000000 0.000000000 0.000000000 1.000000000
601.572884321 29.861243903 131.808933409 0.000000000 0.000000000 0.000000000 0.000000000 1.000000000
601.772979259 30.660354205 131.731388883 0.000000000 0.000000000 0.000000000 0.000000000 1.000000000
601.973078489 31.461952683 131.670866556 0.000000000 0.000000000 0.000000000 0.000000000 1.000000000
602.172696352 32.265666614 131.619223703 0.000000000 0.000000000 0.000000000 0.000000000 1.000000000
602.373476744 33.070731984 131.581833023 0.000000000 0.000000000 0.000000000 0.000000000 1.000000000
602.573849201 33.873472288 131.562511090 0.000000000 0.000000000 0.000000000 0.000000000 1.000000000
602.772703648 34.677612470 131.552356455 0.000000000 0.000000000 0.000000000 0.000000000 1.000000000
602.973316908 35.484492504 131.554961808 0.000000000 0.000000000 0.000000000 0.000000000 1.000000000
603.172725916 36.284126137 131.562152650 0.000000000 0.000000000 0.000000000 0.000000000 1.000000000
603.373216391 37.089781318 131.578199172 0.000000000 0.000000000 0.000000000 0.000000000 1.000000000
603.573662519 37.897443381 131.609074804 0.000000000 0.000000000 0.000000000 0.000000000 1.000000000
603.773688555 38.703463033 131.644216173 0.000000000 0.000000000 0.000000000 0.000000000 1.000000000
603.972917318 39.509939386 131.703426203 0.000000000 0.000000000 0.000000000 0.000000000 1.000000000
604.173505306 40.309440067 131.774223348 0.000000000 0.000000000 0.000000000 0.000000000 1.000000000
604.373559952 41.104200282 131.858728363 0.000000000 0.000000000 0.000000000 0.000000000 1.000000000
604.573681116 41.892754659 131.953308243 0.000000000 0.000000000 0.000000000 0.000000000 1.000000000
604.773280621 42.679620361 132.067349331 0.000000000 0.000000000 0.000000000 0.000000000 1.000000000
604.972672939 43.462813279 132.196236343 0.000000000 0.000000000 0.000000000 0.000000000 1.000000000
605.173431396 44.240767770 132.340916688 0.000000000 0.000000000 0.000000000 0.000000000 1.000000000
605.373430014 45.018659286 132.509545795 0.000000000 0.000000000 0.000000000 0.000000000 1.000000000
605.573719740 45.794981277 132.695736676 0.000000000 0.000000000 0.000000000 0.000000000 1.000000000
605.773274183 46.566520256 132.898572388 0.000000000 0.000000000 0.000000000 0.000000000 1.000000000
605.972663164 47.335504536 133.115570224 0.000000000 0.000000000 0.000000000 0.000000000 1.000000000
606.173455954 48.101473959 133.342562662 0.000000000 0.000000000 0.000000000 0.000000000 1.000000000
606.372954845 48.860173979 133.580641301 0.000000000 0.000000000 0.000000000 0.000000000 1.000000000
606.573474884 49.617550870 133.833292997 0.000000000 0.000000000 0.000000000 0.000000000 1.000000000
606.772811174 50.368364290 134.090133658 0.000000000 0.000000000 0.000000000 0.000000000 1.000000000
606.973673344 51.127867963 134.362067705 0.000000000 0.000000000 0.000000000 0.000000000 1.000000000
607.173723698 51.885725282 134.635503780 0.000000000 0.000000000 0.000000000 0.000000000 1.000000000
607.372662067 52.641660892 134.922221229 0.000000000 0.000000000 0.000000000 0.000000000 1.000000000
607.573639154 53.399184415 135.214159335 0.000000000 0.000000000 0.000000000 0.000000000 1.000000000
607.773575544 54.150961518 135.513364754 0.000000000 0.000000000 0.000000000 0.000000000 1.000000000
607.972671747 54.890183050 135.825471675 0.000000000 0.000000000 0.000000000 0.000000000 1.000000000
608.173588514 55.631909004 136.145823748 0.000000000 0.000000000 0.000000000 0.000000000 1.000000000
608.373511553 56.374287246 136.464297671 0.000000000 0.000000000 0.000000000 0.000000000 1.000000000
608.572653294 57.118337493 136.771461788 0.000000000 0.000000000 0.000000000 0.000000000 1.000000000
608.773218632 57.859339621 137.072613508 0.000000000 0.000000000 0.000000000 0.000000000 1.000000000
608.972681999 58.600090893 137.374766366 0.000000000 0.000000000 0.000000000 0.000000000 1.000000000
609.172672749 59.334028638 137.680368937 0.000000000 0.000000000 0.000000000 0.000000000 1.000000000
609.373145342 60.067423344 137.996223141 0.000000000 0.000000000 0.000000000 0.000000000 1.000000000
609.573504925 60.804528381 138.312462503 0.000000000 0.000000000 0.000000000 0.000000000 1.000000000
609.772906542 61.544045481 138.632774161 0.000000000 0.000000000 0.000000000 0.000000000 1.000000000
609.973413706 62.283108392 138.945127809 0.000000000 0.000000000 0.000000000 0.000000000 1.000000000
610.173362494 63.019428211 139.256710533 0.000000000 0.000000000 0.000000000 0.000000000 1.000000000
610.373003960 63.756501588 139.568456563 0.000000000 0.000000000 0.000000000 0.000000000 1.000000000
610.573279619 64.493700168 139.880770137 0.000000000 0.000000000 0.000000000 0.000000000 1.000000000
610.773194551 65.226764497 140.193611745 0.000000000 0.000000000 0.000000000 0.000000000 1.000000000
610.972833157 65.952795970 140.502461643 0.000000000 0.000000000 0.000000000 0.000000000 1.000000000
611.173324347 66.673389273 140.810640522 0.000000000 0.000000000 0.000000000 0.000000000 1.000000000
611.373540878 67.398001185 141.117158739 0.000000000 0.000000000 0.000000000 0.000000000 1.000000000
611.572938919 68.126738058 141.432066095 0.000000000 0.000000000 0.000000000 0.000000000 1.000000000
611.772793531 68.855072669 141.748214325 0.000000000 0.000000000 0.000000000 0.000000000 1.000000000
611.973449945 69.593430094 142.062434451 0.000000000 0.000000000 0.000000000 0.000000000 1.000000000
612.173383236 70.330340296 142.374088387 0.000000000 0.000000000 0.000000000 0.000000000 1.000000000
612.373534918 71.063379590 142.686393816 0.000000000 0.000000000 0.000000000 0.000000000 1.000000000
612.573670864 71.798397673 142.997405408 0.000000000 0.000000000 0.000000000 0.000000000 1.000000000
612.773540735 72.534153155 143.296260819 0.000000000 0.000000000 0.000000000 0.000000000 1.000000000
612.972900391 73.274435580 143.596432162 0.000000000 0.000000000 0.000000000 0.000000000 1.000000000
613.173582554 74.013547086 143.898930599 0.000000000 0.000000000 0.000000000 0.000000000 1.000000000
613.372954845 74.749907229 144.200834658 0.000000000 0.000000000 0.000000000 0.000000000 1.000000000
613.572737217 75.488867576 144.509903741 0.000000000 0.000000000 0.000000000 0.000000000 1.000000000
613.773287535 76.231737218 144.820307166 0.000000000 0.000000000 0.000000000 0.000000000 1.000000000
613.973084927 76.977087656 145.131854848 0.000000000 0.000000000 0.000000000 0.000000000 1.000000000
614.172809839 77.725544373 145.442406765 0.000000000 0.000000000 0.000000000 0.000000000 1.000000000
614.373419285 78.474645486 145.750402798 0.000000000 0.000000000 0.000000000 0.000000000 1.000000000
614.573506117 79.222070291 146.055708080 0.000000000 0.000000000 0.000000000 0.000000000 1.000000000
614.773704052 79.968340490 146.366673374 0.000000000 0.000000000 0.000000000 0.000000000 1.000000000
614.972864389 80.717086071 146.680337119 0.000000000 0.000000000 0.000000000 0.000000000 1.000000000
615.173374414 81.465911477 146.991874737 0.000000000 0.000000000 0.000000000 0.000000000 1.000000000
615.373589277 82.210302198 147.302555121 0.000000000 0.000000000 0.000000000 0.000000000 1.000000000
615.573270798 82.959285616 147.620764022 0.000000000 0.000000000 0.000000000 0.000000000 1.000000000
615.773242950 83.703105548 147.932318966 0.000000000 0.000000000 0.000000000 0.000000000 1.000000000
615.973580122 84.448741010 148.244143669 0.000000000 0.000000000 0.000000000 0.000000000 1.000000000
616.172727585 85.190601032 148.558956090 0.000000000 0.000000000 0.000000000 0.000000000 1.000000000
616.373040438 85.932165821 148.874165783 0.000000000 0.000000000 0.000000000 0.000000000 1.000000000
616.572747946 86.677007693 149.187033190 0.000000000 0.000000000 0.000000000 0.000000000 1.000000000
616.773384094 87.427478119 149.492759775 0.000000000 0.000000000 0.000000000 0.000000000 1.000000000
616.973264456 88.168364358 149.803207379 0.000000000 0.000000000 0.000000000 0.000000000 1.000000000
617.173151255 88.913234234 150.113500427 0.000000000 0.000000000 0.000000000 0.000000000 1.000000000
617.373233318 89.653234943 150.418074589 0.000000000 0.000000000 0.000000000 0.000000000 1.000000000
617.572730780 90.398965858 150.731171826 0.000000000 0.000000000 0.000000000 0.000000000 1.000000000
617.772161961 91.139027135 151.045200978 0.000000000 0.000000000 0.000000000 0.000000000 1.000000000
617.971740007 91.880320139 151.355304255 0.000000000 0.000000000 0.000000000 0.000000000 1.000000000
618.172551155 92.622866271 151.663829113 0.000000000 0.000000000 0.000000000 0.000000000 1.000000000
618.371917725 93.366720369 151.976582084 0.000000000 0.000000000 0.000000000 0.000000000 1.000000000
618.572095156 94.109574957 152.285550375 0.000000000 0.000000000 0.000000000 0.000000000 1.000000000
618.772712469 94.854995027 152.600379274 0.000000000 0.000000000 0.000000000 0.000000000 1.000000000
618.972736359 95.599289004 152.910463525 0.000000000 0.000000000 0.000000000 0.000000000 1.000000000
619.172567606 96.341619054 153.220855840 0.000000000 0.000000000 0.000000000 0.000000000 1.000000000
619.372745037 97.081033918 153.527404583 0.000000000 0.000000000 0.000000000 0.000000000 1.000000000
619.572460413 97.815112856 153.835875064 0.000000000 0.000000000 0.000000000 0.000000000 1.000000000
619.772317886 98.547746704 154.142867250 0.000000000 0.000000000 0.000000000 0.000000000 1.000000000
619.972376347 99.286569482 154.457302692 0.000000000 0.000000000 0.000000000 0.000000000 1.000000000
620.172323704 100.022832515 154.762447342 0.000000000 0.000000000 0.000000000 0.000000000 1.000000000
620.371760130 100.760073743 155.064567490 0.000000000 0.000000000 0.000000000 0.000000000 1.000000000
620.572080135 101.500411851 155.368972235 0.000000000 0.000000000 0.000000000 0.000000000 1.000000000
620.772497654 102.242144903 155.670499556 0.000000000 0.000000000 0.000000000 0.000000000 1.000000000
620.971686840 102.983468008 155.969904806 0.000000000 0.000000000 0.000000000 0.000000000 1.000000000
621.172634840 103.723300279 156.263442358 0.000000000 0.000000000 0.000000000 0.000000000 1.000000000
621.372250557 104.465046711 156.559404942 0.000000000 0.000000000 0.000000000 0.000000000 1.000000000
621.572184324 105.205530743 156.860250879 0.000000000 0.000000000 0.000000000 0.000000000 1.000000000
621.772038937 105.949557154 157.153927386 0.000000000 0.000000000 0.000000000 0.000000000 1.000000000
621.971918821 106.691433448 157.452970880 0.000000000 0.000000000 0.000000000 0.000000000 1.000000000
622.172067165 107.426407027 157.757208140 0.000000000 0.000000000 0.000000000 0.000000000 1.000000000
622.372295618 108.163648614 158.062969260 0.000000000 0.000000000 0.000000000 0.000000000 1.000000000
622.572160006 108.897101521 158.367894169 0.000000000 0.000000000 0.000000000 0.000000000 1.000000000
622.772614956 109.631031369 158.668687554 0.000000000 0.000000000 0.000000000 0.000000000 1.000000000
622.972122908 110.367942067 158.970324582 0.000000000 0.000000000 0.000000000 0.000000000 1.000000000
623.172469139 111.100528963 159.274404406 0.000000000 0.000000000 0.000000000 0.000000000 1.000000000
623.372354746 111.836835537 159.578729659 0.000000000 0.000000000 0.000000000 0.000000000 1.000000000
623.572443247 112.576697501 159.883059304 0.000000000 0.000000000 0.000000000 0.000000000 1.000000000
623.771826029 113.318154301 160.190050377 0.000000000 0.000000000 0.000000000 0.000000000 1.000000000
623.971652746 114.061676699 160.501855903 0.000000000 0.000000000 0.000000000 0.000000000 1.000000000
624.172215939 114.802302468 160.811720581 0.000000000 0.000000000 0.000000000 0.000000000 1.000000000
624.371864557 115.547825621 161.128531794 0.000000000 0.000000000 0.000000000 0.000000000 1.000000000
624.572141171 116.296509463 161.444257724 0.000000000 0.000000000 0.000000000 0.000000000 1.000000000
624.771607161 117.048646761 161.758091349 0.000000000 0.000000000 0.000000000 0.000000000 1.000000000
624.972474337 117.798019928 162.072004122 0.000000000 0.000000000 0.000000000 0.000000000 1.000000000
625.172139168 118.551380840 162.381426152 0.000000000 0.000000000 0.000000000 0.000000000 1.000000000
625.372411251 119.301823819 162.698990407 0.000000000 0.000000000 0.000000000 0.000000000 1.000000000
625.572259665 120.050992401 163.008762273 0.000000000 0.000000000 0.000000000 0.000000000 1.000000000
625.772490501 120.798506311 163.317607705 0.000000000 0.000000000 0.000000000 0.000000000 1.000000000
625.971475840 121.542919806 163.628796396 0.000000000 0.000000000 0.000000000 0.000000000 1.000000000
626.172282219 122.284908549 163.941647568 0.000000000 0.000000000 0.000000000 0.000000000 1.000000000
626.371558428 123.025955487 164.256990934 0.000000000 0.000000000 0.000000000 0.000000000 1.000000000
626.572049141 123.769142784 164.568975019 0.000000000 0.000000000 0.000000000 0.000000000 1.000000000
626.772423029 124.509886745 164.874766666 0.000000000 0.000000000 0.000000000 0.000000000 1.000000000
626.971641541 125.257977595 165.180801462 0.000000000 0.000000000 0.000000000 0.000000000 1.000000000
627.172164917 125.998956899 165.484069860 0.000000000 0.000000000 0.000000000 0.000000000 1.000000000
627.372137547 126.740875267 165.793905465 0.000000000 0.000000000 0.000000000 0.000000000 1.000000000
627.572645187 127.479137370 166.106721972 0.000000000 0.000000000 0.000000000 0.000000000 1.000000000
627.772353172 128.210194589 166.416879742 0.000000000 0.000000000 0.000000000 0.000000000 1.000000000
627.972209692 128.936770563 166.722402964 0.000000000 0.000000000 0.000000000 0.000000000 1.000000000
628.172121525 129.665074427 167.028086218 0.000000000 0.000000000 0.000000000 0.000000000 1.000000000
628.371608019 130.399081433 167.336578254 0.000000000 0.000000000 0.000000000 0.000000000 1.000000000
628.571932793 131.138557128 167.638119226 0.000000000 0.000000000 0.000000000 0.000000000 1.000000000
628.771991491 131.876892084 167.937758218 0.000000000 0.000000000 0.000000000 0.000000000 1.000000000
628.971737623 132.621166399 168.242098088 0.000000000 0.000000000 0.000000000 0.000000000 1.000000000
629.172275066 133.355370952 168.548336989 0.000000000 0.000000000 0.000000000 0.000000000 1.000000000
629.372252941 134.087233656 168.856142364 0.000000000 0.000000000 0.000000000 0.000000000 1.000000000
629.572105885 134.822164222 169.164268079 0.000000000 0.000000000 0.000000000 0.000000000 1.000000000
629.771764517 135.555427905 169.471503245 0.000000000 0.000000000 0.000000000 0.000000000 1.000000000
629.972259283 136.288505632 169.781696665 0.000000000 0.000000000 0.000000000 0.000000000 1.000000000
630.172523260 137.021563316 170.088780159 0.000000000 0.000000000 0.000000000 0.000000000 1.000000000
630.372087955 137.760823627 170.394498106 0.000000000 0.000000000 0.000000000 0.000000000 1.000000000
630.571953297 138.499640432 170.703428873 0.000000000 0.000000000 0.000000000 0.000000000 1.000000000
630.772176743 139.233332205 171.005724563 0.000000000 0.000000000 0.000000000 0.000000000 1.000000000
630.971745253 139.967030802 171.320288862 0.000000000 0.000000000 0.000000000 0.000000000 1.000000000
631.172396660 140.694820370 171.623780214 0.000000000 0.000000000 0.000000000 0.000000000 1.000000000
631.372316360 141.424844802 171.939489216 0.000000000 0.000000000 0.000000000 0.000000000 1.000000000
631.572296858 142.156996041 172.250382228 0.000000000 0.000000000 0.000000000 0.000000000 1.000000000
631.771934509 142.890882892 172.559554878 0.000000000 0.000000000 0.000000000 0.000000000 1.000000000
631.972161531 143.626514676 172.867177347 0.000000000 0.000000000 0.000000000 0.000000000 1.000000000
632.171813726 144.361228056 173.175281658 0.000000000 0.000000000 0.000000000 0.000000000 1.000000000
632.371989965 145.096204116 173.485645778 0.000000000 0.000000000 0.000000000 0.000000000 1.000000000
632.571470737 145.830157626 173.793142205 0.000000000 0.000000000 0.000000000 0.000000000 1.000000000
632.772505522 146.564367649 174.098806405 0.000000000 0.000000000 0.000000000 0.000000000 1.000000000
632.972501278 147.304093548 174.409918752 0.000000000 0.000000000 0.000000000 0.000000000 1.000000000
633.172396660 148.042925091 174.715679313 0.000000000 0.000000000 0.000000000 0.000000000 1.000000000
633.371816158 148.783100771 175.025476173 0.000000000 0.000000000 0.000000000 0.000000000 1.000000000
633.571669579 149.529845896 175.335758277 0.000000000 0.000000000 0.000000000 0.000000000 1.000000000
633.771396399 150.274100360 175.645190078 0.000000000 0.000000000 0.000000000 0.000000000 1.000000000
633.972562313 151.016936040 175.958063805 0.000000000 0.000000000 0.000000000 0.000000000 1.000000000
634.172453165 151.756189324 176.266948030 0.000000000 0.000000000 0.000000000 0.000000000 1.000000000
634.371495724 152.495005081 176.575242860 0.000000000 0.000000000 0.000000000 0.000000000 1.000000000
634.572176933 153.231236786 176.882441610 0.000000000 0.000000000 0.000000000 0.000000000 1.000000000
634.771882772 153.961571573 177.192980855 0.000000000 0.000000000 0.000000000 0.000000000 1.000000000
634.972007036 154.696748448 177.498076460 0.000000000 0.000000000 0.000000000 0.000000000 1.000000000
635.172328949 155.429567137 177.805271638 0.000000000 0.000000000 0.000000000 0.000000000 1.000000000
635.371463537 156.168695912 178.106734181 0.000000000 0.000000000 0.000000000 0.000000000 1.000000000
635.572439671 156.907179573 178.415711395 0.000000000 0.000000000 0.000000000 0.000000000 1.000000000
635.771436930 157.646009927 178.726962538 0.000000000 0.000000000 0.000000000 0.000000000 1.000000000
635.972094059 158.387516758 179.033807089 0.000000000 0.000000000 0.000000000 0.000000000 1.000000000
636.171793938 159.135397905 179.353302272 0.000000000 0.000000000 0.000000000 0.000000000 1.000000000
636.371480703 159.881808605 179.669059602 0.000000000 0.000000000 0.000000000 0.000000000 1.000000000
636.571492910 160.631317421 179.982300481 0.000000000 0.000000000 0.000000000 0.000000000 1.000000000
636.771713257 161.379594849 180.295818677 0.000000000 0.000000000 0.000000000 0.000000000 1.000000000
636.972166777 162.125279711 180.606233343 0.000000000 0.000000000 0.000000000 0.000000000 1.000000000
637.171937704 162.871330255 180.915047188 0.000000000 0.000000000 0.000000000 0.000000000 1.000000000
637.372244358 163.617085754 181.226437867 0.000000000 0.000000000 0.000000000 0.000000000 1.000000000
637.571945190 164.358458887 181.539641043 0.000000000 0.000000000 0.000000000 0.000000000 1.000000000
637.772394419 165.102041617 181.853814011 0.000000000 0.000000000 0.000000000 0.000000000 1.000000000
637.971505165 165.846407958 182.164883091 0.000000000 0.000000000 0.000000000 0.000000000 1.000000000
638.171512604 166.587689758 182.478763771 0.000000000 0.000000000 0.000000000 0.000000000 1.000000000
638.371780396 167.328245489 182.790528778 0.000000000 0.000000000 0.000000000 0.000000000 1.000000000
638.571955919 168.067124356 183.105657030 0.000000000 0.000000000 0.000000000 0.000000000 1.000000000
638.772001266 168.803945729 183.416212099 0.000000000 0.000000000 0.000000000 0.000000000 1.000000000
638.972010612 169.538573825 183.728064001 0.000000000 0.000000000 0.000000000 0.000000000 1.000000000
639.172527313 170.276602945 184.035985284 0.000000000 0.000000000 0.000000000 0.000000000 1.000000000
639.372499228 171.018143361 184.344678596 0.000000000 0.000000000 0.000000000 0.000000000 1.000000000
639.571395636 171.755153792 184.654502764 0.000000000 0.000000000 0.000000000 0.000000000 1.000000000
639.772221088 172.491524832 184.960541417 0.000000000 0.000000000 0.000000000 0.000000000 1.000000000
639.971537113 173.232089463 185.265794516 0.000000000 0.000000000 0.000000000 0.000000000 1.000000000
640.171670437 173.971451692 185.569359985 0.000000000 0.000000000 0.000000000 0.000000000 1.000000000
640.371539593 174.714295969 185.871799265 0.000000000 0.000000000 0.000000000 0.000000000 1.000000000
640.571723938 175.451441854 186.176356959 0.000000000 0.000000000 0.000000000 0.000000000 1.000000000
640.772363663 176.188167229 186.484305575 0.000000000 0.000000000 0.000000000 0.000000000 1.000000000
640.971921921 176.915974354 186.791940227 0.000000000 0.000000000 0.000000000 0.000000000 1.000000000
641.171865702 177.648435380 187.100002094 0.000000000 0.000000000 0.000000000 0.000000000 1.000000000
641.371922970 178.387939198 187.404961568 0.000000000 0.000000000 0.000000000 0.000000000 1.000000000
641.571631193 179.128927988 187.709547362 0.000000000 0.000000000 0.000000000 0.000000000 1.000000000
641.771398306 179.869365002 188.005902709 0.000000000 0.000000000 0.000000000 0.000000000 1.000000000
641.971740246 180.609716348 188.308509164 0.000000000 0.000000000 0.000000000 0.000000000 1.000000000
642.172417164 181.351997627 188.609688730 0.000000000 0.000000000 0.000000000 0.000000000 1.000000000
642.372077703 182.093740477 188.907615234 0.000000000 0.000000000 0.000000000 0.000000000 1.000000000
642.571654558 182.833170708 189.213946063 0.000000000 0.000000000 0.000000000 0.000000000 1.000000000
642.772259235 183.577418262 189.517801587 0.000000000 0.000000000 0.000000000 0.000000000 1.000000000
642.971751213 184.316591020 189.824039238 0.000000000 0.000000000 0.000000000 0.000000000 1.000000000
643.171510935 185.048627715 190.136347315 0.000000000 0.000000000 0.000000000 0.000000000 1.000000000
643.372313738 185.782215380 190.445940610 0.000000000 0.000000000 0.000000000 0.000000000 1.000000000
643.571704149 186.514117719 190.758635440 0.000000000 0.000000000 0.000000000 0.000000000 1.000000000
643.770778894 187.247516785 191.070998780 0.000000000 0.000000000 0.000000000 0.000000000 1.000000000
643.972117186 187.977031324 191.383110589 0.000000000 0.000000000 0.000000000 0.000000000 1.000000000
644.172287941 188.704262998 191.685967455 0.000000000 0.000000000 0.000000000 0.000000000 1.000000000
644.371642113 189.434233067 191.994460323 0.000000000 0.000000000 0.000000000 0.000000000 1.000000000
644.570717573 190.165821617 192.298256460 0.000000000 0.000000000 0.000000000 0.000000000 1.000000000
644.771039248 190.899059199 192.605142062 0.000000000 0.000000000 0.000000000 0.000000000 1.000000000
644.970849276 191.628716077 192.911131339 0.000000000 0.000000000 0.000000000 0.000000000 1.000000000
645.170852900 192.360871496 193.221814924 0.000000000 0.000000000 0.000000000 0.000000000 1.000000000
645.370909214 193.093649523 193.521626634 0.000000000 0.000000000 0.000000000 0.000000000 1.000000000
645.570498943 193.827452579 193.828731843 0.000000000 0.000000000 0.000000000 0.000000000 1.000000000
645.770862818 194.561632868 194.131385005 0.000000000 0.000000000 0.000000000 0.000000000 1.000000000
645.970781803 195.295115915 194.436960525 0.000000000 0.000000000 0.000000000 0.000000000 1.000000000
646.170528889 196.028434559 194.745354054 0.000000000 0.000000000 0.000000000 0.000000000 1.000000000
646.370610952 196.762125231 195.047946870 0.000000000 0.000000000 0.000000000 0.000000000 1.000000000
646.571036339 197.497345335 195.354302851 0.000000000 0.000000000 0.000000000 0.000000000 1.000000000
646.771499872 198.229666321 195.660168098 0.000000000 0.000000000 0.000000000 0.000000000 1.000000000
646.971072912 198.963152202 195.966984608 0.000000000 0.000000000 0.000000000 0.000000000 1.000000000
647.171626568 199.701431197 196.274805851 0.000000000 0.000000000 0.000000000 0.000000000 1.000000000
647.371094704 200.436922749 196.583305090 0.000000000 0.000000000 0.000000000 0.000000000 1.000000000
647.571290016 201.176368873 196.889619500 0.000000000 0.000000000 0.000000000 0.000000000 1.000000000
647.771278858 201.914778984 197.199097820 0.000000000 0.000000000 0.000000000 0.000000000 1.000000000
647.970870733 202.657422699 197.507171627 0.000000000 0.000000000 0.000000000 0.000000000 1.000000000
648.171238422 203.396287012 197.813896634 0.000000000 0.000000000 0.000000000 0.000000000 1.000000000
648.370588303 204.137732239 198.119264563 0.000000000 0.000000000 0.000000000 0.000000000 1.000000000
648.571111202 204.881002677 198.431322607 0.000000000 0.000000000 0.000000000 0.000000000 1.000000000
648.770521641 205.622044073 198.744555802 0.000000000 0.000000000 0.000000000 0.000000000 1.000000000
648.970558882 206.362396614 199.057448253 0.000000000 0.000000000 0.000000000 0.000000000 1.000000000
649.171230078 207.101471021 199.368137841 0.000000000 0.000000000 0.000000000 0.000000000 1.000000000
649.371103287 207.836272239 199.674832967 0.000000000 0.000000000 0.000000000 0.000000000 1.000000000
649.571203709 208.567749283 199.981793607 0.000000000 0.000000000 0.000000000 0.000000000 1.000000000
649.771229267 209.298862447 200.292069716 0.000000000 0.000000000 0.000000000 0.000000000 1.000000000
649.971548796 210.031446262 200.598418890 0.000000000 0.000000000 0.000000000 0.000000000 1.000000000
650.171450853 210.762970123 200.906690542 0.000000000 0.000000000 0.000000000 0.000000000 1.000000000
650.371300459 211.493151636 201.215662439 0.000000000 0.000000000 0.000000000 0.000000000 1.000000000
650.570748329 212.221375372 201.526404027 0.000000000 0.000000000 0.000000000 0.000000000 1.000000000
650.771303654 212.956732700 201.835184040 0.000000000 0.000000000 0.000000000 0.000000000 1.000000000
650.971071959 213.687344231 202.137384219 0.000000000 0.000000000 0.000000000 0.000000000 1.000000000
651.170606852 214.426030178 202.447919138 0.000000000 0.000000000 0.000000000 0.000000000 1.000000000
651.370540142 215.163332111 202.752229473 0.000000000 0.000000000 0.000000000 0.000000000 1.000000000
651.570794821 215.900377494 203.052723105 0.000000000 0.000000000 0.000000000 0.000000000 1.000000000
651.771461725 216.644488261 203.358349401 0.000000000 0.000000000 0.000000000 0.000000000 1.000000000
651.971320868 217.388424349 203.664205285 0.000000000 0.000000000 0.000000000 0.000000000 1.000000000
652.170952559 218.132503363 203.971735513 0.000000000 0.000000000 0.000000000 0.000000000 1.000000000
652.371064901 218.878237418 204.277344377 0.000000000 0.000000000 0.000000000 0.000000000 1.000000000
652.571113110 219.626335818 204.583769788 0.000000000 0.000000000 0.000000000 0.000000000 1.000000000
652.771251678 220.372683918 204.894511241 0.000000000 0.000000000 0.000000000 0.000000000 1.000000000
652.970693350 221.121414900 205.205519512 0.000000000 0.000000000 0.000000000 0.000000000 1.000000000
653.170635939 221.869873580 205.516014677 0.000000000 0.000000000 0.000000000 0.000000000 1.000000000
653.370984077 222.617631636 205.826763459 0.000000000 0.000000000 0.000000000 0.000000000 1.000000000
653.570998669 223.369639730 206.140719624 0.000000000 0.000000000 0.000000000 0.000000000 1.000000000
653.771326780 224.119477238 206.460434960 0.000000000 0.000000000 0.000000000 0.000000000 1.000000000
653.971290827 224.868046636 206.778521349 0.000000000 0.000000000 0.000000000 0.000000000 1.000000000
654.170853615 225.608145452 207.091338946 0.000000000 0.000000000 0.000000000 0.000000000 1.000000000
654.370515347 226.343999060 207.404677941 0.000000000 0.000000000 0.000000000 0.000000000 1.000000000
654.570367336 227.082165636 207.721305087 0.000000000 0.000000000 0.000000000 0.000000000 1.000000000
654.770596504 227.815816849 208.028860127 0.000000000 0.000000000 0.000000000 0.000000000 1.000000000
654.971271753 228.549979826 208.341866559 0.000000000 0.000000000 0.000000000 0.000000000 1.000000000
655.171133757 229.285418272 208.649103176 0.000000000 0.000000000 0.000000000 0.000000000 1.000000000
655.370428801 230.019811098 208.959598052 0.000000000 0.000000000 0.000000000 0.000000000 1.000000000
655.570818663 230.751430300 209.271204729 0.000000000 0.000000000 0.000000000 0.000000000 1.000000000
655.770397663 231.485390184 209.578622662 0.000000000 0.000000000 0.000000000 0.000000000 1.000000000
655.970847607 232.217998490 209.887241696 0.000000000 0.000000000 0.000000000 0.000000000 1.000000000
656.170795679 232.951559474 210.192037617 0.000000000 0.000000000 0.000000000 0.000000000 1.000000000
656.370941877 233.684756422 210.498552046 0.000000000 0.000000000 0.000000000 0.000000000 1.000000000
656.570644379 234.421962324 210.803905652 0.000000000 0.000000000 0.000000000 0.000000000 1.000000000
656.770602465 235.158284272 211.110954872 0.000000000 0.000000000 0.000000000 0.000000000 1.000000000
656.970718384 235.895784304 211.422112801 0.000000000 0.000000000 0.000000000 0.000000000 1.000000000
657.171195745 236.633133050 211.725153010 0.000000000 0.000000000 0.000000000 0.000000000 1.000000000
657.371175528 237.374443390 212.035453056 0.000000000 0.000000000 0.000000000 0.000000000 1.000000000
657.570374966 238.115523894 212.341263874 0.000000000 0.000000000 0.000000000 0.000000000 1.000000000
657.770300388 238.854252341 212.651823342 0.000000000 0.000000000 0.000000000 0.000000000 1.000000000
657.970417738 239.598935695 212.962929022 0.000000000 0.000000000 0.000000000 0.000000000 1.000000000
658.170374393 240.341777545 213.268198940 0.000000000 0.000000000 0.000000000 0.000000000 1.000000000
658.371008873 241.084743378 213.579180859 0.000000000 0.000000000 0.000000000 0.000000000 1.000000000
658.571229935 241.831011695 213.891176195 0.000000000 0.000000000 0.000000000 0.000000000 1.000000000
658.770851374 242.579308467 214.200536057 0.000000000 0.000000000 0.000000000 0.000000000 1.000000000
658.970333576 243.323434280 214.507904177 0.000000000 0.000000000 0.000000000 0.000000000 1.000000000
659.170478106 244.068843762 214.823686989 0.000000000 0.000000000 0.000000000 0.000000000 1.000000000
659.370874405 244.807546843 215.133197721 0.000000000 0.000000000 0.000000000 0.000000000 1.000000000
659.570561171 245.545796492 215.446114179 0.000000000 0.000000000 0.000000000 0.000000000 1.000000000
659.770575523 246.283087539 215.754748002 0.000000000 0.000000000 0.000000000 0.000000000 1.000000000
659.970958948 247.019353426 216.066967308 0.000000000 0.000000000 0.000000000 0.000000000 1.000000000
660.170381546 247.755232533 216.374882923 0.000000000 0.000000000 0.000000000 0.000000000 1.000000000
660.370787144 248.492767988 216.689261629 0.000000000 0.000000000 0.000000000 0.000000000 1.000000000
660.570976734 249.228875602 216.996071204 0.000000000 0.000000000 0.000000000 0.000000000 1.000000000
660.771064043 249.966014704 217.303101790 0.000000000 0.000000000 0.000000000 0.000000000 1.000000000
660.970627308 250.700694759 217.619007977 0.000000000 0.000000000 0.000000000 0.000000000 1.000000000
661.170801640 251.436773680 217.928846169 0.000000000 0.000000000 0.000000000 0.000000000 1.000000000
661.370781183 252.176742914 218.238413702 0.000000000 0.000000000 0.000000000 0.000000000 1.000000000
661.571225166 252.913581423 218.547968973 0.000000000 0.000000000 0.000000000 0.000000000 1.000000000
661.771121740 253.648348576 218.855924760 0.000000000 0.000000000 0.000000000 0.000000000 1.000000000
661.970349550 254.390108018 219.163798844 0.000000000 0.000000000 0.000000000 0.000000000 1.000000000
662.171107292 255.125974012 219.468924719 0.000000000 0.000000000 0.000000000 0.000000000 1.000000000
662.370430470 255.863275487 219.775596395 0.000000000 0.000000000 0.000000000 0.000000000 1.000000000
662.570574045 256.601838189 220.081701663 0.000000000 0.000000000 0.000000000 0.000000000 1.000000000
662.770503044 257.340453805 220.390139195 0.000000000 0.000000000 0.000000000 0.000000000 1.000000000
662.970576763 258.079614449 220.696694495 0.000000000 0.000000000 0.000000000 0.000000000 1.000000000
663.171259642 258.816655865 220.997840035 0.000000000 0.000000000 0.000000000 0.000000000 1.000000000
663.370916843 259.559208578 221.304055377 0.000000000 0.000000000 0.000000000 0.000000000 1.000000000
663.570508480 260.298963887 221.615962654 0.000000000 0.000000000 0.000000000 0.000000000 1.000000000
663.771061182 261.041073962 221.923857633 0.000000000 0.000000000 0.000000000 0.000000000 1.000000000
663.970747948 261.782898895 222.235405002 0.000000000 0.000000000 0.000000000 0.000000000 1.000000000
664.170461655 262.521400491 222.540908600 0.000000000 0.000000000 0.000000000 0.000000000 1.000000000
664.371142149 263.258136004 222.851265749 0.000000000 0.000000000 0.000000000 0.000000000 1.000000000
664.570838928 263.992869643 223.157569973 0.000000000 0.000000000 0.000000000 0.000000000 1.000000000
664.770420074 264.726060093 223.467751347 0.000000000 0.000000000 0.000000000 0.000000000 1.000000000
664.970597744 265.463229952 223.778338362 0.000000000 0.000000000 0.000000000 0.000000000 1.000000000
665.170893192 266.196410077 224.090269267 0.000000000 0.000000000 0.000000000 0.000000000 1.000000000
665.371150017 266.929841499 224.399612199 0.000000000 0.000000000 0.000000000 0.000000000 1.000000000
665.570974350 267.668117543 224.705061764 0.000000000 0.000000000 0.000000000 0.000000000 1.000000000
665.771069765 268.403664326 225.018950337 0.000000000 0.000000000 0.000000000 0.000000000 1.000000000
665.970202923 269.144604319 225.328139985 0.000000000 0.000000000 0.000000000 0.000000000 1.000000000
666.171272516 269.881222230 225.634014673 0.000000000 0.000000000 0.000000000 0.000000000 1.000000000
666.370343924 270.621062919 225.943617791 0.000000000 0.000000000 0.000000000 0.000000000 1.000000000
666.570369959 271.365450891 226.244229899 0.000000000 0.000000000 0.000000000 0.000000000 1.000000000
666.771051645 272.105547209 226.558311564 0.000000000 0.000000000 0.000000000 0.000000000 1.000000000
666.970331669 272.842942703 226.862029581 0.000000000 0.000000000 0.000000000 0.000000000 1.000000000
667.171349287 273.582777816 227.167373498 0.000000000 0.000000000 0.000000000 0.000000000 1.000000000
667.370378733 274.323010647 227.478848322 0.000000000 0.000000000 0.000000000 0.000000000 1.000000000
667.570960522 275.059092134 227.788388764 0.000000000 0.000000000 0.000000000 0.000000000 1.000000000
667.770396948 275.799249737 228.095549552 0.000000000 0.000000000 0.000000000 0.000000000 1.000000000
667.970498085 276.537882446 228.400537630 0.000000000 0.000000000 0.000000000 0.000000000 1.000000000
668.170915365 277.276809659 228.707014021 0.000000000 0.000000000 0.000000000 0.000000000 1.000000000
668.370152950 278.015180637 229.015529278 0.000000000 0.000000000 0.000000000 0.000000000 1.000000000
668.571182728 278.758456796 229.321894838 0.000000000 0.000000000 0.000000000 0.000000000 1.000000000
668.771075964 279.499301255 229.628622313 0.000000000 0.000000000 0.000000000 0.000000000 1.000000000
668.970663548 280.243501372 229.937134031 0.000000000 0.000000000 0.000000000 0.000000000 1.000000000
669.170149326 280.980978442 230.246634502 0.000000000 0.000000000 0.000000000 0.000000000 1.000000000
669.370571136 281.718297403 230.552491921 0.000000000 0.000000000 0.000000000 0.000000000 1.000000000
669.570976496 282.455428613 230.863039865 0.000000000 0.000000000 0.000000000 0.000000000 1.000000000
669.770387650 283.195458535 231.180368625 0.000000000 0.000000000 0.000000000 0.000000000 1.000000000
669.971249580 283.939101346 231.486877556 0.000000000 0.000000000 0.000000000 0.000000000 1.000000000
670.171081781 284.680480294 231.798913639 0.000000000 0.000000000 0.000000000 0.000000000 1.000000000
670.370513678 285.419061405 232.104341100 0.000000000 0.000000000 0.000000000 0.000000000 1.000000000
670.570917606 286.161807924 232.411213878 0.000000000 0.000000000 0.000000000 0.000000000 1.000000000
670.770936012 286.901530618 232.714743896 0.000000000 0.000000000 0.000000000 0.000000000 1.000000000
670.970902443 287.647411685 233.019840614 0.000000000 0.000000000 0.000000000 0.000000000 1.000000000
671.171218157 288.385790406 233.324807088 0.000000000 0.000000000 0.000000000 0.000000000 1.000000000
671.371215582 289.129044135 233.632630314 0.000000000 0.000000000 0.000000000 0.000000000 1.000000000
671.570408821 289.867015799 233.937858755 0.000000000 0.000000000 0.000000000 0.000000000 1.000000000
671.770638943 290.604070547 234.245821846 0.000000000 0.000000000 0.000000000 0.000000000 1.000000000
671.970274448 291.342666356 234.555338946 0.000000000 0.000000000 0.000000000 0.000000000 1.000000000
672.170350790 292.077083583 234.866230682 0.000000000 0.000000000 0.000000000 0.000000000 1.000000000
672.370362759 292.814567398 235.178469685 0.000000000 0.000000000 0.000000000 0.000000000 1.000000000
672.570238829 293.547413488 235.488892781 0.000000000 0.000000000 0.000000000 0.000000000 1.000000000
672.769531727 294.285668071 235.799927220 0.000000000 0.000000000 0.000000000 0.000000000 1.000000000
672.969651937 295.025487667 236.110085319 0.000000000 0.000000000 0.000000000 0.000000000 1.000000000
673.169894934 295.760542958 236.420604655 0.000000000 0.000000000 0.000000000 0.000000000 1.000000000
673.369543552 296.497862534 236.726997316 0.000000000 0.000000000 0.000000000 0.000000000 1.000000000
673.570074320 297.236585056 237.041253852 0.000000000 0.000000000 0.000000000 0.000000000 1.000000000
673.770108223 297.982113118 237.348189775 0.000000000 0.000000000 0.000000000 0.000000000 1.000000000
673.969386816 298.723688321 237.654820431 0.000000000 0.000000000 0.000000000 0.000000000 1.000000000
674.169708490 299.468367807 237.965352735 0.000000000 0.000000000 0.000000000 0.000000000 1.000000000
674.369931221 300.213373300 238.269945403 0.000000000 0.000000000 0.000000000 0.000000000 1.000000000
674.569658041 300.955665494 238.577766498 0.000000000 0.000000000 0.000000000 0.000000000 1.000000000
674.769532919 301.700459994 238.880577677 0.000000000 0.000000000 0.000000000 0.000000000 1.000000000
674.970167637 302.440799319 239.184746028 0.000000000 0.000000000 0.000000000 0.000000000 1.000000000
675.169269323 303.183827315 239.490394627 0.000000000 0.000000000 0.000000000 0.000000000 1.000000000
675.370080709 303.925782980 239.798483444 0.000000000 0.000000000 0.000000000 0.000000000 1.000000000
675.569688797 304.666640357 240.108845950 0.000000000 0.000000000 0.000000000 0.000000000 1.000000000
675.770185232 305.403729984 240.417720310 0.000000000 0.000000000 0.000000000 0.000000000 1.000000000
675.969703674 306.142217332 240.726844922 0.000000000 0.000000000 0.000000000 0.000000000 1.000000000
676.169853687 306.880981968 241.030602038 0.000000000 0.000000000 0.000000000 0.000000000 1.000000000
676.369640350 307.615411199 241.341510678 0.000000000 0.000000000 0.000000000 0.000000000 1.000000000
676.569193840 308.349550365 241.649128470 0.000000000 0.000000000 0.000000000 0.000000000 1.000000000
676.769524813 309.083280754 241.959885742 0.000000000 0.000000000 0.000000000 0.000000000 1.000000000
676.969463587 309.816719934 242.269065986 0.000000000 0.000000000 0.000000000 0.000000000 1.000000000
677.169831991 310.550096590 242.573144121 0.000000000 0.000000000 0.000000000 0.000000000 1.000000000
677.369866371 311.284918325 242.883659043 0.000000000 0.000000000 0.000000000 0.000000000 1.000000000
677.569719553 312.014282953 243.187366420 0.000000000 0.000000000 0.000000000 0.000000000 1.000000000
677.769608498 312.749444876 243.498891645 0.000000000 0.000000000 0.000000000 0.000000000 1.000000000
677.969473600 313.478044586 243.805251248 0.000000000 0.000000000 0.000000000 0.000000000 1.000000000
678.169779301 314.213106674 244.111801662 0.000000000 0.000000000 0.000000000 0.000000000 1.000000000
678.369877338 314.945932331 244.425245441 0.000000000 0.000000000 0.000000000 0.000000000 1.000000000
678.569405079 315.683403676 244.728341829 0.000000000 0.000000000 0.000000000 0.000000000 1.000000000
678.769385576 316.424075842 245.042777987 0.000000000 0.000000000 0.000000000 0.000000000 1.000000000
678.969822884 317.161285740 245.348217250 0.000000000 0.000000000 0.000000000 0.000000000 1.000000000
679.169394970 317.902034191 245.664174491 0.000000000 0.000000000 0.000000000 0.000000000 1.000000000
679.369497538 318.642914564 245.978369847 0.000000000 0.000000000 0.000000000 0.000000000 1.000000000
679.570015669 319.381556857 246.291449004 0.000000000 0.000000000 0.000000000 0.000000000 1.000000000
679.769626856 320.123115303 246.598670908 0.000000000 0.000000000 0.000000000 0.000000000 1.000000000
679.970181942 320.864148267 246.906625133 0.000000000 0.000000000 0.000000000 0.000000000 1.000000000
680.169591427 321.605630946 247.220112491 0.000000000 0.000000000 0.000000000 0.000000000 1.000000000
680.369310379 322.345402250 247.537931913 0.000000000 0.000000000 0.000000000 0.000000000 1.000000000
680.569262028 323.081187145 247.848541818 0.000000000 0.000000000 0.000000000 0.000000000 1.000000000
680.769320726 323.821521955 248.163315368 0.000000000 0.000000000 0.000000000 0.000000000 1.000000000
680.970113993 324.559885871 248.469954227 0.000000000 0.000000000 0.000000000 0.000000000 1.000000000
681.169163942 325.295737872 248.782742556 0.000000000 0.000000000 0.000000000 0.000000000 1.000000000
681.369698524 326.028421069 249.091853613 0.000000000 0.000000000 0.000000000 0.000000000 1.000000000
681.569210529 326.762059151 249.399614271 0.000000000 0.000000000 0.000000000 0.000000000 1.000000000
681.769910097 327.500168950 249.707036569 0.000000000 0.000000000 0.000000000 0.000000000 1.000000000
681.969995975 328.235158976 250.007937558 0.000000000 0.000000000 0.000000000 0.000000000 1.000000000
682.169183731 328.974935515 250.312080282 0.000000000 0.000000000 0.000000000 0.000000000 1.000000000
682.369651318 329.715333070 250.614441559 0.000000000 0.000000000 0.000000000 0.000000000 1.000000000
682.569701672 330.455678340 250.913624888 0.000000000 0.000000000 0.000000000 0.000000000 1.000000000
682.769691706 331.198784966 251.220396124 0.000000000 0.000000000 0.000000000 0.000000000 1.000000000
682.970120907 331.938851976 251.529401168 0.000000000 0.000000000 0.000000000 0.000000000 1.000000000
683.169847250 332.676152496 251.836749947 0.000000000 0.000000000 0.000000000 0.000000000 1.000000000
683.369255304 333.412765186 252.146860353 0.000000000 0.000000000 0.000000000 0.000000000 1.000000000
683.569361687 334.153486433 252.454149330 0.000000000 0.000000000 0.000000000 0.000000000 1.000000000
683.770020008 334.896718570 252.761012042 0.000000000 0.000000000 0.000000000 0.000000000 1.000000000
683.969320536 335.644496168 253.065353559 0.000000000 0.000000000 0.000000000 0.000000000 1.000000000
684.169045925 336.390265043 253.369878964 0.000000000 0.000000000 0.000000000 0.000000000 1.000000000
684.369736433 337.131571797 253.667008205 0.000000000 0.000000000 0.000000000 0.000000000 1.000000000
684.569998026 337.871047426 253.968562421 0.000000000 0.000000000 0.000000000 0.000000000 1.000000000
684.769621611 338.612142948 254.272250124 0.000000000 0.000000000 0.000000000 0.000000000 1.000000000
684.970164061 339.355175573 254.574426758 0.000000000 0.000000000 0.000000000 0.000000000 1.000000000
685.169416428 340.090105238 254.883629780 0.000000000 0.000000000 0.000000000 0.000000000 1.000000000
685.370001078 340.827948437 255.194853223 0.000000000 0.000000000 0.000000000 0.000000000 1.000000000
685.569382906 341.565124663 255.506604897 0.000000000 0.000000000 0.000000000 0.000000000 1.000000000
685.769192457 342.300603693 255.820636279 0.000000000 0.000000000 0.000000000 0.000000000 1.000000000
685.969075680 343.033884674 256.133678677 0.000000000 0.000000000 0.000000000 0.000000000 1.000000000
686.169781208 343.769442916 256.448303206 0.000000000 0.000000000 0.000000000 0.000000000 1.000000000
686.370020866 344.504588238 256.761351767 0.000000000 0.000000000 0.000000000 0.000000000 1.000000000
686.570101738 345.239356470 257.076053564 0.000000000 0.000000000 0.000000000 0.000000000 1.000000000
686.769787550 345.977936309 257.387756383 0.000000000 0.000000000 0.000000000 0.000000000 1.000000000
686.969367504 346.714205528 257.701996970 0.000000000 0.000000000 0.000000000 0.000000000 1.000000000
687.169107914 347.458922176 258.008934706 0.000000000 0.000000000 0.000000000 0.000000000 1.000000000
687.369992495 348.197669943 258.317847501 0.000000000 0.000000000 0.000000000 0.000000000 1.000000000
687.569796324 348.940110990 258.624413054 0.000000000 0.000000000 0.000000000 0.000000000 1.000000000
687.770023346 349.677663478 258.930961613 0.000000000 0.000000000 0.000000000 0.000000000 1.000000000
687.969582558 350.416094376 259.245744141 0.000000000 0.000000000 0.000000000 0.000000000 1.000000000
688.169327974 351.154386293 259.552350423 0.000000000 0.000000000 0.000000000 0.000000000 1.000000000
688.370059729 351.896030372 259.871753047 0.000000000 0.000000000 0.000000000 0.000000000 1.000000000
688.569796801 352.637769262 260.183158126 0.000000000 0.000000000 0.000000000 0.000000000 1.000000000
688.769683838 353.384669300 260.500845632 0.000000000 0.000000000 0.000000000 0.000000000 1.000000000
688.970037937 354.130499144 260.815834833 0.000000000 0.000000000 0.000000000 0.000000000 1.000000000
689.169847965 354.873947524 261.128398945 0.000000000 0.000000000 0.000000000 0.000000000 1.000000000
689.369666100 355.618591650 261.441957235 0.000000000 0.000000000 0.000000000 0.000000000 1.000000000
689.569436789 356.359475491 261.757089982 0.000000000 0.000000000 0.000000000 0.000000000 1.000000000
689.769845247 357.099952637 262.066385576 0.000000000 0.000000000 0.000000000 0.000000000 1.000000000
689.969094276 357.842956368 262.375748044 0.000000000 0.000000000 0.000000000 0.000000000 1.000000000
690.169464111 358.587130166 262.683695625 0.000000000 0.000000000 0.000000000 0.000000000 1.000000000
690.369048834 359.326962595 262.986189823 0.000000000 0.000000000 0.000000000 0.000000000 1.000000000
690.569353104 360.071479518 263.295440938 0.000000000 0.000000000 0.000000000 0.000000000 1.000000000
690.769631147 360.812733479 263.600982541 0.000000000 0.000000000 0.000000000 0.000000000 1.000000000
690.969793320 361.553077227 263.905285736 0.000000000 0.000000000 0.000000000 0.000000000 1.000000000
691.170002937 362.295636248 264.209814143 0.000000000 0.000000000 0.000000000 0.000000000 1.000000000
691.369441986 363.033237399 264.519396155 0.000000000 0.000000000 0.000000000 0.000000000 1.000000000
691.569639683 363.774483433 264.826825646 0.000000000 0.000000000 0.000000000 0.000000000 1.000000000
691.769353628 364.512319440 265.134307997 0.000000000 0.000000000 0.000000000 0.000000000 1.000000000
691.969075680 365.249721582 265.440992644 0.000000000 0.000000000 0.000000000 0.000000000 1.000000000
692.169391632 365.985080996 265.744051335 0.000000000 0.000000000 0.000000000 0.000000000 1.000000000
692.369135380 366.726209642 266.053615370 0.000000000 0.000000000 0.000000000 0.000000000 1.000000000
692.569503307 367.461829551 266.361859140 0.000000000 0.000000000 0.000000000 0.000000000 1.000000000
692.769890547 368.195313861 266.674232408 0.000000000 0.000000000 0.000000000 0.000000000 1.000000000
692.969824791 368.927972028 266.980657578 0.000000000 0.000000000 0.000000000 0.000000000 1.000000000
693.169081211 369.666982272 267.293334478 0.000000000 0.000000000 0.000000000 0.000000000 1.000000000
693.369035244 370.401411092 267.603915035 0.000000000 0.000000000 0.000000000 0.000000000 1.000000000
693.569069147 371.136747037 267.911441678 0.000000000 0.000000000 0.000000000 0.000000000 1.000000000
693.769831657 371.877927904 268.219305810 0.000000000 0.000000000 0.000000000 0.000000000 1.000000000
693.969539404 372.616485205 268.528851094 0.000000000 0.000000000 0.000000000 0.000000000 1.000000000
694.169036150 373.352493100 268.841457307 0.000000000 0.000000000 0.000000000 0.000000000 1.000000000
694.369079351 374.080123125 269.141765731 0.000000000 0.000000000 0.000000000 0.000000000 1.000000000
694.569782734 374.813089749 269.454266190 0.000000000 0.000000000 0.000000000 0.000000000 1.000000000
694.769204378 375.546831512 269.768089884 0.000000000 0.000000000 0.000000000 0.000000000 1.000000000
694.969413280 376.274571411 270.084533502 0.000000000 0.000000000 0.000000000 0.000000000 1.000000000
695.168992758 377.007441174 270.394736277 0.000000000 0.000000000 0.000000000 0.000000000 1.000000000
695.369372368 377.738256939 270.706445796 0.000000000 0.000000000 0.000000000 0.000000000 1.000000000
695.569946289 378.473613545 271.012451675 0.000000000 0.000000000 0.000000000 0.000000000 1.000000000
695.769155979 379.209145855 271.324087270 0.000000000 0.000000000 0.000000000 0.000000000 1.000000000
695.969993830 379.943791298 271.621492405 0.000000000 0.000000000 0.000000000 0.000000000 1.000000000
696.169094324 380.683373491 271.927385035 0.000000000 0.000000000 0.000000000 0.000000000 1.000000000
696.369873285 381.418658835 272.233723714 0.000000000 0.000000000 0.000000000 0.000000000 1.000000000
696.569404364 382.153396879 272.541201546 0.000000000 0.000000000 0.000000000 0.000000000 1.000000000
696.769233704 382.890205625 272.846766032 0.000000000 0.000000000 0.000000000 0.000000000 1.000000000
696.969241381 383.626246912 273.151355348 0.000000000 0.000000000 0.000000000 0.000000000 1.000000000
697.169423342 384.358018884 273.465870688 0.000000000 0.000000000 0.000000000 0.000000000 1.000000000
697.369828463 385.094320506 273.774010579 0.000000000 0.000000000 0.000000000 0.000000000 1.000000000
697.570065022 385.826456470 274.078833677 0.000000000 0.000000000 0.000000000 0.000000000 1.000000000
697.769835234 386.564421776 274.389758638 0.000000000 0.000000000 0.000000000 0.000000000 1.000000000
697.969398022 387.305049564 274.696995803 0.000000000 0.000000000 0.000000000 0.000000000 1.000000000
698.169114828 388.041309599 275.002240506 0.000000000 0.000000000 0.000000000 0.000000000 1.000000000
698.369029522 388.782672729 275.308041225 0.000000000 0.000000000 0.000000000 0.000000000 1.000000000
698.569303989 389.523015179 275.624884324 0.000000000 0.000000000 0.000000000 0.000000000 1.000000000
698.769429207 390.264490799 275.929593136 0.000000000 0.000000000 0.000000000 0.000000000 1.000000000
698.969047546 391.003488029 276.240176077 0.000000000 0.000000000 0.000000000 0.000000000 1.000000000
699.169634104 391.741709525 276.553470151 0.000000000 0.000000000 0.000000000 0.000000000 1.000000000
699.369987965 392.481216842 276.856654394 0.000000000 0.000000000 0.000000000 0.000000000 1.000000000
699.569666624 393.217304560 277.165773850 0.000000000 0.000000000 0.000000000 0.000000000 1.000000000
699.769447565 393.958769860 277.476352330 0.000000000 0.000000000 0.000000000 0.000000000 1.000000000
699.969588518 394.697306970 277.782447441 0.000000000 0.000000000 0.000000000 0.000000000 1.000000000
700.168962002 395.438630711 278.092765663 0.000000000 0.000000000 0.000000000 0.000000000 1.000000000
700.368211746 396.180072282 278.398680517 0.000000000 0.000000000 0.000000000 0.000000000 1.000000000
700.568668842 396.917268627 278.708472042 0.000000000 0.000000000 0.000000000 0.000000000 1.000000000
700.768809080 397.658539101 279.017673428 0.000000000 0.000000000 0.000000000 0.000000000 1.000000000
700.969001293 398.396434289 279.328750258 0.000000000 0.000000000 0.000000000 0.000000000 1.000000000
701.168427944 399.132185040 279.634964657 0.000000000 0.000000000 0.000000000 0.000000000 1.000000000
701.368381977 399.873450405 279.942771588 0.000000000 0.000000000 0.000000000 0.000000000 1.000000000
701.568550348 400.614680997 280.246434960 0.000000000 0.000000000 0.000000000 0.000000000 1.000000000
701.768993616 401.351830857 280.558573524 0.000000000 0.000000000 0.000000000 0.000000000 1.000000000
701.968527555 402.088519703 280.867666516 0.000000000 0.000000000 0.000000000 0.000000000 1.000000000
702.168012142 402.828896010 281.181808392 0.000000000 0.000000000 0.000000000 0.000000000 1.000000000
702.368003607 403.563518284 281.490079541 0.000000000 0.000000000 0.000000000 0.000000000 1.000000000
702.568601370 404.301487074 281.803056153 0.000000000 0.000000000 0.000000000 0.000000000 1.000000000
702.768368721 405.037882799 282.107948965 0.000000000 0.000000000 0.000000000 0.000000000 1.000000000
702.968394756 405.777372848 282.415358000 0.000000000 0.000000000 0.000000000 0.000000000 1.000000000
703.168076515 406.520021753 282.717240463 0.000000000 0.000000000 0.000000000 0.000000000 1.000000000
703.368828773 407.261958271 283.017509132 0.000000000 0.000000000 0.000000000 0.000000000 1.000000000
703.568887949 408.003317955 283.319236598 0.000000000 0.000000000 0.000000000 0.000000000 1.000000000
703.768446445 408.750842211 283.629168465 0.000000000 0.000000000 0.000000000 0.000000000 1.000000000
703.968951941 409.492856844 283.935357580 0.000000000 0.000000000 0.000000000 0.000000000 1.000000000
704.168707132 410.238236301 284.241527979 0.000000000 0.000000000 0.000000000 0.000000000 1.000000000
704.368811131 410.981831693 284.546271799 0.000000000 0.000000000 0.000000000 0.000000000 1.000000000
704.568871975 411.721828877 284.853328528 0.000000000 0.000000000 0.000000000 0.000000000 1.000000000
704.768593550 412.462842900 285.159217581 0.000000000 0.000000000 0.000000000 0.000000000 1.000000000
704.968826771 413.204246070 285.468321972 0.000000000 0.000000000 0.000000000 0.000000000 1.000000000
705.168954849 413.944035232 285.779165903 0.000000000 0.000000000 0.000000000 0.000000000 1.000000000
705.368684053 414.685550927 286.089148370 0.000000000 0.000000000 0.000000000 0.000000000 1.000000000
705.568254948 415.425897184 286.399024477 0.000000000 0.000000000 0.000000000 0.000000000 1.000000000
705.768035650 416.170724812 286.706606984 0.000000000 0.000000000 0.000000000 0.000000000 1.000000000
705.968444824 416.915174485 287.018010057 0.000000000 0.000000000 0.000000000 0.000000000 1.000000000
706.168570280 417.657642232 287.327717344 0.000000000 0.000000000 0.000000000 0.000000000 1.000000000
706.368900537 418.399879183 287.639247083 0.000000000 0.000000000 0.000000000 0.000000000 1.000000000
706.568089247 419.141240629 287.943550487 0.000000000 0.000000000 0.000000000 0.000000000 1.000000000
706.769077301 419.884070350 288.250489729 0.000000000 0.000000000 0.000000000 0.000000000 1.000000000
706.968696594 420.626107675 288.555482083 0.000000000 0.000000000 0.000000000 0.000000000 1.000000000
707.167998075 421.367154729 288.862669289 0.000000000 0.000000000 0.000000000 0.000000000 1.000000000
707.368696928 422.110144558 289.169282965 0.000000000 0.000000000 0.000000000 0.000000000 1.000000000
707.568998814 422.850383353 289.474567942 0.000000000 0.000000000 0.000000000 0.000000000 1.000000000
707.768854856 423.588374242 289.784813935 0.000000000 0.000000000 0.000000000 0.000000000 1.000000000
707.968675137 424.329541920 290.099661658 0.000000000 0.000000000 0.000000000 0.000000000 1.000000000
708.168815374 425.067007104 290.406422721 0.000000000 0.000000000 0.000000000 0.000000000 1.000000000
708.368553638 425.806610940 290.717358304 0.000000000 0.000000000 0.000000000 0.000000000 1.000000000
708.568538904 426.549275223 291.030109376 0.000000000 0.000000000 0.000000000 0.000000000 1.000000000
708.767954350 427.288347549 291.338047380 0.000000000 0.000000000 0.000000000 0.000000000 1.000000000
708.968855143 428.032209456 291.648475606 0.000000000 0.000000000 0.000000000 0.000000000 1.000000000
709.168777943 428.771064646 291.965303917 0.000000000 0.000000000 0.000000000 0.000000000 1.000000000
709.368360996 429.504622127 292.276333170 0.000000000 0.000000000 0.000000000 0.000000000 1.000000000
709.568573952 430.236754171 292.590490952 0.000000000 0.000000000 0.000000000 0.000000000 1.000000000
709.768725872 430.968522763 292.901622452 0.000000000 0.000000000 0.000000000 0.000000000 1.000000000
709.968159914 431.702167795 293.213382266 0.000000000 0.000000000 0.000000000 0.000000000 1.000000000
710.167817116 432.437380303 293.520706947 0.000000000 0.000000000 0.000000000 0.000000000 1.000000000
710.367981434 433.173563612 293.823489313 0.000000000 0.000000000 0.000000000 0.000000000 1.000000000
710.568253040 433.914190307 294.126297292 0.000000000 0.000000000 0.000000000 0.000000000 1.000000000
710.768162012 434.650340314 294.427082468 0.000000000 0.000000000 0.000000000 0.000000000 1.000000000
710.968524694 435.391753509 294.729876702 0.000000000 0.000000000 0.000000000 0.000000000 1.000000000
711.168630362 436.134982098 295.036073094 0.000000000 0.000000000 0.000000000 0.000000000 1.000000000
711.368376732 436.877632151 295.352215492 0.000000000 0.000000000 0.000000000 0.000000000 1.000000000
711.569000483 437.618577365 295.659795238 0.000000000 0.000000000 0.000000000 0.000000000 1.000000000
711.768624544 438.355408182 295.958916970 0.000000000 0.000000000 0.000000000 0.000000000 1.000000000
711.968393087 439.090356509 296.265968149 0.000000000 0.000000000 0.000000000 0.000000000 1.000000000
712.168247938 439.824281127 296.574314781 0.000000000 0.000000000 0.000000000 0.000000000 1.000000000
712.368960619 440.560074905 296.879042278 0.000000000 0.000000000 0.000000000 0.000000000 1.000000000
712.568339109 441.296207658 297.187627718 0.000000000 0.000000000 0.000000000 0.000000000 1.000000000
712.768334389 442.026839458 297.497121907 0.000000000 0.000000000 0.000000000 0.000000000 1.000000000
712.967839003 442.765962525 297.805445059 0.000000000 0.000000000 0.000000000 0.000000000 1.000000000
713.168545961 443.501126780 298.110324017 0.000000000 0.000000000 0.000000000 0.000000000 1.000000000
713.368250370 444.237101159 298.419269092 0.000000000 0.000000000 0.000000000 0.000000000 1.000000000
713.568638086 444.977212687 298.731415750 0.000000000 0.000000000 0.000000000 0.000000000 1.000000000
713.768116474 445.721029992 299.046598140 0.000000000 0.000000000 0.000000000 0.000000000 1.000000000
713.968144417 446.459541000 299.359086233 0.000000000 0.000000000 0.000000000 0.000000000 1.000000000
714.168840885 447.194546835 299.669863618 0.000000000 0.000000000 0.000000000 0.000000000 1.000000000
714.368083000 447.931023400 299.981174519 0.000000000 0.000000000 0.000000000 0.000000000 1.000000000
714.568059683 448.664666176 300.291007238 0.000000000 0.000000000 0.000000000 0.000000000 1.000000000
714.767945290 449.401937681 300.602023063 0.000000000 0.000000000 0.000000000 0.000000000 1.000000000
714.968595028 450.142872418 300.910370811 0.000000000 0.000000000 0.000000000 0.000000000 1.000000000
715.168835640 450.878020177 301.223679265 0.000000000 0.000000000 0.000000000 0.000000000 1.000000000
715.367829800 451.612687988 301.532741642 0.000000000 0.000000000 0.000000000 0.000000000 1.000000000
715.568013430 452.345866936 301.849162139 0.000000000 0.000000000 0.000000000 0.000000000 1.000000000
715.768536091 453.084623885 302.156404301 0.000000000 0.000000000 0.000000000 0.000000000 1.000000000
715.968410730 453.820660825 302.468520008 0.000000000 0.000000000 0.000000000 0.000000000 1.000000000
716.168869972 454.552869940 302.772918624 0.000000000 0.000000000 0.000000000 0.000000000 1.000000000
716.367870092 455.288283933 303.083722292 0.000000000 0.000000000 0.000000000 0.000000000 1.000000000
716.568844557 456.023809000 303.393247659 0.000000000 0.000000000 0.000000000 0.000000000 1.000000000
716.768100262 456.760436821 303.699607412 0.000000000 0.000000000 0.000000000 0.000000000 1.000000000
716.968196154 457.493782425 304.009842928 0.000000000 0.000000000 0.000000000 0.000000000 1.000000000
717.168001175 458.229444605 304.319494067 0.000000000 0.000000000 0.000000000 0.000000000 1.000000000
717.368612766 458.970287880 304.628510653 0.000000000 0.000000000 0.000000000 0.000000000 1.000000000
717.568012476 459.710056590 304.932615386 0.000000000 0.000000000 0.000000000 0.000000000 1.000000000
717.768289328 460.447884366 305.236925224 0.000000000 0.000000000 0.000000000 0.000000000 1.000000000
717.968174458 461.190432641 305.544915233 0.000000000 0.000000000 0.000000000 0.000000000 1.000000000
718.168009996 461.928839671 305.853042510 0.000000000 0.000000000 0.000000000 0.000000000 1.000000000
718.368518353 462.671070907 306.160311046 0.000000000 0.000000000 0.000000000 0.000000000 1.000000000
718.568366766 463.410480752 306.468695702 0.000000000 0.000000000 0.000000000 0.000000000 1.000000000
718.768210888 464.151423157 306.781391165 0.000000000 0.000000000 0.000000000 0.000000000 1.000000000
718.968157768 464.893845860 307.091787917 0.000000000 0.000000000 0.000000000 0.000000000 1.000000000
719.167895317 465.631426966 307.402056890 0.000000000 0.000000000 0.000000000 0.000000000 1.000000000
719.368164301 466.368948455 307.710989241 0.000000000 0.000000000 0.000000000 0.000000000 1.000000000
719.568072796 467.110503832 308.017489196 0.000000000 0.000000000 0.000000000 0.000000000 1.000000000
719.768733263 467.854523794 308.322651308 0.000000000 0.000000000 0.000000000 0.000000000 1.000000000
719.968720913 468.594176040 308.623365181 0.000000000 0.000000000 0.000000000 0.000000000 1.000000000
720.168557167 469.336431541 308.928876932 0.000000000 0.000000000 0.000000000 0.000000000 1.000000000
720.368227482 470.078926887 309.232901832 0.000000000 0.000000000 0.000000000 0.000000000 1.000000000
720.568182468 470.817993698 309.537828882 0.000000000 0.000000000 0.000000000 0.000000000 1.000000000
720.768530846 471.558145809 309.843497362 0.000000000 0.000000000 0.000000000 0.000000000 1.000000000
720.967841148 472.295905594 310.150247020 0.000000000 0.000000000 0.000000000 0.000000000 1.000000000
721.168736458 473.030359396 310.460041457 0.000000000 0.000000000 0.000000000 0.000000000 1.000000000
721.367876530 473.763399765 310.770298004 0.000000000 0.000000000 0.000000000 0.000000000 1.000000000
721.568205357 474.498544474 311.078552669 0.000000000 0.000000000 0.000000000 0.000000000 1.000000000
721.768138647 475.232440933 311.385942602 0.000000000 0.000000000 0.000000000 0.000000000 1.000000000
721.968062878 475.966316081 311.692869768 0.000000000 0.000000000 0.000000000 0.000000000 1.000000000
722.168379545 476.703914737 311.994822702 0.000000000 0.000000000 0.000000000 0.000000000 1.000000000
722.368053913 477.444590155 312.305014507 0.000000000 0.000000000 0.000000000 0.000000000 1.000000000
722.567982912 478.181536844 312.612031684 0.000000000 0.000000000 0.000000000 0.000000000 1.000000000
722.768367529 478.922614508 312.918875862 0.000000000 0.000000000 0.000000000 0.000000000 1.000000000
722.967803955 479.657992365 313.222058114 0.000000000 0.000000000 0.000000000 0.000000000 1.000000000
723.168703556 480.396690082 313.528899924 0.000000000 0.000000000 0.000000000 0.000000000 1.000000000
723.368532896 481.137131698 313.839029390 0.000000000 0.000000000 0.000000000 0.000000000 1.000000000
723.568563700 481.878910832 314.140594038 0.000000000 0.000000000 0.000000000 0.000000000 1.000000000
723.768008947 482.621026815 314.452343819 0.000000000 0.000000000 0.000000000 0.000000000 1.000000000
723.967787266 483.362430327 314.761962623 0.000000000 0.000000000 0.000000000 0.000000000 1.000000000
724.168272734 484.105342156 315.073439520 0.000000000 0.000000000 0.000000000 0.000000000 1.000000000
724.368713617 484.844905370 315.383739969 0.000000000 0.000000000 0.000000000 0.000000000 1.000000000
724.568426847 485.587726255 315.699114741 0.000000000 0.000000000 0.000000000 0.000000000 1.000000000
724.768458128 486.331225402 316.007098637 0.000000000 0.000000000 0.000000000 0.000000000 1.000000000
724.968753099 487.076658988 316.314383069 0.000000000 0.000000000 0.000000000 0.000000000 1.000000000
725.168216467 487.820035106 316.623628178 0.000000000 0.000000000 0.000000000 0.000000000 1.000000000
725.368261576 488.568562000 316.932987548 0.000000000 0.000000000 0.000000000 0.000000000 1.000000000
725.567981243 489.316279697 317.240755953 0.000000000 0.000000000 0.000000000 0.000000000 1.000000000
725.767709255 490.061052345 317.551016379 0.000000000 0.000000000 0.000000000 0.000000000 1.000000000
725.968603611 490.808245589 317.853972800 0.000000000 0.000000000 0.000000000 0.000000000 1.000000000
726.167853355 491.549241657 318.156633181 0.000000000 0.000000000 0.000000000 0.000000000 1.000000000
726.368506432 492.290544898 318.457064381 0.000000000 0.000000000 0.000000000 0.000000000 1.000000000
726.568694592 493.029024620 318.764890461 0.000000000 0.000000000 0.000000000 0.000000000 1.000000000
726.766906500 493.767797732 319.067055512 0.000000000 0.000000000 0.000000000 0.000000000 1.000000000
726.968610764 494.504064852 319.371797847 0.000000000 0.000000000 0.000000000 0.000000000 1.000000000
727.168116331 495.243920267 319.681163400 0.000000000 0.000000000 0.000000000 0.000000000 1.000000000
727.367694139 495.982286572 319.992414200 0.000000000 0.000000000 0.000000000 0.000000000 1.000000000
727.567546844 496.726892611 320.309644667 0.000000000 0.000000000 0.000000000 0.000000000 1.000000000
727.767791510 497.468365651 320.625150665 0.000000000 0.000000000 0.000000000 0.000000000 1.000000000
727.967152357 498.207511142 320.940963863 0.000000000 0.000000000 0.000000000 0.000000000 1.000000000
728.167245388 498.946966561 321.256294038 0.000000000 0.000000000 0.000000000 0.000000000 1.000000000
728.367755890 499.685695455 321.566066749 0.000000000 0.000000000 0.000000000 0.000000000 1.000000000
728.567417622 500.423428050 321.884713231 0.000000000 0.000000000 0.000000000 0.000000000 1.000000000
728.767441034 501.164994476 322.199224850 0.000000000 0.000000000 0.000000000 0.000000000 1.000000000
728.966897249 501.904462909 322.508778845 0.000000000 0.000000000 0.000000000 0.000000000 1.000000000
729.167367220 502.644295730 322.815608248 0.000000000 0.000000000 0.000000000 0.000000000 1.000000000
729.367758036 503.384932414 323.120056453 0.000000000 0.000000000 0.000000000 0.000000000 1.000000000
729.567153692 504.125267165 323.423927395 0.000000000 0.000000000 0.000000000 0.000000000 1.000000000
729.767380953 504.864049875 323.726428187 0.000000000 0.000000000 0.000000000 0.000000000 1.000000000
729.967613697 505.602329772 324.030683521 0.000000000 0.000000000 0.000000000 0.000000000 1.000000000
730.167460203 506.343398902 324.333365439 0.000000000 0.000000000 0.000000000 0.000000000 1.000000000
730.367851257 507.081246545 324.634295944 0.000000000 0.000000000 0.000000000 0.000000000 1.000000000
730.567758799 507.820872459 324.940907925 0.000000000 0.000000000 0.000000000 0.000000000 1.000000000
730.767313957 508.558038384 325.244415790 0.000000000 0.000000000 0.000000000 0.000000000 1.000000000
730.967078924 509.295945048 325.553190093 0.000000000 0.000000000 0.000000000 0.000000000 1.000000000
731.167339563 510.035230469 325.852450048 0.000000000 0.000000000 0.000000000 0.000000000 1.000000000
731.366878510 510.770708763 326.158870430 0.000000000 0.000000000 0.000000000 0.000000000 1.000000000
731.567413568 511.514531239 326.462025041 0.000000000 0.000000000 0.000000000 0.000000000 1.000000000
731.766828537 512.255450278 326.762573649 0.000000000 0.000000000 0.000000000 0.000000000 1.000000000
731.966923237 512.998615431 327.068035091 0.000000000 0.000000000 0.000000000 0.000000000 1.000000000
732.166942835 513.744885966 327.374017762 0.000000000 0.000000000 0.000000000 0.000000000 1.000000000
732.367014170 514.492124823 327.678703617 0.000000000 0.000000000 0.000000000 0.000000000 1.000000000
732.567728996 515.239344890 327.978137921 0.000000000 0.000000000 0.000000000 0.000000000 1.000000000
732.767447472 515.978153315 328.281793730 0.000000000 0.000000000 0.000000000 0.000000000 1.000000000
732.967564583 516.717336452 328.593570386 0.000000000 0.000000000 0.000000000 0.000000000 1.000000000
733.166884422 517.452583319 328.901917399 0.000000000 0.000000000 0.000000000 0.000000000 1.000000000
733.366979599 518.185319851 329.219657602 0.000000000 0.000000000 0.000000000 0.000000000 1.000000000
733.567479134 518.915841902 329.535880117 0.000000000 0.000000000 0.000000000 0.000000000 1.000000000
733.767180443 519.642052741 329.855743262 0.000000000 0.000000000 0.000000000 0.000000000 1.000000000
733.967035532 520.372692046 330.170457100 0.000000000 0.000000000 0.000000000 0.000000000 1.000000000
734.166784763 521.104113650 330.487651074 0.000000000 0.000000000 0.000000000 0.000000000 1.000000000
734.367687702 521.835014933 330.801561808 0.000000000 0.000000000 0.000000000 0.000000000 1.000000000
734.567482471 522.568213897 331.113772888 0.000000000 0.000000000 0.000000000 0.000000000 1.000000000
734.767823935 523.304850311 331.419570941 0.000000000 0.000000000 0.000000000 0.000000000 1.000000000
734.966874123 524.040793521 331.727113340 0.000000000 0.000000000 0.000000000 0.000000000 1.000000000
735.167742491 524.776293846 332.040281150 0.000000000 0.000000000 0.000000000 0.000000000 1.000000000
735.367196321 525.516287765 332.353341350 0.000000000 0.000000000 0.000000000 0.000000000 1.000000000
735.566696882 526.263982387 332.657387590 0.000000000 0.000000000 0.000000000 0.000000000 1.000000000
735.767243147 527.005434382 332.965836708 0.000000000 0.000000000 0.000000000 0.000000000 1.000000000
735.967677116 527.744996473 333.277962767 0.000000000 0.000000000 0.000000000 0.000000000 1.000000000
736.166771173 528.486017181 333.587167514 0.000000000 0.000000000 0.000000000 0.000000000 1.000000000
736.367601633 529.226276045 333.895138942 0.000000000 0.000000000 0.000000000 0.000000000 1.000000000
736.567457199 529.963829571 334.207789109 0.000000000 0.000000000 0.000000000 0.000000000 1.000000000
736.767154217 530.702499060 334.513251356 0.000000000 0.000000000 0.000000000 0.000000000 1.000000000
736.966870785 531.438413552 334.819133987 0.000000000 0.000000000 0.000000000 0.000000000 1.000000000
737.166973591 532.174851924 335.125562801 0.000000000 0.000000000 0.000000000 0.000000000 1.000000000
737.367166042 532.906904161 335.432729895 0.000000000 0.000000000 0.000000000 0.000000000 1.000000000
737.567296505 533.646426112 335.739618474 0.000000000 0.000000000 0.000000000 0.000000000 1.000000000
737.766936064 534.385183973 336.044890321 0.000000000 0.000000000 0.000000000 0.000000000 1.000000000
737.967600107 535.117654546 336.351347019 0.000000000 0.000000000 0.000000000 0.000000000 1.000000000
738.167344809 535.855665114 336.659899843 0.000000000 0.000000000 0.000000000 0.000000000 1.000000000
738.367636442 536.592575274 336.962346945 0.000000000 0.000000000 0.000000000 0.000000000 1.000000000
738.567383528 537.335784998 337.273256233 0.000000000 0.000000000 0.000000000 0.000000000 1.000000000
738.767591715 538.074714979 337.581959172 0.000000000 0.000000000 0.000000000 0.000000000 1.000000000
738.967473984 538.817763019 337.892522053 0.000000000 0.000000000 0.000000000 0.000000000 1.000000000
739.167429209 539.551347077 338.198654220 0.000000000 0.000000000 0.000000000 0.000000000 1.000000000
739.367199659 540.284788464 338.503184482 0.000000000 0.000000000 0.000000000 0.000000000 1.000000000
739.567101717 541.018407152 338.811494002 0.000000000 0.000000000 0.000000000 0.000000000 1.000000000
739.766839981 541.751769311 339.120746113 0.000000000 0.000000000 0.000000000 0.000000000 1.000000000
739.967290878 542.488197754 339.435067429 0.000000000 0.000000000 0.000000000 0.000000000 1.000000000
740.166716814 543.217749785 339.750012394 0.000000000 0.000000000 0.000000000 0.000000000 1.000000000
740.366786003 543.948084908 340.054393488 0.000000000 0.000000000 0.000000000 0.000000000 1.000000000
740.567186356 544.678267896 340.367295068 0.000000000 0.000000000 0.000000000 0.000000000 1.000000000
740.767606735 545.408561958 340.669767004 0.000000000 0.000000000 0.000000000 0.000000000 1.000000000
740.966699123 546.140409620 340.979155151 0.000000000 0.000000000 0.000000000 0.000000000 1.000000000
741.166945934 546.873059686 341.290376323 0.000000000 0.000000000 0.000000000 0.000000000 1.000000000
741.367149591 547.612180038 341.602394003 0.000000000 0.000000000 0.000000000 0.000000000 1.000000000
741.567178726 548.351178700 341.915614799 0.000000000 0.000000000 0.000000000 0.000000000 1.000000000
741.766925335 549.089657466 342.226457866 0.000000000 0.000000000 0.000000000 0.000000000 1.000000000
741.966861963 549.825327113 342.535185513 0.000000000 0.000000000 0.000000000 0.000000000 1.000000000
742.167292356 550.558949560 342.842700307 0.000000000 0.000000000 0.000000000 0.000000000 1.000000000
742.367219925 551.293078858 343.152044450 0.000000000 0.000000000 0.000000000 0.000000000 1.000000000
742.567774773 552.026082077 343.462668325 0.000000000 0.000000000 0.000000000 0.000000000 1.000000000
742.767052889 552.759357444 343.780242373 0.000000000 0.000000000 0.000000000 0.000000000 1.000000000
742.966633797 553.490487925 344.091582492 0.000000000 0.000000000 0.000000000 0.000000000 1.000000000
743.167597532 554.223670188 344.405481420 0.000000000 0.000000000 0.000000000 0.000000000 1.000000000
743.367183685 554.957260741 344.720548200 0.000000000 0.000000000 0.000000000 0.000000000 1.000000000
743.566560030 555.692787375 345.030342229 0.000000000 0.000000000 0.000000000 0.000000000 1.000000000
743.767477989 556.436544907 345.341314010 0.000000000 0.000000000 0.000000000 0.000000000 1.000000000
743.966779232 557.177357941 345.651899042 0.000000000 0.000000000 0.000000000 0.000000000 1.000000000
744.167454481 557.916448426 345.960215044 0.000000000 0.000000000 0.000000000 0.000000000 1.000000000
744.366657972 558.655149847 346.267029385 0.000000000 0.000000000 0.000000000 0.000000000 1.000000000
744.566953897 559.390026536 346.565867401 0.000000000 0.000000000 0.000000000 0.000000000 1.000000000
744.766841412 560.124626469 346.868653716 0.000000000 0.000000000 0.000000000 0.000000000 1.000000000
744.967479229 560.860476557 347.176849516 0.000000000 0.000000000 0.000000000 0.000000000 1.000000000
745.167206049 561.594008478 347.469964138 0.000000000 0.000000000 0.000000000 0.000000000 1.000000000
745.366744757 562.331957477 347.771749804 0.000000000 0.000000000 0.000000000 0.000000000 1.000000000
745.566868067 563.066252202 348.073094499 0.000000000 0.000000000 0.000000000 0.000000000 1.000000000
745.767448902 563.801500666 348.373916610 0.000000000 0.000000000 0.000000000 0.000000000 1.000000000
745.967154503 564.540990412 348.677846065 0.000000000 0.000000000 0.000000000 0.000000000 1.000000000
746.166682482 565.276806404 348.976804934 0.000000000 0.000000000 0.000000000 0.000000000 1.000000000
746.367454529 566.010719794 349.276756963 0.000000000 0.000000000 0.000000000 0.000000000 1.000000000
746.567108154 566.746653812 349.578057502 0.000000000 0.000000000 0.000000000 0.000000000 1.000000000
746.766784668 567.481827351 349.885897417 0.000000000 0.000000000 0.000000000 0.000000000 1.000000000
746.966682196 568.215081392 350.190332689 0.000000000 0.000000000 0.000000000 0.000000000 1.000000000
747.166787386 568.950467379 350.503537343 0.000000000 0.000000000 0.000000000 0.000000000 1.000000000
747.367317200 569.683726900 350.812070540 0.000000000 0.000000000 0.000000000 0.000000000 1.000000000
747.567425966 570.417430085 351.132654644 0.000000000 0.000000000 0.000000000 0.000000000 1.000000000
747.767184496 571.150616395 351.449713755 0.000000000 0.000000000 0.000000000 0.000000000 1.000000000
747.966567755 571.885518763 351.766800974 0.000000000 0.000000000 0.000000000 0.000000000 1.000000000
748.167576551 572.626203669 352.089502068 0.000000000 0.000000000 0.000000000 0.000000000 1.000000000
748.367307186 573.365149972 352.405953089 0.000000000 0.000000000 0.000000000 0.000000000 1.000000000
748.566596746 574.105804646 352.719197057 0.000000000 0.000000000 0.000000000 0.000000000 1.000000000
748.767112494 574.844312581 353.035565701 0.000000000 0.000000000 0.000000000 0.000000000 1.000000000
748.967043400 575.589808149 353.341014308 0.000000000 0.000000000 0.000000000 0.000000000 1.000000000
749.167337179 576.337126980 353.657705459 0.000000000 0.000000000 0.000000000 0.000000000 1.000000000
749.367253542 577.081914062 353.967532087 0.000000000 0.000000000 0.000000000 0.000000000 1.000000000
749.566560030 577.828276197 354.281032464 0.000000000 0.000000000 0.000000000 0.000000000 1.000000000
749.766515017 578.569127449 354.593476451 0.000000000 0.000000000 0.000000000 0.000000000 1.000000000
749.967043638 579.313553486 354.905362992 0.000000000 0.000000000 0.000000000 0.000000000 1.000000000
750.166656733 580.052188245 355.210870625 0.000000000 0.000000000 0.000000000 0.000000000 1.000000000
750.367344856 580.794696475 355.521247244 0.000000000 0.000000000 0.000000000 0.000000000 1.000000000
750.566693544 581.531534684 355.827181205 0.000000000 0.000000000 0.000000000 0.000000000 1.000000000
750.767225504 582.271374861 356.133478028 0.000000000 0.000000000 0.000000000 0.000000000 1.000000000
750.967317343 583.007460835 356.436705674 0.000000000 0.000000000 0.000000000 0.000000000 1.000000000
751.167273760 583.747512983 356.745119948 0.000000000 0.000000000 0.000000000 0.000000000 1.000000000
751.367313623 584.485502483 357.050591953 0.000000000 0.000000000 0.000000000 0.000000000 1.000000000
751.566831350 585.225450940 357.358559797 0.000000000 0.000000000 0.000000000 0.000000000 1.000000000
751.766727924 585.963955234 357.664318853 0.000000000 0.000000000 0.000000000 0.000000000 1.000000000
751.966802359 586.705716680 357.978205818 0.000000000 0.000000000 0.000000000 0.000000000 1.000000000
752.166809320 587.442495850 358.292792786 0.000000000 0.000000000 0.000000000 0.000000000 1.000000000
752.367302179 588.181472815 358.604727172 0.000000000 0.000000000 0.000000000 0.000000000 1.000000000
752.566606045 588.916701699 358.921200251 0.000000000 0.000000000 0.000000000 0.000000000 1.000000000
752.766580105 589.655413845 359.232763826 0.000000000 0.000000000 0.000000000 0.000000000 1.000000000
752.966815710 590.396656552 359.544044369 0.000000000 0.000000000 0.000000000 0.000000000 1.000000000
753.167257309 591.139827359 359.855881340 0.000000000 0.000000000 0.000000000 0.000000000 1.000000000
753.367322922 591.879554150 360.172258656 0.000000000 0.000000000 0.000000000 0.000000000 1.000000000
753.567588806 592.620163603 360.479269411 0.000000000 0.000000000 0.000000000 0.000000000 1.000000000
753.766697645 593.364141604 360.787085039 0.000000000 0.000000000 0.000000000 0.000000000 1.000000000
753.966917515 594.108382882 361.097460787 0.000000000 0.000000000 0.000000000 0.000000000 1.000000000
754.166673660 594.849912690 361.404334952 0.000000000 0.000000000 0.000000000 0.000000000 1.000000000
754.367208004 595.592856673 361.702507554 0.000000000 0.000000000 0.000000000 0.000000000 1.000000000
754.567561865 596.338440852 362.014041994 0.000000000 0.000000000 0.000000000 0.000000000 1.000000000
754.766917229 597.076703186 362.323282341 0.000000000 0.000000000 0.000000000 0.000000000 1.000000000
754.967561245 597.816868125 362.632758119 0.000000000 0.000000000 0.000000000 0.000000000 1.000000000
755.166212797 598.547539784 362.930172079 0.000000000 0.000000000 0.000000000 0.000000000 1.000000000
755.365801096 599.280712249 363.238257691 0.000000000 0.000000000 0.000000000 0.000000000 1.000000000
755.565835238 600.007290202 363.542595218 0.000000000 0.000000000 0.000000000 0.000000000 1.000000000
755.766394138 600.743759362 363.836673106 0.000000000 0.000000000 0.000000000 0.000000000 1.000000000
755.965991735 601.479846471 364.134372386 0.000000000 0.000000000 0.000000000 0.000000000 1.000000000
756.166612387 602.220365000 364.430075245 0.000000000 0.000000000 0.000000000 0.000000000 1.000000000
756.366019964 602.960764337 364.731826729 0.000000000 0.000000000 0.000000000 0.000000000 1.000000000
756.566210032 603.695864941 365.035492151 0.000000000 0.000000000 0.000000000 0.000000000 1.000000000
756.766181469 604.432901681 365.336616994 0.000000000 0.000000000 0.000000000 0.000000000 1.000000000
756.966312885 605.172604200 365.640733992 0.000000000 0.000000000 0.000000000 0.000000000 1.000000000
757.166311264 605.917287075 365.944739835 0.000000000 0.000000000 0.000000000 0.000000000 1.000000000
757.365901232 606.664491461 366.243195918 0.000000000 0.000000000 0.000000000 0.000000000 1.000000000
757.565869331 607.413924421 366.538392966 0.000000000 0.000000000 0.000000000 0.000000000 1.000000000
757.766468287 608.161940660 366.836579738 0.000000000 0.000000000 0.000000000 0.000000000 1.000000000
757.965730906 608.910605759 367.140688101 0.000000000 0.000000000 0.000000000 0.000000000 1.000000000
758.166380882 609.656805302 367.446562183 0.000000000 0.000000000 0.000000000 0.000000000 1.000000000
758.366280794 610.398251820 367.757713558 0.000000000 0.000000000 0.000000000 0.000000000 1.000000000
758.565656900 611.137085996 368.064920703 0.000000000 0.000000000 0.000000000 0.000000000 1.000000000
758.766360521 611.876346144 368.363354697 0.000000000 0.000000000 0.000000000 0.000000000 1.000000000
758.966131926 612.615898354 368.665906237 0.000000000 0.000000000 0.000000000 0.000000000 1.000000000
759.165947676 613.354452969 368.972865455 0.000000000 0.000000000 0.000000000 0.000000000 1.000000000
759.365669966 614.089490447 369.280035301 0.000000000 0.000000000 0.000000000 0.000000000 1.000000000
759.565582752 614.826993505 369.585930964 0.000000000 0.000000000 0.000000000 0.000000000 1.000000000
759.766025543 615.559941130 369.896377651 0.000000000 0.000000000 0.000000000 0.000000000 1.000000000
759.965456724 616.286782817 370.200137137 0.000000000 0.000000000 0.000000000 0.000000000 1.000000000
760.165602684 617.012275040 370.506482297 0.000000000 0.000000000 0.000000000 0.000000000 1.000000000
760.366493940 617.740201629 370.813728048 0.000000000 0.000000000 0.000000000 0.000000000 1.000000000
760.565829277 618.466556289 371.119647600 0.000000000 0.000000000 0.000000000 0.000000000 1.000000000
760.765532732 619.194487529 371.427128659 0.000000000 0.000000000 0.000000000 0.000000000 1.000000000
760.966324329 619.928385775 371.741647311 0.000000000 0.000000000 0.000000000 0.000000000 1.000000000
761.165806055 620.663110268 372.054770221 0.000000000 0.000000000 0.000000000 0.000000000 1.000000000
761.366534948 621.398010289 372.372102272 0.000000000 0.000000000 0.000000000 0.000000000 1.000000000
761.565603971 622.134162552 372.689171307 0.000000000 0.000000000 0.000000000 0.000000000 1.000000000
761.765842915 622.873672249 373.007797494 0.000000000 0.000000000 0.000000000 0.000000000 1.000000000
761.965718746 623.612950449 373.324116776 0.000000000 0.000000000 0.000000000 0.000000000 1.000000000
762.166505337 624.353727846 373.635798247 0.000000000 0.000000000 0.000000000 0.000000000 1.000000000
762.366302490 625.094427001 373.934565123 0.000000000 0.000000000 0.000000000 0.000000000 1.000000000
762.565936327 625.842704709 374.232987725 0.000000000 0.000000000 0.000000000 0.000000000 1.000000000
762.765962839 626.591470289 374.524321347 0.000000000 0.000000000 0.000000000 0.000000000 1.000000000
762.965900421 627.348076613 374.818398721 0.000000000 0.000000000 0.000000000 0.000000000 1.000000000
763.166105509 628.093865497 375.126768007 0.000000000 0.000000000 0.000000000 0.000000000 1.000000000
763.366039276 628.826764286 375.442629347 0.000000000 0.000000000 0.000000000 0.000000000 1.000000000
763.565441132 629.557016489 375.766144119 0.000000000 0.000000000 0.000000000 0.000000000 1.000000000
763.766062498 630.294283233 376.081217202 0.000000000 0.000000000 0.000000000 0.000000000 1.000000000
763.965981722 631.035175487 376.401163970 0.000000000 0.000000000 0.000000000 0.000000000 1.000000000
764.166308880 631.788033580 376.705580391 0.000000000 0.000000000 0.000000000 0.000000000 1.000000000
764.365996361 632.548455499 377.017680180 0.000000000 0.000000000 0.000000000 0.000000000 1.000000000
764.566286802 633.300027636 377.334610263 0.000000000 0.000000000 0.000000000 0.000000000 1.000000000
764.766349554 634.045001851 377.650299228 0.000000000 0.000000000 0.000000000 0.000000000 1.000000000
764.966109753 634.791259614 377.970162296 0.000000000 0.000000000 0.000000000 0.000000000 1.000000000
765.166015625 635.543473976 378.282809678 0.000000000 0.000000000 0.000000000 0.000000000 1.000000000
765.366080523 636.300863548 378.593117730 0.000000000 0.000000000 0.000000000 0.000000000 1.000000000
765.566040754 637.050950286 378.895727007 0.000000000 0.000000000 0.000000000 0.000000000 1.000000000
765.766265154 637.792457088 379.208673437 0.000000000 0.000000000 0.000000000 0.000000000 1.000000000
765.965481758 638.528443458 379.512237320 0.000000000 0.000000000 0.000000000 0.000000000 1.000000000
766.166224480 639.259558465 379.822911222 0.000000000 0.000000000 0.000000000 0.000000000 1.000000000
766.366251230 639.988679251 380.134998121 0.000000000 0.000000000 0.000000000 0.000000000 1.000000000
766.566226482 640.714694394 380.446611174 0.000000000 0.000000000 0.000000000 0.000000000 1.000000000
766.765444756 641.446537130 380.753644729 0.000000000 0.000000000 0.000000000 0.000000000 1.000000000
766.965844393 642.185256478 381.066046087 0.000000000 0.000000000 0.000000000 0.000000000 1.000000000
767.166169405 642.926454650 381.371753532 0.000000000 0.000000000 0.000000000 0.000000000 1.000000000
767.366094828 643.671999763 381.676374531 0.000000000 0.000000000 0.000000000 0.000000000 1.000000000
767.566280365 644.410758848 381.983500605 0.000000000 0.000000000 0.000000000 0.000000000 1.000000000
767.765677214 645.151437551 382.285431995 0.000000000 0.000000000 0.000000000 0.000000000 1.000000000
767.965305328 645.886274483 382.591885122 0.000000000 0.000000000 0.000000000 0.000000000 1.000000000
768.165616274 646.617718175 382.896363406 0.000000000 0.000000000 0.000000000 0.000000000 1.000000000
768.365408897 647.350778449 383.198562588 0.000000000 0.000000000 0.000000000 0.000000000 1.000000000
768.565986395 648.086464854 383.496875376 0.000000000 0.000000000 0.000000000 0.000000000 1.000000000
768.765761614 648.821742612 383.792774328 0.000000000 0.000000000 0.000000000 0.000000000 1.000000000
768.965892792 649.560713846 384.086971770 0.000000000 0.000000000 0.000000000 0.000000000 1.000000000
769.166063547 650.306249912 384.391328138 0.000000000 0.000000000 0.000000000 0.000000000 1.000000000
769.366460800 651.055822659 384.693277695 0.000000000 0.000000000 0.000000000 0.000000000 1.000000000
769.566048384 651.804078766 384.993864953 0.000000000 0.000000000 0.000000000 0.000000000 1.000000000
769.765497923 652.550709713 385.301937313 0.000000000 0.000000000 0.000000000 0.000000000 1.000000000
769.965755701 653.285471516 385.622441731 0.000000000 0.000000000 0.000000000 0.000000000 1.000000000
770.165611267 654.020513239 385.955149317 0.000000000 0.000000000 0.000000000 0.000000000 1.000000000
770.365634918 654.747906988 386.285933644 0.000000000 0.000000000 0.000000000 0.000000000 1.000000000
770.565835714 655.479862854 386.621651272 0.000000000 0.000000000 0.000000000 0.000000000 1.000000000
770.766082525 656.209230796 386.949123601 0.000000000 0.000000000 0.000000000 0.000000000 1.000000000
770.965424776 656.943364726 387.275215307 0.000000000 0.000000000 0.000000000 0.000000000 1.000000000
771.165484667 657.669796780 387.605607190 0.000000000 0.000000000 0.000000000 0.000000000 1.000000000
771.366436005 658.399152136 387.927902170 0.000000000 0.000000000 0.000000000 0.000000000 1.000000000
771.565338135 659.129814217 388.254686898 0.000000000 0.000000000 0.000000000 0.000000000 1.000000000
771.765818834 659.862553306 388.576990434 0.000000000 0.000000000 0.000000000 0.000000000 1.000000000
771.965788841 660.601709312 388.892848144 0.000000000 0.000000000 0.000000000 0.000000000 1.000000000
772.166424036 661.333825207 389.209379367 0.000000000 0.000000000 0.000000000 0.000000000 1.000000000
772.366274357 662.063736585 389.523711965 0.000000000 0.000000000 0.000000000 0.000000000 1.000000000
772.566403151 662.791380474 389.839431939 0.000000000 0.000000000 0.000000000 0.000000000 1.000000000
772.766492367 663.523377478 390.148680544 0.000000000 0.000000000 0.000000000 0.000000000 1.000000000
772.966214418 664.261019521 390.443864501 0.000000000 0.000000000 0.000000000 0.000000000 1.000000000
773.165987968 664.998841126 390.740176750 0.000000000 0.000000000 0.000000000 0.000000000 1.000000000
773.365884542 665.736240730 391.036898692 0.000000000 0.000000000 0.000000000 0.000000000 1.000000000
773.565563202 666.474525462 391.329980622 0.000000000 0.000000000 0.000000000 0.000000000 1.000000000
773.765460014 667.213100067 391.625335584 0.000000000 0.000000000 0.000000000 0.000000000 1.000000000
773.965376377 667.956952333 391.916599164 0.000000000 0.000000000 0.000000000 0.000000000 1.000000000
774.165667295 668.698363193 392.203607941 0.000000000 0.000000000 0.000000000 0.000000000 1.000000000
774.365761757 669.449801182 392.491791205 0.000000000 0.000000000 0.000000000 0.000000000 1.000000000
774.566070795 670.207404367 392.768153509 0.000000000 0.000000000 0.000000000 0.000000000 1.000000000
774.765342474 670.973118775 393.046643174 0.000000000 0.000000000 0.000000000 0.000000000 1.000000000
774.966241121 671.736834491 393.344440077 0.000000000 0.000000000 0.000000000 0.000000000 1.000000000
775.165696859 672.495416038 393.656655584 0.000000000 0.000000000 0.000000000 0.000000000 1.000000000
775.365524530 673.251533644 393.967991559 0.000000000 0.000000000 0.000000000 0.000000000 1.000000000
775.565742493 674.001369250 394.283267418 0.000000000 0.000000000 0.000000000 0.000000000 1.000000000
775.765474558 674.738620256 394.598573225 0.000000000 0.000000000 0.000000000 0.000000000 1.000000000
775.965631247 675.462372452 394.921226701 0.000000000 0.000000000 0.000000000 0.000000000 1.000000000
776.165461302 676.180549926 395.244948437 0.000000000 0.000000000 0.000000000 0.000000000 1.000000000
776.365570545 676.897131384 395.573750100 0.000000000 0.000000000 0.000000000 0.000000000 1.000000000
776.566017151 677.616085519 395.901000983 0.000000000 0.000000000 0.000000000 0.000000000 1.000000000
776.765999317 678.347706982 396.221599597 0.000000000 0.000000000 0.000000000 0.000000000 1.000000000
776.965748549 679.075035792 396.542073614 0.000000000 0.000000000 0.000000000 0.000000000 1.000000000
777.166321039 679.796094104 396.865684964 0.000000000 0.000000000 0.000000000 0.000000000 1.000000000
777.366178513 680.513095874 397.180191755 0.000000000 0.000000000 0.000000000 0.000000000 1.000000000
777.565534115 681.228539921 397.490389675 0.000000000 0.000000000 0.000000000 0.000000000 1.000000000
777.765868902 681.948164667 397.800314886 0.000000000 0.000000000 0.000000000 0.000000000 1.000000000
777.966079235 682.679694809 398.096681045 0.000000000 0.000000000 0.000000000 0.000000000 1.000000000
778.165407181 683.416456954 398.392649055 0.000000000 0.000000000 0.000000000 0.000000000 1.000000000
778.366033316 684.156957819 398.685298746 0.000000000 0.000000000 0.000000000 0.000000000 1.000000000
778.566240549 684.904812371 398.971148171 0.000000000 0.000000000 0.000000000 0.000000000 1.000000000
778.765346050 685.657901524 399.258778712 0.000000000 0.000000000 0.000000000 0.000000000 1.000000000
778.965335369 686.409360685 399.553245091 0.000000000 0.000000000 0.000000000 0.000000000 1.000000000
779.165993929 687.149488869 399.861974929 0.000000000 0.000000000 0.000000000 0.000000000 1.000000000
779.365793228 687.894299794 400.171514274 0.000000000 0.000000000 0.000000000 0.000000000 1.000000000
779.566308737 688.641097602 400.474283824 0.000000000 0.000000000 0.000000000 0.000000000 1.000000000
779.765722036 689.392009961 400.782987076 0.000000000 0.000000000 0.000000000 0.000000000 1.000000000
779.966063738 690.142154694 401.092217674 0.000000000 0.000000000 0.000000000 0.000000000 1.000000000
780.164649248 690.889971537 401.399627844 0.000000000 0.000000000 0.000000000 0.000000000 1.000000000
780.365726948 691.633856283 401.702412156 0.000000000 0.000000000 0.000000000 0.000000000 1.000000000
780.565567732 692.383363689 402.011393529 0.000000000 0.000000000 0.000000000 0.000000000 1.000000000
780.766160250 693.131022828 402.311943213 0.000000000 0.000000000 0.000000000 0.000000000 1.000000000
780.965469122 693.873622046 402.621052242 0.000000000 0.000000000 0.000000000 0.000000000 1.000000000
781.165874004 694.619674403 402.933825293 0.000000000 0.000000000 0.000000000 0.000000000 1.000000000
781.365281343 695.358283299 403.245522153 0.000000000 0.000000000 0.000000000 0.000000000 1.000000000
781.565905333 696.101850796 403.557464130 0.000000000 0.000000000 0.000000000 0.000000000 1.000000000
781.765938759 696.844196997 403.868829967 0.000000000 0.000000000 0.000000000 0.000000000 1.000000000
781.964649916 697.587237643 404.178418738 0.000000000 0.000000000 0.000000000 0.000000000 1.000000000
782.165446997 698.328079146 404.485150412 0.000000000 0.000000000 0.000000000 0.000000000 1.000000000
782.364960670 699.072659570 404.791579958 0.000000000 0.000000000 0.000000000 0.000000000 1.000000000
782.565374374 699.815200459 405.097367682 0.000000000 0.000000000 0.000000000 0.000000000 1.000000000
782.765129805 700.558514709 405.406297218 0.000000000 0.000000000 0.000000000 0.000000000 1.000000000
782.965236902 701.300522311 405.713126356 0.000000000 0.000000000 0.000000000 0.000000000 1.000000000
783.165454149 702.040914076 406.021253823 0.000000000 0.000000000 0.000000000 0.000000000 1.000000000
783.364582777 702.778411257 406.331944803 0.000000000 0.000000000 0.000000000 0.000000000 1.000000000
783.565065145 703.515737938 406.638369481 0.000000000 0.000000000 0.000000000 0.000000000 1.000000000
783.764948368 704.253232978 406.946653535 0.000000000 0.000000000 0.000000000 0.000000000 1.000000000
783.965342045 704.988488424 407.252075601 0.000000000 0.000000000 0.000000000 0.000000000 1.000000000
784.164422512 705.720505344 407.568114572 0.000000000 0.000000000 0.000000000 0.000000000 1.000000000
784.365572929 706.456748859 407.874969557 0.000000000 0.000000000 0.000000000 0.000000000 1.000000000
784.564751387 707.193091912 408.182595475 0.000000000 0.000000000 0.000000000 0.000000000 1.000000000
784.764725924 707.930196383 408.497044244 0.000000000 0.000000000 0.000000000 0.000000000 1.000000000
784.965400934 708.665508280 408.799864725 0.000000000 0.000000000 0.000000000 0.000000000 1.000000000
785.164309740 709.401735747 409.107367030 0.000000000 0.000000000 0.000000000 0.000000000 1.000000000
785.365494728 710.133721679 409.410654305 0.000000000 0.000000000 0.000000000 0.000000000 1.000000000
785.564517736 710.868828266 409.707690824 0.000000000 0.000000000 0.000000000 0.000000000 1.000000000
785.764408112 711.608009504 410.003900074 0.000000000 0.000000000 0.000000000 0.000000000 1.000000000
785.965038776 712.346344456 410.295981226 0.000000000 0.000000000 0.000000000 0.000000000 1.000000000
786.165256739 713.093193414 410.576973816 0.000000000 0.000000000 0.000000000 0.000000000 1.000000000
786.364723206 713.840839721 410.849152625 0.000000000 0.000000000 0.000000000 0.000000000 1.000000000
786.564612150 714.597552020 411.109510224 0.000000000 0.000000000 0.000000000 0.000000000 1.000000000
786.764476538 715.354507375 411.358438131 0.000000000 0.000000000 0.000000000 0.000000000 1.000000000
786.964580774 716.121809419 411.584523006 0.000000000 0.000000000 0.000000000 0.000000000 1.000000000
787.165067673 716.891933222 411.804476125 0.000000000 0.000000000 0.000000000 0.000000000 1.000000000
787.365150928 717.660550674 412.012593566 0.000000000 0.000000000 0.000000000 0.000000000 1.000000000
787.564194679 718.436302563 412.201199568 0.000000000 0.000000000 0.000000000 0.000000000 1.000000000
787.764617920 719.221082623 412.374326427 0.000000000 0.000000000 0.000000000 0.000000000 1.000000000
787.964401960 720.005742837 412.530263627 0.000000000 0.000000000 0.000000000 0.000000000 1.000000000
788.165196419 720.787551860 412.670141961 0.000000000 0.000000000 0.000000000 0.000000000 1.000000000
788.364359617 721.581588961 412.794454803 0.000000000 0.000000000 0.000000000 0.000000000 1.000000000
788.565261126 722.371133709 412.898552338 0.000000000 0.000000000 0.000000000 0.000000000 1.000000000
788.764611721 723.162741283 412.995102333 0.000000000 0.000000000 0.000000000 0.000000000 1.000000000
788.965358734 723.959611497 413.068878018 0.000000000 0.000000000 0.000000000 0.000000000 1.000000000
789.165463924 724.757652935 413.121042443 0.000000000 0.000000000 0.000000000 0.000000000 1.000000000
789.364314318 725.555311047 413.158665980 0.000000000 0.000000000 0.000000000 0.000000000 1.000000000
789.564583540 726.357317735 413.181159655 0.000000000 0.000000000 0.000000000 0.000000000 1.000000000
789.764838219 727.154337251 413.168431683 0.000000000 0.000000000 0.000000000 0.000000000 1.000000000
789.965471745 727.947638629 413.147138749 0.000000000 0.000000000 0.000000000 0.000000000 1.000000000
790.165132046 728.744728553 413.097954732 0.000000000 0.000000000 0.000000000 0.000000000 1.000000000
790.364534140 729.538226902 413.031345532 0.000000000 0.000000000 0.000000000 0.000000000 1.000000000
790.564523935 730.330932118 412.951012558 0.000000000 0.000000000 0.000000000 0.000000000 1.000000000
790.764559269 731.123540440 412.850422699 0.000000000 0.000000000 0.000000000 0.000000000 1.000000000
790.965265751 731.908581831 412.726110426 0.000000000 0.000000000 0.000000000 0.000000000 1.000000000
791.164335489 732.684402887 412.586849220 0.000000000 0.000000000 0.000000000 0.000000000 1.000000000
791.365133524 733.463458779 412.425015846 0.000000000 0.000000000 0.000000000 0.000000000 1.000000000
791.565234900 734.236765369 412.236456824 0.000000000 0.000000000 0.000000000 0.000000000 1.000000000
791.764874935 735.010520691 412.038253408 0.000000000 0.000000000 0.000000000 0.000000000 1.000000000
791.964807749 735.773699407 411.822956562 0.000000000 0.000000000 0.000000000 0.000000000 1.000000000
792.165142536 736.531621214 411.586280775 0.000000000 0.000000000 0.000000000 0.000000000 1.000000000
792.365198851 737.285877281 411.334823058 0.000000000 0.000000000 0.000000000 0.000000000 1.000000000
792.564139128 738.032393437 411.062496780 0.000000000 0.000000000 0.000000000 0.000000000 1.000000000
792.764255285 738.770871963 410.771567559 0.000000000 0.000000000 0.000000000 0.000000000 1.000000000
792.964702368 739.504448076 410.466614533 0.000000000 0.000000000 0.000000000 0.000000000 1.000000000
793.164625645 740.225302098 410.143815937 0.000000000 0.000000000 0.000000000 0.000000000 1.000000000
793.364479303 740.943737433 409.803197628 0.000000000 0.000000000 0.000000000 0.000000000 1.000000000
793.564698935 741.655115037 409.443175207 0.000000000 0.000000000 0.000000000 0.000000000 1.000000000
793.764966726 742.357119493 409.074162488 0.000000000 0.000000000 0.000000000 0.000000000 1.000000000
793.964855433 743.051371535 408.677560208 0.000000000 0.000000000 0.000000000 0.000000000 1.000000000
794.164714575 743.735201216 408.270647282 0.000000000 0.000000000 0.000000000 0.000000000 1.000000000
794.364625216 744.410875559 407.846648524 0.000000000 0.000000000 0.000000000 0.000000000 1.000000000
794.564705133 745.076108060 407.404086794 0.000000000 0.000000000 0.000000000 0.000000000 1.000000000
794.765200853 745.732978648 406.946473382 0.000000000 0.000000000 0.000000000 0.000000000 1.000000000
794.965124130 746.381766165 406.477290618 0.000000000 0.000000000 0.000000000 0.000000000 1.000000000
795.164808512 747.019095121 405.989411701 0.000000000 0.000000000 0.000000000 0.000000000 1.000000000
795.364789248 747.648334848 405.493172212 0.000000000 0.000000000 0.000000000 0.000000000 1.000000000
795.564944029 748.260744718 404.981284821 0.000000000 0.000000000 0.000000000 0.000000000 1.000000000
795.764255285 748.865301245 404.452573824 0.000000000 0.000000000 0.000000000 0.000000000 1.000000000
795.964933157 749.450888887 403.916009054 0.000000000 0.000000000 0.000000000 0.000000000 1.000000000
796.164445639 750.025449836 403.361425857 0.000000000 0.000000000 0.000000000 0.000000000 1.000000000
796.364710331 750.588403123 402.795147043 0.000000000 0.000000000 0.000000000 0.000000000 1.000000000
796.564456940 751.137163354 402.215659967 0.000000000 0.000000000 0.000000000 0.000000000 1.000000000
796.764687538 751.664726815 401.623238108 0.000000000 0.000000000 0.000000000 0.000000000 1.000000000
796.964415789 752.179041196 401.012361793 0.000000000 0.000000000 0.000000000 0.000000000 1.000000000
797.164915323 752.681903270 400.391289048 0.000000000 0.000000000 0.000000000 0.000000000 1.000000000
797.365073681 753.174549183 399.758438745 0.000000000 0.000000000 0.000000000 0.000000000 1.000000000
797.564258337 753.646377923 399.115217243 0.000000000 0.000000000 0.000000000 0.000000000 1.000000000
797.764196873 754.107811466 398.462235325 0.000000000 0.000000000 0.000000000 0.000000000 1.000000000
797.965282440 754.552989035 397.794486828 0.000000000 0.000000000 0.000000000 0.000000000 1.000000000
798.164861679 754.987448539 397.120508938 0.000000000 0.000000000 0.000000000 0.000000000 1.000000000
798.364329815 755.400390744 396.441467169 0.000000000 0.000000000 0.000000000 0.000000000 1.000000000
798.565015554 755.803339284 395.752640475 0.000000000 0.000000000 0.000000000 0.000000000 1.000000000
798.765023947 756.194946058 395.055363802 0.000000000 0.000000000 0.000000000 0.000000000 1.000000000
798.965058327 756.574201983 394.354501905 0.000000000 0.000000000 0.000000000 0.000000000 1.000000000
799.164625168 756.944606913 393.644572148 0.000000000 0.000000000 0.000000000 0.000000000 1.000000000
799.364717484 757.303663889 392.930490337 0.000000000 0.000000000 0.000000000 0.000000000 1.000000000
799.564273357 757.658514850 392.210222612 0.000000000 0.000000000 0.000000000 0.000000000 1.000000000
799.765210390 758.000928274 391.482754350 0.000000000 0.000000000 0.000000000 0.000000000 1.000000000
799.964524746 758.329712797 390.755659970 0.000000000 0.000000000 0.000000000 0.000000000 1.000000000
800.164889336 758.656175932 390.021999937 0.000000000 0.000000000 0.000000000 0.000000000 1.000000000
800.364927292 758.978172870 389.285931869 0.000000000 0.000000000 0.000000000 0.000000000 1.000000000
800.564637899 759.296267715 388.544363953 0.000000000 0.000000000 0.000000000 0.000000000 1.000000000
800.764401674 759.609912508 387.808324455 0.000000000 0.000000000 0.000000000 0.000000000 1.000000000
800.965013742 759.920240622 387.071269490 0.000000000 0.000000000 0.000000000 0.000000000 1.000000000
801.164624929 760.222743468 386.335656405 0.000000000 0.000000000 0.000000000 0.000000000 1.000000000
801.365111589 760.523360659 385.594893252 0.000000000 0.000000000 0.000000000 0.000000000 1.000000000
801.564919949 760.819296917 384.860660041 0.000000000 0.000000000 0.000000000 0.000000000 1.000000000
801.764244556 761.117205288 384.136141858 0.000000000 0.000000000 0.000000000 0.000000000 1.000000000
801.964430809 761.418579324 383.407066411 0.000000000 0.000000000 0.000000000 0.000000000 1.000000000
802.164810658 761.727324413 382.676001127 0.000000000 0.000000000 0.000000000 0.000000000 1.000000000
802.365085125 762.036151220 381.948091350 0.000000000 0.000000000 0.000000000 0.000000000 1.000000000
802.564429283 762.342512044 381.226388702 0.000000000 0.000000000 0.000000000 0.000000000 1.000000000
802.764349937 762.640799053 380.503237846 0.000000000 0.000000000 0.000000000 0.000000000 1.000000000
802.964318037 762.931344260 379.780960175 0.000000000 0.000000000 0.000000000 0.000000000 1.000000000
803.165043592 763.222337328 379.059807861 0.000000000 0.000000000 0.000000000 0.000000000 1.000000000
803.364180326 763.506897842 378.338611918 0.000000000 0.000000000 0.000000000 0.000000000 1.000000000
803.565040112 763.787305586 377.615187890 0.000000000 0.000000000 0.000000000 0.000000000 1.000000000
803.764755726 764.074521551 376.880415840 0.000000000 0.000000000 0.000000000 0.000000000 1.000000000
803.964798450 764.344884634 376.153382631 0.000000000 0.000000000 0.000000000 0.000000000 1.000000000
804.164513588 764.600998286 375.419456394 0.000000000 0.000000000 0.000000000 0.000000000 1.000000000
804.364258528 764.839257612 374.678933403 0.000000000 0.000000000 0.000000000 0.000000000 1.000000000
804.565105677 765.079702560 373.928728397 0.000000000 0.000000000 0.000000000 0.000000000 1.000000000
804.764125109 765.311373236 373.171253622 0.000000000 0.000000000 0.000000000 0.000000000 1.000000000
804.964254379 765.531587679 372.403828708 0.000000000 0.000000000 0.000000000 0.000000000 1.000000000
805.164166927 765.741449167 371.633679570 0.000000000 0.000000000 0.000000000 0.000000000 1.000000000
805.365181208 765.939814774 370.856317951 0.000000000 0.000000000 0.000000000 0.000000000 1.000000000
805.564660549 766.121860071 370.074171150 0.000000000 0.000000000 0.000000000 0.000000000 1.000000000
805.764375925 766.287082323 369.288891447 0.000000000 0.000000000 0.000000000 0.000000000 1.000000000
805.964125872 766.429999481 368.499714557 0.000000000 0.000000000 0.000000000 0.000000000 1.000000000
806.164231062 766.559979858 367.709152852 0.000000000 0.000000000 0.000000000 0.000000000 1.000000000
806.364746332 766.673737289 366.905600624 0.000000000 0.000000000 0.000000000 0.000000000 1.000000000
806.564280748 766.774188930 366.093655289 0.000000000 0.000000000 0.000000000 0.000000000 1.000000000
806.764112949 766.862849877 365.273152945 0.000000000 0.000000000 0.000000000 0.000000000 1.000000000
806.964140654 766.922474609 364.462855080 0.000000000 0.000000000 0.000000000 0.000000000 1.000000000
807.164505482 766.956972732 363.664407080 0.000000000 0.000000000 0.000000000 0.000000000 1.000000000
807.364715338 766.961201421 362.874246456 0.000000000 0.000000000 0.000000000 0.000000000 1.000000000
807.564770937 766.940138847 362.067850067 0.000000000 0.000000000 0.000000000 0.000000000 1.000000000
807.764516830 766.913433793 361.265862456 0.000000000 0.000000000 0.000000000 0.000000000 1.000000000
807.964902401 766.867505638 360.457698330 0.000000000 0.000000000 0.000000000 0.000000000 1.000000000
808.164410353 766.791418322 359.649890675 0.000000000 0.000000000 0.000000000 0.000000000 1.000000000
808.364116907 766.683693173 358.854222122 0.000000000 0.000000000 0.000000000 0.000000000 1.000000000
808.564290524 766.548554148 358.059828059 0.000000000 0.000000000 0.000000000 0.000000000 1.000000000
808.764073133 766.397755587 357.266346082 0.000000000 0.000000000 0.000000000 0.000000000 1.000000000
808.964901209 766.232623881 356.474217263 0.000000000 0.000000000 0.000000000 0.000000000 1.000000000
809.163264513 766.052510948 355.675068524 0.000000000 0.000000000 0.000000000 0.000000000 1.000000000
809.363955021 765.851233312 354.882177059 0.000000000 0.000000000 0.000000000 0.000000000 1.000000000
809.564687490 765.622582329 354.088425413 0.000000000 0.000000000 0.000000000 0.000000000 1.000000000
809.764052153 765.374997570 353.317027301 0.000000000 0.000000000 0.000000000 0.000000000 1.000000000
809.964002132 765.108485745 352.551143636 0.000000000 0.000000000 0.000000000 0.000000000 1.000000000
810.163627863 764.821438662 351.791085152 0.000000000 0.000000000 0.000000000 0.000000000 1.000000000
810.364241600 764.515001813 351.041478891 0.000000000 0.000000000 0.000000000 0.000000000 1.000000000
810.563555479 764.190335527 350.308822479 0.000000000 0.000000000 0.000000000 0.000000000 1.000000000
810.763282299 763.851745374 349.588191503 0.000000000 0.000000000 0.000000000 0.000000000 1.000000000
810.963413954 763.490755358 348.879741041 0.000000000 0.000000000 0.000000000 0.000000000 1.000000000
811.163565636 763.112135124 348.191524852 0.000000000 0.000000000 0.000000000 0.000000000 1.000000000
811.363700151 762.717446561 347.515510466 0.000000000 0.000000000 0.000000000 0.000000000 1.000000000
811.563142300 762.301443931 346.847585431 0.000000000 0.000000000 0.000000000 0.000000000 1.000000000
811.764137030 761.871144241 346.196423757 0.000000000 0.000000000 0.000000000 0.000000000 1.000000000
811.963710546 761.422934172 345.546844313 0.000000000 0.000000000 0.000000000 0.000000000 1.000000000
812.163905144 760.964765833 344.905264397 0.000000000 0.000000000 0.000000000 0.000000000 1.000000000
812.364080191 760.492403591 344.276332242 0.000000000 0.000000000 0.000000000 0.000000000 1.000000000
812.563868999 760.003967199 343.667768566 0.000000000 0.000000000 0.000000000 0.000000000 1.000000000
812.763562918 759.500580193 343.073148965 0.000000000 0.000000000 0.000000000 0.000000000 1.000000000
812.963427544 758.974438741 342.485752604 0.000000000 0.000000000 0.000000000 0.000000000 1.000000000
813.163996935 758.438435519 341.917389955 0.000000000 0.000000000 0.000000000 0.000000000 1.000000000
813.363274097 757.884534481 341.355360630 0.000000000 0.000000000 0.000000000 0.000000000 1.000000000
813.563409567 757.314163834 340.807207215 0.000000000 0.000000000 0.000000000 0.000000000 1.000000000
813.764073133 756.726646629 340.266857357 0.000000000 0.000000000 0.000000000 0.000000000 1.000000000
813.963437319 756.132358454 339.735000654 0.000000000 0.000000000 0.000000000 0.000000000 1.000000000
814.163512945 755.523699569 339.218907823 0.000000000 0.000000000 0.000000000 0.000000000 1.000000000
814.363221884 754.906479223 338.716086863 0.000000000 0.000000000 0.000000000 0.000000000 1.000000000
814.563680887 754.276855856 338.227156883 0.000000000 0.000000000 0.000000000 0.000000000 1.000000000
814.764138937 753.636257841 337.749246881 0.000000000 0.000000000 0.000000000 0.000000000 1.000000000
814.963635921 752.986918452 337.286805882 0.000000000 0.000000000 0.000000000 0.000000000 1.000000000
815.163838148 752.325266614 336.841683755 0.000000000 0.000000000 0.000000000 0.000000000 1.000000000
815.363445997 751.651305013 336.407387024 0.000000000 0.000000000 0.000000000 0.000000000 1.000000000
815.563291311 750.974563902 335.973358668 0.000000000 0.000000000 0.000000000 0.000000000 1.000000000
815.763191223 750.289422544 335.564884506 0.000000000 0.000000000 0.000000000 0.000000000 1.000000000
815.964067936 749.592459857 335.161400755 0.000000000 0.000000000 0.000000000 0.000000000 1.000000000
816.163406134 748.892245021 334.771500586 0.000000000 0.000000000 0.000000000 0.000000000 1.000000000
816.363669634 748.186631681 334.400837305 0.000000000 0.000000000 0.000000000 0.000000000 1.000000000
816.563974857 747.472809181 334.043820829 0.000000000 0.000000000 0.000000000 0.000000000 1.000000000
816.763688803 746.754677432 333.696371517 0.000000000 0.000000000 0.000000000 0.000000000 1.000000000
816.963972807 746.028564447 333.357312008 0.000000000 0.000000000 0.000000000 0.000000000 1.000000000
817.163153648 745.296465988 333.033680615 0.000000000 0.000000000 0.000000000 0.000000000 1.000000000
817.363153696 744.558068497 332.712816119 0.000000000 0.000000000 0.000000000 0.000000000 1.000000000
817.563267469 743.814936468 332.404047213 0.000000000 0.000000000 0.000000000 0.000000000 1.000000000
817.763696432 743.069553604 332.095479354 0.000000000 0.000000000 0.000000000 0.000000000 1.000000000
817.963829279 742.320671467 331.788190580 0.000000000 0.000000000 0.000000000 0.000000000 1.000000000
818.163757324 741.574041145 331.487814465 0.000000000 0.000000000 0.000000000 0.000000000 1.000000000
818.363624334 740.823834677 331.191668526 0.000000000 0.000000000 0.000000000 0.000000000 1.000000000
818.563719273 740.072674653 330.899216566 0.000000000 0.000000000 0.000000000 0.000000000 1.000000000
818.763031721 739.321286558 330.604113106 0.000000000 0.000000000 0.000000000 0.000000000 1.000000000
818.963758469 738.575117874 330.306968877 0.000000000 0.000000000 0.000000000 0.000000000 1.000000000
819.163618326 737.829101965 330.007412137 0.000000000 0.000000000 0.000000000 0.000000000 1.000000000
819.363886118 737.083501483 329.703532508 0.000000000 0.000000000 0.000000000 0.000000000 1.000000000
819.563655138 736.341690218 329.396721201 0.000000000 0.000000000 0.000000000 0.000000000 1.000000000
819.763226748 735.599505899 329.090980645 0.000000000 0.000000000 0.000000000 0.000000000 1.000000000
819.963318348 734.860323999 328.782838396 0.000000000 0.000000000 0.000000000 0.000000000 1.000000000
820.163215399 734.118795668 328.478955923 0.000000000 0.000000000 0.000000000 0.000000000 1.000000000
820.363140345 733.380007018 328.175464119 0.000000000 0.000000000 0.000000000 0.000000000 1.000000000
820.563053608 732.645331077 327.870195050 0.000000000 0.000000000 0.000000000 0.000000000 1.000000000
820.763488770 731.906252976 327.560919839 0.000000000 0.000000000 0.000000000 0.000000000 1.000000000
820.963421583 731.170325017 327.254318847 0.000000000 0.000000000 0.000000000 0.000000000 1.000000000
821.163232088 730.433778684 326.951376329 0.000000000 0.000000000 0.000000000 0.000000000 1.000000000
821.363236427 729.699065332 326.644573532 0.000000000 0.000000000 0.000000000 0.000000000 1.000000000
821.563658953 728.963319565 326.341080443 0.000000000 0.000000000 0.000000000 0.000000000 1.000000000
821.763571978 728.227035389 326.034712939 0.000000000 0.000000000 0.000000000 0.000000000 1.000000000
821.964045525 727.488708856 325.726181852 0.000000000 0.000000000 0.000000000 0.000000000 1.000000000
822.163813353 726.750322534 325.419816280 0.000000000 0.000000000 0.000000000 0.000000000 1.000000000
822.363900423 726.014158301 325.118090528 0.000000000 0.000000000 0.000000000 0.000000000 1.000000000
822.563803673 725.276194062 324.814938838 0.000000000 0.000000000 0.000000000 0.000000000 1.000000000
822.763106108 724.546090361 324.512279521 0.000000000 0.000000000 0.000000000 0.000000000 1.000000000
822.963474035 723.809156477 324.205034513 0.000000000 0.000000000 0.000000000 0.000000000 1.000000000
823.164013386 723.076715449 323.899863378 0.000000000 0.000000000 0.000000000 0.000000000 1.000000000
823.363873959 722.341044229 323.583619608 0.000000000 0.000000000 0.000000000 0.000000000 1.000000000
823.563309669 721.604160339 323.270437763 0.000000000 0.000000000 0.000000000 0.000000000 1.000000000
823.762965202 720.865970874 322.953739530 0.000000000 0.000000000 0.000000000 0.000000000 1.000000000
823.963099718 720.126620565 322.638401699 0.000000000 0.000000000 0.000000000 0.000000000 1.000000000
824.163546801 719.387960630 322.326346173 0.000000000 0.000000000 0.000000000 0.000000000 1.000000000
824.362923861 718.653723022 322.013961766 0.000000000 0.000000000 0.000000000 0.000000000 1.000000000
824.563348532 717.921643952 321.702884317 0.000000000 0.000000000 0.000000000 0.000000000 1.000000000
824.763256550 717.183292447 321.392111093 0.000000000 0.000000000 0.000000000 0.000000000 1.000000000
824.962977171 716.440097974 321.084607449 0.000000000 0.000000000 0.000000000 0.000000000 1.000000000
825.163752794 715.703053830 320.775987553 0.000000000 0.000000000 0.000000000 0.000000000 1.000000000
825.363923311 714.968286243 320.469461958 0.000000000 0.000000000 0.000000000 0.000000000 1.000000000
825.563725948 714.232322326 320.161033574 0.000000000 0.000000000 0.000000000 0.000000000 1.000000000
825.763479710 713.496510433 319.854915518 0.000000000 0.000000000 0.000000000 0.000000000 1.000000000
825.963461161 712.761886917 319.542115955 0.000000000 0.000000000 0.000000000 0.000000000 1.000000000
826.163660526 712.028826861 319.232458936 0.000000000 0.000000000 0.000000000 0.000000000 1.000000000
826.363419294 711.290407454 318.920733998 0.000000000 0.000000000 0.000000000 0.000000000 1.000000000
826.563204765 710.556429268 318.604567744 0.000000000 0.000000000 0.000000000 0.000000000 1.000000000
826.763237715 709.823287315 318.292289039 0.000000000 0.000000000 0.000000000 0.000000000 1.000000000
826.962985754 709.088760491 317.981980449 0.000000000 0.000000000 0.000000000 0.000000000 1.000000000
827.163211823 708.368698107 317.678704319 0.000000000 0.000000000 0.000000000 0.000000000 1.000000000
827.363969326 707.641376199 317.368675982 0.000000000 0.000000000 0.000000000 0.000000000 1.000000000
827.564034700 706.907806548 317.058578199 0.000000000 0.000000000 0.000000000 0.000000000 1.000000000
827.763803959 706.178975615 316.751607243 0.000000000 0.000000000 0.000000000 0.000000000 1.000000000
827.963895321 705.442744984 316.439555813 0.000000000 0.000000000 0.000000000 0.000000000 1.000000000
828.163111210 704.707870107 316.126941863 0.000000000 0.000000000 0.000000000 0.000000000 1.000000000
828.363092422 703.968256077 315.814091480 0.000000000 0.000000000 0.000000000 0.000000000 1.000000000
828.563428164 703.230552490 315.508399927 0.000000000 0.000000000 0.000000000 0.000000000 1.000000000
828.763947964 702.488928986 315.192303003 0.000000000 0.000000000 0.000000000 0.000000000 1.000000000
828.963737249 701.747790578 314.882537026 0.000000000 0.000000000 0.000000000 0.000000000 1.000000000
829.162892580 701.006951597 314.575744388 0.000000000 0.000000000 0.000000000 0.000000000 1.000000000
829.363685131 700.263213128 314.264112074 0.000000000 0.000000000 0.000000000 0.000000000 1.000000000
829.563862801 699.525729137 313.954780352 0.000000000 0.000000000 0.000000000 0.000000000 1.000000000
829.763553619 698.790062932 313.644179399 0.000000000 0.000000000 0.000000000 0.000000000 1.000000000
829.963726044 698.060064991 313.336244052 0.000000000 0.000000000 0.000000000 0.000000000 1.000000000
830.163684368 697.330140285 313.025321579 0.000000000 0.000000000 0.000000000 0.000000000 1.000000000
830.363270760 696.602361897 312.715797358 0.000000000 0.000000000 0.000000000 0.000000000 1.000000000
830.563715219 695.875583963 312.404740082 0.000000000 0.000000000 0.000000000 0.000000000 1.000000000
830.763792992 695.145499579 312.093162475 0.000000000 0.000000000 0.000000000 0.000000000 1.000000000
830.963934422 694.420654238 311.787210950 0.000000000 0.000000000 0.000000000 0.000000000 1.000000000
831.163186073 693.692956913 311.463820485 0.000000000 0.000000000 0.000000000 0.000000000 1.000000000
831.363023758 692.960567777 311.152169418 0.000000000 0.000000000 0.000000000 0.000000000 1.000000000
831.563295126 692.227128476 310.837544307 0.000000000 0.000000000 0.000000000 0.000000000 1.000000000
831.763820648 691.493429817 310.524651828 0.000000000 0.000000000 0.000000000 0.000000000 1.000000000
831.963062525 690.758400354 310.217851486 0.000000000 0.000000000 0.000000000 0.000000000 1.000000000
832.162945271 690.019735786 309.906567070 0.000000000 0.000000000 0.000000000 0.000000000 1.000000000
832.363627195 689.279553113 309.600093812 0.000000000 0.000000000 0.000000000 0.000000000 1.000000000
832.563677788 688.542316573 309.293225531 0.000000000 0.000000000 0.000000000 0.000000000 1.000000000
832.763500690 687.798106512 308.985082688 0.000000000 0.000000000 0.000000000 0.000000000 1.000000000
832.963874340 687.059467677 308.674852017 0.000000000 0.000000000 0.000000000 0.000000000 1.000000000
833.163525581 686.313534780 308.369774790 0.000000000 0.000000000 0.000000000 0.000000000 1.000000000
833.363344908 685.568076053 308.065468799 0.000000000 0.000000000 0.000000000 0.000000000 1.000000000
833.562855005 684.824515006 307.760573745 0.000000000 0.000000000 0.000000000 0.000000000 1.000000000
833.763609171 684.082125893 307.454172065 0.000000000 0.000000000 0.000000000 0.000000000 1.000000000
833.963420153 683.337060533 307.146068785 0.000000000 0.000000000 0.000000000 0.000000000 1.000000000
834.163844347 682.593730640 306.836865224 0.000000000 0.000000000 0.000000000 0.000000000 1.000000000
834.363061666 681.848999558 306.525392973 0.000000000 0.000000000 0.000000000 0.000000000 1.000000000
834.563224077 681.107031224 306.209365658 0.000000000 0.000000000 0.000000000 0.000000000 1.000000000
834.763342142 680.372021803 305.902288606 0.000000000 0.000000000 0.000000000 0.000000000 1.000000000
834.963900805 679.638587972 305.598440836 0.000000000 0.000000000 0.000000000 0.000000000 1.000000000
835.163039207 678.908264758 305.297371716 0.000000000 0.000000000 0.000000000 0.000000000 1.000000000
835.363284826 678.179016188 304.997196831 0.000000000 0.000000000 0.000000000 0.000000000 1.000000000
835.562863588 677.444663947 304.697544450 0.000000000 0.000000000 0.000000000 0.000000000 1.000000000
835.762299538 676.700316144 304.397594002 0.000000000 0.000000000 0.000000000 0.000000000 1.000000000
835.962871552 675.951092130 304.105729354 0.000000000 0.000000000 0.000000000 0.000000000 1.000000000
836.163745642 675.195912512 303.799626269 0.000000000 0.000000000 0.000000000 0.000000000 1.000000000
836.362446070 674.451344342 303.493366129 0.000000000 0.000000000 0.000000000 0.000000000 1.000000000
836.563899755 673.708408996 303.185881599 0.000000000 0.000000000 0.000000000 0.000000000 1.000000000
836.762810469 672.962175887 302.879336678 0.000000000 0.000000000 0.000000000 0.000000000 1.000000000
836.962539196 672.215312360 302.568808530 0.000000000 0.000000000 0.000000000 0.000000000 1.000000000
837.162308931 671.469748054 302.256405196 0.000000000 0.000000000 0.000000000 0.000000000 1.000000000
837.363840818 670.729496920 301.949578179 0.000000000 0.000000000 0.000000000 0.000000000 1.000000000
837.562169552 669.987694358 301.639688912 0.000000000 0.000000000 0.000000000 0.000000000 1.000000000
837.762120962 669.246584031 301.322692400 0.000000000 0.000000000 0.000000000 0.000000000 1.000000000
837.962378740 668.511424327 301.005110648 0.000000000 0.000000000 0.000000000 0.000000000 1.000000000
838.162728548 667.773047810 300.690579652 0.000000000 0.000000000 0.000000000 0.000000000 1.000000000
838.362140417 667.039851683 300.379247629 0.000000000 0.000000000 0.000000000 0.000000000 1.000000000
838.562131882 666.305554248 300.061758975 0.000000000 0.000000000 0.000000000 0.000000000 1.000000000
838.762915134 665.571606754 299.743106990 0.000000000 0.000000000 0.000000000 0.000000000 1.000000000
838.962390900 664.833602147 299.420822247 0.000000000 0.000000000 0.000000000 0.000000000 1.000000000
839.162940025 664.092910869 299.103069789 0.000000000 0.000000000 0.000000000 0.000000000 1.000000000
839.362466812 663.353049010 298.780373254 0.000000000 0.000000000 0.000000000 0.000000000 1.000000000
839.561937332 662.618354685 298.463756883 0.000000000 0.000000000 0.000000000 0.000000000 1.000000000
839.762566328 661.883139264 298.142178867 0.000000000 0.000000000 0.000000000 0.000000000 1.000000000
839.962891817 661.150370792 297.829237125 0.000000000 0.000000000 0.000000000 0.000000000 1.000000000
840.162577629 660.414913930 297.512788927 0.000000000 0.000000000 0.000000000 0.000000000 1.000000000
840.362682343 659.672574658 297.197562061 0.000000000 0.000000000 0.000000000 0.000000000 1.000000000
840.562944889 658.930938115 296.884471173 0.000000000 0.000000000 0.000000000 0.000000000 1.000000000
840.762200594 658.186672056 296.570930856 0.000000000 0.000000000 0.000000000 0.000000000 1.000000000
840.962492943 657.439834371 296.252451197 0.000000000 0.000000000 0.000000000 0.000000000 1.000000000
841.162934065 656.700336502 295.943063165 0.000000000 0.000000000 0.000000000 0.000000000 1.000000000
841.362479448 655.953830310 295.626998549 0.000000000 0.000000000 0.000000000 0.000000000 1.000000000
841.562863350 655.207966648 295.316381586 0.000000000 0.000000000 0.000000000 0.000000000 1.000000000
841.762823582 654.462525042 295.010088238 0.000000000 0.000000000 0.000000000 0.000000000 1.000000000
841.962180376 653.725592473 294.703557977 0.000000000 0.000000000 0.000000000 0.000000000 1.000000000
842.161864996 652.987691817 294.396801268 0.000000000 0.000000000 0.000000000 0.000000000 1.000000000
842.362299204 652.248725119 294.094032274 0.000000000 0.000000000 0.000000000 0.000000000 1.000000000
842.562576294 651.511003775 293.788699511 0.000000000 0.000000000 0.000000000 0.000000000 1.000000000
842.762616158 650.769856563 293.482072756 0.000000000 0.000000000 0.000000000 0.000000000 1.000000000
842.961828947 650.025755555 293.169547223 0.000000000 0.000000000 0.000000000 0.000000000 1.000000000
843.162359953 649.288687185 292.867786791 0.000000000 0.000000000 0.000000000 0.000000000 1.000000000
843.362377644 648.547255437 292.553705647 0.000000000 0.000000000 0.000000000 0.000000000 1.000000000
843.561896801 647.805755669 292.245934394 0.000000000 0.000000000 0.000000000 0.000000000 1.000000000
843.762244225 647.061875367 291.927903960 0.000000000 0.000000000 0.000000000 0.000000000 1.000000000
843.962157965 646.321469079 291.619518396 0.000000000 0.000000000 0.000000000 0.000000000 1.000000000
844.162157536 645.590815610 291.307481673 0.000000000 0.000000000 0.000000000 0.000000000 1.000000000
844.362727642 644.859788030 290.998366060 0.000000000 0.000000000 0.000000000 0.000000000 1.000000000
844.562849998 644.130106312 290.684680842 0.000000000 0.000000000 0.000000000 0.000000000 1.000000000
844.762741327 643.404362452 290.376871909 0.000000000 0.000000000 0.000000000 0.000000000 1.000000000
844.962517262 642.676314966 290.070683252 0.000000000 0.000000000 0.000000000 0.000000000 1.000000000
845.162420511 641.950246922 289.765256052 0.000000000 0.000000000 0.000000000 0.000000000 1.000000000
845.361854792 641.221429788 289.458648128 0.000000000 0.000000000 0.000000000 0.000000000 1.000000000
845.562665939 640.489480347 289.146911980 0.000000000 0.000000000 0.000000000 0.000000000 1.000000000
845.762680054 639.758250276 288.835874354 0.000000000 0.000000000 0.000000000 0.000000000 1.000000000
845.961976528 639.023644660 288.525724130 0.000000000 0.000000000 0.000000000 0.000000000 1.000000000
846.162747622 638.286833367 288.214879381 0.000000000 0.000000000 0.000000000 0.000000000 1.000000000
846.361724377 637.548935213 287.908305655 0.000000000 0.000000000 0.000000000 0.000000000 1.000000000
846.562480927 636.814377590 287.598333839 0.000000000 0.000000000 0.000000000 0.000000000 1.000000000
846.761990309 636.077386661 287.284602507 0.000000000 0.000000000 0.000000000 0.000000000 1.000000000
846.962452412 635.343617328 286.972777943 0.000000000 0.000000000 0.000000000 0.000000000 1.000000000
847.162401199 634.605411107 286.659379500 0.000000000 0.000000000 0.000000000 0.000000000 1.000000000
847.362695694 633.866962149 286.349565169 0.000000000 0.000000000 0.000000000 0.000000000 1.000000000
847.562427998 633.126454764 286.040903167 0.000000000 0.000000000 0.000000000 0.000000000 1.000000000
847.762736320 632.387920238 285.729842778 0.000000000 0.000000000 0.000000000 0.000000000 1.000000000
847.962793589 631.647740205 285.419460072 0.000000000 0.000000000 0.000000000 0.000000000 1.000000000
848.161958933 630.912878213 285.105768984 0.000000000 0.000000000 0.000000000 0.000000000 1.000000000
848.361717939 630.170977665 284.793066423 0.000000000 0.000000000 0.000000000 0.000000000 1.000000000
848.562727690 629.436710670 284.482191320 0.000000000 0.000000000 0.000000000 0.000000000 1.000000000
848.762616873 628.698743966 284.170782656 0.000000000 0.000000000 0.000000000 0.000000000 1.000000000
848.962417126 627.966960876 283.856285389 0.000000000 0.000000000 0.000000000 0.000000000 1.000000000
849.162490129 627.238314675 283.546301242 0.000000000 0.000000000 0.000000000 0.000000000 1.000000000
849.362892866 626.504620999 283.233581259 0.000000000 0.000000000 0.000000000 0.000000000 1.000000000
849.562739611 625.774822724 282.920314739 0.000000000 0.000000000 0.000000000 0.000000000 1.000000000
849.762690544 625.042614019 282.605355979 0.000000000 0.000000000 0.000000000 0.000000000 1.000000000
849.962828636 624.310188833 282.292761687 0.000000000 0.000000000 0.000000000 0.000000000 1.000000000
850.162521362 623.577935238 281.983662237 0.000000000 0.000000000 0.000000000 0.000000000 1.000000000
850.362674952 622.841986770 281.675069841 0.000000000 0.000000000 0.000000000 0.000000000 1.000000000
850.562227726 622.104775311 281.360547784 0.000000000 0.000000000 0.000000000 0.000000000 1.000000000
850.762171268 621.368879893 281.050116191 0.000000000 0.000000000 0.000000000 0.000000000 1.000000000
850.962366343 620.631347458 280.744082890 0.000000000 0.000000000 0.000000000 0.000000000 1.000000000
851.161751986 619.898464838 280.441575253 0.000000000 0.000000000 0.000000000 0.000000000 1.000000000
851.361878157 619.163731585 280.134572292 0.000000000 0.000000000 0.000000000 0.000000000 1.000000000
851.562027931 618.426867681 279.826845210 0.000000000 0.000000000 0.000000000 0.000000000 1.000000000
851.761963129 617.691410621 279.519444050 0.000000000 0.000000000 0.000000000 0.000000000 1.000000000
851.962123632 616.958848775 279.213874515 0.000000000 0.000000000 0.000000000 0.000000000 1.000000000
852.162134886 616.219210060 278.901131574 0.000000000 0.000000000 0.000000000 0.000000000 1.000000000
852.362236500 615.482873553 278.591624427 0.000000000 0.000000000 0.000000000 0.000000000 1.000000000
852.562568426 614.746325916 278.279568524 0.000000000 0.000000000 0.000000000 0.000000000 1.000000000
852.761689663 614.008914835 277.969252014 0.000000000 0.000000000 0.000000000 0.000000000 1.000000000
852.962210894 613.273467472 277.655875906 0.000000000 0.000000000 0.000000000 0.000000000 1.000000000
853.161694765 612.537964322 277.345445605 0.000000000 0.000000000 0.000000000 0.000000000 1.000000000
853.362494469 611.799877153 277.032708650 0.000000000 0.000000000 0.000000000 0.000000000 1.000000000
853.561598539 611.062877137 276.722052528 0.000000000 0.000000000 0.000000000 0.000000000 1.000000000
853.762055635 610.322727823 276.415886552 0.000000000 0.000000000 0.000000000 0.000000000 1.000000000
853.961786747 609.583947069 276.108443394 0.000000000 0.000000000 0.000000000 0.000000000 1.000000000
854.162315607 608.843113938 275.798795783 0.000000000 0.000000000 0.000000000 0.000000000 1.000000000
854.362289667 608.094199194 275.488302954 0.000000000 0.000000000 0.000000000 0.000000000 1.000000000
854.561772823 607.348260775 275.181274064 0.000000000 0.000000000 0.000000000 0.000000000 1.000000000
854.761872053 606.606008195 274.867361554 0.000000000 0.000000000 0.000000000 0.000000000 1.000000000
854.961979151 605.867456233 274.560786959 0.000000000 0.000000000 0.000000000 0.000000000 1.000000000
855.162133932 605.122407905 274.247088629 0.000000000 0.000000000 0.000000000 0.000000000 1.000000000
855.361680269 604.380765392 273.936312472 0.000000000 0.000000000 0.000000000 0.000000000 1.000000000
855.561851740 603.642168144 273.623627482 0.000000000 0.000000000 0.000000000 0.000000000 1.000000000
855.762557030 602.900195949 273.313048363 0.000000000 0.000000000 0.000000000 0.000000000 1.000000000
855.962190390 602.160148975 273.000061702 0.000000000 0.000000000 0.000000000 0.000000000 1.000000000
856.162634611 601.421488452 272.685157191 0.000000000 0.000000000 0.000000000 0.000000000 1.000000000
856.362470388 600.681355475 272.376475881 0.000000000 0.000000000 0.000000000 0.000000000 1.000000000
856.562626600 599.937478309 272.064934057 0.000000000 0.000000000 0.000000000 0.000000000 1.000000000
856.762284756 599.196164528 271.747018408 0.000000000 0.000000000 0.000000000 0.000000000 1.000000000
856.962624550 598.460942577 271.432588697 0.000000000 0.000000000 0.000000000 0.000000000 1.000000000
857.161698580 597.719571293 271.121078658 0.000000000 0.000000000 0.000000000 0.000000000 1.000000000
857.362663031 596.979091615 270.801643123 0.000000000 0.000000000 0.000000000 0.000000000 1.000000000
857.562311649 596.239790024 270.483331339 0.000000000 0.000000000 0.000000000 0.000000000 1.000000000
857.762050152 595.500883574 270.163171122 0.000000000 0.000000000 0.000000000 0.000000000 1.000000000
857.962234259 594.762395229 269.845175658 0.000000000 0.000000000 0.000000000 0.000000000 1.000000000
858.161866665 594.024014739 269.526917752 0.000000000 0.000000000 0.000000000 0.000000000 1.000000000
858.362383127 593.285806894 269.204952952 0.000000000 0.000000000 0.000000000 0.000000000 1.000000000
858.562712908 592.549363516 268.892453375 0.000000000 0.000000000 0.000000000 0.000000000 1.000000000
858.762453318 591.811269227 268.582386946 0.000000000 0.000000000 0.000000000 0.000000000 1.000000000
858.961713314 591.078093263 268.275420154 0.000000000 0.000000000 0.000000000 0.000000000 1.000000000
859.162621260 590.344539875 267.971895674 0.000000000 0.000000000 0.000000000 0.000000000 1.000000000
859.361884356 589.610046895 267.671363181 0.000000000 0.000000000 0.000000000 0.000000000 1.000000000
859.562547207 588.876914645 267.370965736 0.000000000 0.000000000 0.000000000 0.000000000 1.000000000
859.762706757 588.140014266 267.067782118 0.000000000 0.000000000 0.000000000 0.000000000 1.000000000
859.962231398 587.406101858 266.757374827 0.000000000 0.000000000 0.000000000 0.000000000 1.000000000
860.161884069 586.670609068 266.451005008 0.000000000 0.000000000 0.000000000 0.000000000 1.000000000
860.362480879 585.938877827 266.143005084 0.000000000 0.000000000 0.000000000 0.000000000 1.000000000
860.562155247 585.208324152 265.837333623 0.000000000 0.000000000 0.000000000 0.000000000 1.000000000
860.761902094 584.478563298 265.530558689 0.000000000 0.000000000 0.000000000 0.000000000 1.000000000
860.962484837 583.751496109 265.230435537 0.000000000 0.000000000 0.000000000 0.000000000 1.000000000
861.162196875 583.020653801 264.928875938 0.000000000 0.000000000 0.000000000 0.000000000 1.000000000
861.361790895 582.284390886 264.624118714 0.000000000 0.000000000 0.000000000 0.000000000 1.000000000
861.562090874 581.546028076 264.314035476 0.000000000 0.000000000 0.000000000 0.000000000 1.000000000
861.761868000 580.808214474 264.009608349 0.000000000 0.000000000 0.000000000 0.000000000 1.000000000
861.961795568 580.061066596 263.707820998 0.000000000 0.000000000 0.000000000 0.000000000 1.000000000
862.162501335 579.319528399 263.408219738 0.000000000 0.000000000 0.000000000 0.000000000 1.000000000
862.361687422 578.573327444 263.099632656 0.000000000 0.000000000 0.000000000 0.000000000 1.000000000
862.562367916 577.832775868 262.792434465 0.000000000 0.000000000 0.000000000 0.000000000 1.000000000
862.762022495 577.095627026 262.488032787 0.000000000 0.000000000 0.000000000 0.000000000 1.000000000
862.961658955 576.362880659 262.174554102 0.000000000 0.000000000 0.000000000 0.000000000 1.000000000
863.162583351 575.628934984 261.860337450 0.000000000 0.000000000 0.000000000 0.000000000 1.000000000
863.362458229 574.891869932 261.548207909 0.000000000 0.000000000 0.000000000 0.000000000 1.000000000
863.562621832 574.151460670 261.232677238 0.000000000 0.000000000 0.000000000 0.000000000 1.000000000
863.762794495 573.406713946 260.915847754 0.000000000 0.000000000 0.000000000 0.000000000 1.000000000
863.961912394 572.665136618 260.593643086 0.000000000 0.000000000 0.000000000 0.000000000 1.000000000
864.161804438 571.923004064 260.279981880 0.000000000 0.000000000 0.000000000 0.000000000 1.000000000
864.361995935 571.183846065 259.965917675 0.000000000 0.000000000 0.000000000 0.000000000 1.000000000
864.561273336 570.440865220 259.651009875 0.000000000 0.000000000 0.000000000 0.000000000 1.000000000
864.760868788 569.697481475 259.338033859 0.000000000 0.000000000 0.000000000 0.000000000 1.000000000
864.961842299 568.954091877 259.023189221 0.000000000 0.000000000 0.000000000 0.000000000 1.000000000
865.161076784 568.206890560 258.712512101 0.000000000 0.000000000 0.000000000 0.000000000 1.000000000
865.361647606 567.463790844 258.405413796 0.000000000 0.000000000 0.000000000 0.000000000 1.000000000
865.561353683 566.717642372 258.089153493 0.000000000 0.000000000 0.000000000 0.000000000 1.000000000
865.760948420 565.971634624 257.778958267 0.000000000 0.000000000 0.000000000 0.000000000 1.000000000
865.961781979 565.224114811 257.461812123 0.000000000 0.000000000 0.000000000 0.000000000 1.000000000
866.161400080 564.482882361 257.148921260 0.000000000 0.000000000 0.000000000 0.000000000 1.000000000
866.360795259 563.749548306 256.834599581 0.000000000 0.000000000 0.000000000 0.000000000 1.000000000
866.560686827 563.017893501 256.514722337 0.000000000 0.000000000 0.000000000 0.000000000 1.000000000
866.760819197 562.296640438 256.203285105 0.000000000 0.000000000 0.000000000 0.000000000 1.000000000
866.960936069 561.576203479 255.891308511 0.000000000 0.000000000 0.000000000 0.000000000 1.000000000
867.161511183 560.861196007 255.583007089 0.000000000 0.000000000 0.000000000 0.000000000 1.000000000
867.361630440 560.143450818 255.269123075 0.000000000 0.000000000 0.000000000 0.000000000 1.000000000
867.561427832 559.425835644 254.958070964 0.000000000 0.000000000 0.000000000 0.000000000 1.000000000
867.761598825 558.706365536 254.644140889 0.000000000 0.000000000 0.000000000 0.000000000 1.000000000
867.961204767 557.986720969 254.330453045 0.000000000 0.000000000 0.000000000 0.000000000 1.000000000
868.161049128 557.263675597 254.013063582 0.000000000 0.000000000 0.000000000 0.000000000 1.000000000
868.360875607 556.544604096 253.702627293 0.000000000 0.000000000 0.000000000 0.000000000 1.000000000
868.561306477 555.819496229 253.391643777 0.000000000 0.000000000 0.000000000 0.000000000 1.000000000
868.760765553 555.094949466 253.080648017 0.000000000 0.000000000 0.000000000 0.000000000 1.000000000
868.961231947 554.364111768 252.771016121 0.000000000 0.000000000 0.000000000 0.000000000 1.000000000
869.161046743 553.628689977 252.460976576 0.000000000 0.000000000 0.000000000 0.000000000 1.000000000
869.361458063 552.896001793 252.152765045 0.000000000 0.000000000 0.000000000 0.000000000 1.000000000
869.561655521 552.163405510 251.848762398 0.000000000 0.000000000 0.000000000 0.000000000 1.000000000
869.761150122 551.425360901 251.544606430 0.000000000 0.000000000 0.000000000 0.000000000 1.000000000
869.961082935 550.684427722 251.238835532 0.000000000 0.000000000 0.000000000 0.000000000 1.000000000
870.161009550 549.936734438 250.935189938 0.000000000 0.000000000 0.000000000 0.000000000 1.000000000
870.361348867 549.197963007 250.630172116 0.000000000 0.000000000 0.000000000 0.000000000 1.000000000
870.561284542 548.458779857 250.323501431 0.000000000 0.000000000 0.000000000 0.000000000 1.000000000
870.761160851 547.721233692 250.016623625 0.000000000 0.000000000 0.000000000 0.000000000 1.000000000
870.961358070 546.978026884 249.707206164 0.000000000 0.000000000 0.000000000 0.000000000 1.000000000
871.161068916 546.236774187 249.398200215 0.000000000 0.000000000 0.000000000 0.000000000 1.000000000
871.361663580 545.493940925 249.087186214 0.000000000 0.000000000 0.000000000 0.000000000 1.000000000
871.561004877 544.745632959 248.771288830 0.000000000 0.000000000 0.000000000 0.000000000 1.000000000
871.761372328 544.005281344 248.458782769 0.000000000 0.000000000 0.000000000 0.000000000 1.000000000
871.961216450 543.261708799 248.142983599 0.000000000 0.000000000 0.000000000 0.000000000 1.000000000
872.161232471 542.520640798 247.826284979 0.000000000 0.000000000 0.000000000 0.000000000 1.000000000
872.361282587 541.781669018 247.518981962 0.000000000 0.000000000 0.000000000 0.000000000 1.000000000
872.561111927 541.041244285 247.206533531 0.000000000 0.000000000 0.000000000 0.000000000 1.000000000
872.760985374 540.306618698 246.895317302 0.000000000 0.000000000 0.000000000 0.000000000 1.000000000
872.961261988 539.570295937 246.577938600 0.000000000 0.000000000 0.000000000 0.000000000 1.000000000
873.161208630 538.833969644 246.271103538 0.000000000 0.000000000 0.000000000 0.000000000 1.000000000
873.361270905 538.099488082 245.963658662 0.000000000 0.000000000 0.000000000 0.000000000 1.000000000
873.561327457 537.365456048 245.660167255 0.000000000 0.000000000 0.000000000 0.000000000 1.000000000
873.761062145 536.631888804 245.353054419 0.000000000 0.000000000 0.000000000 0.000000000 1.000000000
873.961341858 535.895001334 245.039849482 0.000000000 0.000000000 0.000000000 0.000000000 1.000000000
874.161412239 535.160191695 244.725324406 0.000000000 0.000000000 0.000000000 0.000000000 1.000000000
874.360825539 534.423193707 244.422635650 0.000000000 0.000000000 0.000000000 0.000000000 1.000000000
874.560603142 533.691114019 244.123190658 0.000000000 0.000000000 0.000000000 0.000000000 1.000000000
874.760482073 532.957198070 243.817945397 0.000000000 0.000000000 0.000000000 0.000000000 1.000000000
874.961476803 532.217465114 243.510898669 0.000000000 0.000000000 0.000000000 0.000000000 1.000000000
875.161476135 531.483942722 243.206871564 0.000000000 0.000000000 0.000000000 0.000000000 1.000000000
875.360690355 530.743119794 242.896745465 0.000000000 0.000000000 0.000000000 0.000000000 1.000000000
875.561223745 530.003572312 242.589104341 0.000000000 0.000000000 0.000000000 0.000000000 1.000000000
875.760688782 529.262474453 242.279105472 0.000000000 0.000000000 0.000000000 0.000000000 1.000000000
875.960603714 528.517516646 241.967335775 0.000000000 0.000000000 0.000000000 0.000000000 1.000000000
876.161023617 527.771142166 241.655872614 0.000000000 0.000000000 0.000000000 0.000000000 1.000000000
876.361157417 527.022524067 241.345759185 0.000000000 0.000000000 0.000000000 0.000000000 1.000000000
876.560717344 526.276256400 241.038267625 0.000000000 0.000000000 0.000000000 0.000000000 1.000000000
876.760961294 525.527677291 240.715352311 0.000000000 0.000000000 0.000000000 0.000000000 1.000000000
876.961089134 524.781234995 240.399030764 0.000000000 0.000000000 0.000000000 0.000000000 1.000000000
877.161350250 524.032523808 240.087709888 0.000000000 0.000000000 0.000000000 0.000000000 1.000000000
877.360926390 523.290537240 239.776496691 0.000000000 0.000000000 0.000000000 0.000000000 1.000000000
877.561478138 522.553715841 239.465846356 0.000000000 0.000000000 0.000000000 0.000000000 1.000000000
877.761431932 521.811651262 239.157574250 0.000000000 0.000000000 0.000000000 0.000000000 1.000000000
877.961545944 521.061581892 238.851799360 0.000000000 0.000000000 0.000000000 0.000000000 1.000000000
878.160874367 520.303963014 238.547815254 0.000000000 0.000000000 0.000000000 0.000000000 1.000000000
878.361130476 519.550817210 238.238260147 0.000000000 0.000000000 0.000000000 0.000000000 1.000000000
878.561382771 518.797118600 237.941601613 0.000000000 0.000000000 0.000000000 0.000000000 1.000000000
878.761396408 518.042918879 237.641816257 0.000000000 0.000000000 0.000000000 0.000000000 1.000000000
878.960542440 517.292663182 237.343325715 0.000000000 0.000000000 0.000000000 0.000000000 1.000000000
879.160763741 516.542215192 237.042673036 0.000000000 0.000000000 0.000000000 0.000000000 1.000000000
879.361356497 515.797477317 236.736664419 0.000000000 0.000000000 0.000000000 0.000000000 1.000000000
879.561529636 515.052064829 236.433124043 0.000000000 0.000000000 0.000000000 0.000000000 1.000000000
879.760738373 514.315837461 236.123368979 0.000000000 0.000000000 0.000000000 0.000000000 1.000000000
879.961209297 513.579736833 235.810770898 0.000000000 0.000000000 0.000000000 0.000000000 1.000000000
880.161211252 512.848155663 235.502232560 0.000000000 0.000000000 0.000000000 0.000000000 1.000000000
880.361227274 512.112542528 235.182030616 0.000000000 0.000000000 0.000000000 0.000000000 1.000000000
880.560878515 511.387436812 234.856712694 0.000000000 0.000000000 0.000000000 0.000000000 1.000000000
880.760656834 510.652418770 234.535225404 0.000000000 0.000000000 0.000000000 0.000000000 1.000000000
880.960571527 509.920602121 234.219148505 0.000000000 0.000000000 0.000000000 0.000000000 1.000000000
881.161173820 509.191399751 233.898986775 0.000000000 0.000000000 0.000000000 0.000000000 1.000000000
881.361237526 508.460465009 233.579085234 0.000000000 0.000000000 0.000000000 0.000000000 1.000000000
881.561049461 507.726264499 233.262976398 0.000000000 0.000000000 0.000000000 0.000000000 1.000000000
881.760915279 506.992012970 232.946491297 0.000000000 0.000000000 0.000000000 0.000000000 1.000000000
881.960931540 506.257097462 232.634959179 0.000000000 0.000000000 0.000000000 0.000000000 1.000000000
882.160426617 505.524718816 232.327719376 0.000000000 0.000000000 0.000000000 0.000000000 1.000000000
882.361151934 504.791107621 232.016511076 0.000000000 0.000000000 0.000000000 0.000000000 1.000000000
882.561419249 504.058754234 231.704177086 0.000000000 0.000000000 0.000000000 0.000000000 1.000000000
882.761088133 503.324240980 231.387009540 0.000000000 0.000000000 0.000000000 0.000000000 1.000000000
882.961410522 502.590151599 231.076418840 0.000000000 0.000000000 0.000000000 0.000000000 1.000000000
883.160900831 501.851596170 230.764184444 0.000000000 0.000000000 0.000000000 0.000000000 1.000000000
883.360893011 501.114451148 230.454438400 0.000000000 0.000000000 0.000000000 0.000000000 1.000000000
883.560882330 500.380138003 230.142112881 0.000000000 0.000000000 0.000000000 0.000000000 1.000000000
883.760544062 499.645588319 229.831654982 0.000000000 0.000000000 0.000000000 0.000000000 1.000000000
883.961413622 498.916315602 229.517131211 0.000000000 0.000000000 0.000000000 0.000000000 1.000000000
884.160654783 498.185383109 229.197772806 0.000000000 0.000000000 0.000000000 0.000000000 1.000000000
884.361206532 497.453793978 228.888474778 0.000000000 0.000000000 0.000000000 0.000000000 1.000000000
884.561459780 496.724593915 228.576651813 0.000000000 0.000000000 0.000000000 0.000000000 1.000000000
884.760611296 495.989531722 228.263216852 0.000000000 0.000000000 0.000000000 0.000000000 1.000000000
884.960371733 495.252186911 227.950552211 0.000000000 0.000000000 0.000000000 0.000000000 1.000000000
885.161387682 494.511418151 227.639095417 0.000000000 0.000000000 0.000000000 0.000000000 1.000000000
885.361208439 493.775467100 227.331207465 0.000000000 0.000000000 0.000000000 0.000000000 1.000000000
885.561470509 493.035338812 227.019772055 0.000000000 0.000000000 0.000000000 0.000000000 1.000000000
885.760720730 492.297315459 226.709369375 0.000000000 0.000000000 0.000000000 0.000000000 1.000000000
885.960759401 491.555673105 226.398922499 0.000000000 0.000000000 0.000000000 0.000000000 1.000000000
886.160933256 490.818392563 226.087254548 0.000000000 0.000000000 0.000000000 0.000000000 1.000000000
886.360415697 490.081621531 225.779564080 0.000000000 0.000000000 0.000000000 0.000000000 1.000000000
886.561012506 489.342379489 225.475266787 0.000000000 0.000000000 0.000000000 0.000000000 1.000000000
886.761270523 488.604152462 225.170669042 0.000000000 0.000000000 0.000000000 0.000000000 1.000000000
886.960724354 487.864030921 224.862986440 0.000000000 0.000000000 0.000000000 0.000000000 1.000000000
887.160863638 487.130395617 224.552654088 0.000000000 0.000000000 0.000000000 0.000000000 1.000000000
887.360530138 486.393204087 224.243753632 0.000000000 0.000000000 0.000000000 0.000000000 1.000000000
887.560666323 485.652610854 223.934304222 0.000000000 0.000000000 0.000000000 0.000000000 1.000000000
887.761351585 484.911975184 223.623813314 0.000000000 0.000000000 0.000000000 0.000000000 1.000000000
887.960485697 484.173211252 223.310649780 0.000000000 0.000000000 0.000000000 0.000000000 1.000000000
888.161290884 483.434749253 222.997378505 0.000000000 0.000000000 0.000000000 0.000000000 1.000000000
888.361137629 482.694366789 222.681309804 0.000000000 0.000000000 0.000000000 0.000000000 1.000000000
888.561407089 481.964199187 222.364385200 0.000000000 0.000000000 0.000000000 0.000000000 1.000000000
888.761156082 481.232896605 222.047152985 0.000000000 0.000000000 0.000000000 0.000000000 1.000000000
888.960919619 480.499166221 221.734509964 0.000000000 0.000000000 0.000000000 0.000000000 1.000000000
889.160679340 479.765094223 221.412574207 0.000000000 0.000000000 0.000000000 0.000000000 1.000000000
889.360775232 479.029602617 221.094125560 0.000000000 0.000000000 0.000000000 0.000000000 1.000000000
889.560829878 478.294459739 220.779705794 0.000000000 0.000000000 0.000000000 0.000000000 1.000000000
889.760872126 477.562014997 220.465289443 0.000000000 0.000000000 0.000000000 0.000000000 1.000000000
889.961012363 476.825271816 220.151670017 0.000000000 0.000000000 0.000000000 0.000000000 1.000000000
890.160944462 476.091502547 219.848744144 0.000000000 0.000000000 0.000000000 0.000000000 1.000000000
890.361279011 475.348805303 219.537137879 0.000000000 0.000000000 0.000000000 0.000000000 1.000000000
890.561503887 474.608473488 219.227931856 0.000000000 0.000000000 0.000000000 0.000000000 1.000000000
890.760787249 473.872346917 218.915123036 0.000000000 0.000000000 0.000000000 0.000000000 1.000000000
890.961361647 473.138329522 218.604106747 0.000000000 0.000000000 0.000000000 0.000000000 1.000000000
891.159952879 472.405340611 218.294840964 0.000000000 0.000000000 0.000000000 0.000000000 1.000000000
891.361022949 471.671285933 217.984700224 0.000000000 0.000000000 0.000000000 0.000000000 1.000000000
891.560863256 470.935434023 217.666331749 0.000000000 0.000000000 0.000000000 0.000000000 1.000000000
891.761132717 470.200843900 217.353060713 0.000000000 0.000000000 0.000000000 0.000000000 1.000000000
891.959550858 469.461103687 217.029646186 0.000000000 0.000000000 0.000000000 0.000000000 1.000000000
892.160155535 468.722571443 216.705676535 0.000000000 0.000000000 0.000000000 0.000000000 1.000000000
892.360122919 467.979741810 216.384216965 0.000000000 0.000000000 0.000000000 0.000000000 1.000000000
892.560734510 467.237188626 216.058880077 0.000000000 0.000000000 0.000000000 0.000000000 1.000000000
892.760446548 466.495240355 215.741477008 0.000000000 0.000000000 0.000000000 0.000000000 1.000000000
892.960276365 465.751513310 215.430514156 0.000000000 0.000000000 0.000000000 0.000000000 1.000000000
893.160324335 465.006356408 215.121910836 0.000000000 0.000000000 0.000000000 0.000000000 1.000000000
893.359497786 464.264814668 214.813857856 0.000000000 0.000000000 0.000000000 0.000000000 1.000000000
893.560140133 463.519893231 214.508579637 0.000000000 0.000000000 0.000000000 0.000000000 1.000000000
893.760198355 462.776639818 214.203877702 0.000000000 0.000000000 0.000000000 0.000000000 1.000000000
893.959774971 462.033278510 213.895039232 0.000000000 0.000000000 0.000000000 0.000000000 1.000000000
894.160135269 461.289071596 213.588850664 0.000000000 0.000000000 0.000000000 0.000000000 1.000000000
894.360318422 460.546705724 213.277558210 0.000000000 0.000000000 0.000000000 0.000000000 1.000000000
894.560331345 459.805835508 212.973259676 0.000000000 0.000000000 0.000000000 0.000000000 1.000000000
894.760471582 459.067420642 212.671450030 0.000000000 0.000000000 0.000000000 0.000000000 1.000000000
894.959983587 458.328298426 212.362749626 0.000000000 0.000000000 0.000000000 0.000000000 1.000000000
895.159464359 457.588911063 212.050324798 0.000000000 0.000000000 0.000000000 0.000000000 1.000000000
895.359857321 456.851977855 211.742480650 0.000000000 0.000000000 0.000000000 0.000000000 1.000000000
895.560320377 456.113019808 211.434041528 0.000000000 0.000000000 0.000000000 0.000000000 1.000000000
895.760363579 455.381826563 211.128811744 0.000000000 0.000000000 0.000000000 0.000000000 1.000000000
895.960471153 454.641180165 210.823229407 0.000000000 0.000000000 0.000000000 0.000000000 1.000000000
896.160359144 453.909622954 210.514743433 0.000000000 0.000000000 0.000000000 0.000000000 1.000000000
896.360296488 453.179349912 210.214903708 0.000000000 0.000000000 0.000000000 0.000000000 1.000000000
896.559936762 452.446424765 209.909151983 0.000000000 0.000000000 0.000000000 0.000000000 1.000000000
896.760069370 451.719098768 209.607691932 0.000000000 0.000000000 0.000000000 0.000000000 1.000000000
896.960264444 450.989611810 209.305185058 0.000000000 0.000000000 0.000000000 0.000000000 1.000000000
897.159598112 450.256969667 208.999712680 0.000000000 0.000000000 0.000000000 0.000000000 1.000000000
897.359457970 449.527528380 208.693273627 0.000000000 0.000000000 0.000000000 0.000000000 1.000000000
897.559503317 448.788227815 208.383354947 0.000000000 0.000000000 0.000000000 0.000000000 1.000000000
897.759628773 448.056847117 208.072726379 0.000000000 0.000000000 0.000000000 0.000000000 1.000000000
897.959612370 447.327141340 207.762481062 0.000000000 0.000000000 0.000000000 0.000000000 1.000000000
898.159668922 446.594132939 207.455504566 0.000000000 0.000000000 0.000000000 0.000000000 1.000000000
898.359489202 445.863095811 207.145237566 0.000000000 0.000000000 0.000000000 0.000000000 1.000000000
898.559705734 445.126631997 206.839422626 0.000000000 0.000000000 0.000000000 0.000000000 1.000000000
898.759645939 444.392026800 206.530143628 0.000000000 0.000000000 0.000000000 0.000000000 1.000000000
898.960362673 443.655152363 206.220386107 0.000000000 0.000000000 0.000000000 0.000000000 1.000000000
899.159724951 442.915995955 205.915228323 0.000000000 0.000000000 0.000000000 0.000000000 1.000000000
899.360367537 442.180487496 205.604068767 0.000000000 0.000000000 0.000000000 0.000000000 1.000000000
899.559485674 441.443441494 205.300765742 0.000000000 0.000000000 0.000000000 0.000000000 1.000000000
899.759907484 440.703375180 204.989529409 0.000000000 0.000000000 0.000000000 0.000000000 1.000000000
899.959829807 439.967149332 204.686352775 0.000000000 0.000000000 0.000000000 0.000000000 1.000000000
900.160061121 439.227677653 204.376182075 0.000000000 0.000000000 0.000000000 0.000000000 1.000000000
900.360228300 438.491810785 204.066690611 0.000000000 0.000000000 0.000000000 0.000000000 1.000000000
900.560388327 437.754521257 203.758899249 0.000000000 0.000000000 0.000000000 0.000000000 1.000000000
900.759644508 437.015942106 203.454011383 0.000000000 0.000000000 0.000000000 0.000000000 1.000000000
900.960232496 436.273326280 203.149594649 0.000000000 0.000000000 0.000000000 0.000000000 1.000000000
901.159986496 435.532157220 202.840606948 0.000000000 0.000000000 0.000000000 0.000000000 1.000000000
901.359529972 434.794179701 202.532912628 0.000000000 0.000000000 0.000000000 0.000000000 1.000000000
901.560349941 434.052814089 202.223300832 0.000000000 0.000000000 0.000000000 0.000000000 1.000000000
901.759916544 433.315245727 201.914079826 0.000000000 0.000000000 0.000000000 0.000000000 1.000000000
901.959853172 432.573754091 201.604596036 0.000000000 0.000000000 0.000000000 0.000000000 1.000000000
902.159640074 431.834191528 201.288488784 0.000000000 0.000000000 0.000000000 0.000000000 1.000000000
902.359807253 431.089761864 200.973918304 0.000000000 0.000000000 0.000000000 0.000000000 1.000000000
902.559807539 430.349657518 200.658872331 0.000000000 0.000000000 0.000000000 0.000000000 1.000000000
902.759763718 429.609895869 200.346888886 0.000000000 0.000000000 0.000000000 0.000000000 1.000000000
902.960250139 428.873003759 200.030468937 0.000000000 0.000000000 0.000000000 0.000000000 1.000000000
903.160233021 428.133155122 199.716598179 0.000000000 0.000000000 0.000000000 0.000000000 1.000000000
903.359612226 427.394335671 199.397826053 0.000000000 0.000000000 0.000000000 0.000000000 1.000000000
903.559978008 426.658706014 199.082121913 0.000000000 0.000000000 0.000000000 0.000000000 1.000000000
903.759423733 425.924988563 198.770678218 0.000000000 0.000000000 0.000000000 0.000000000 1.000000000
903.960305214 425.190057379 198.461610191 0.000000000 0.000000000 0.000000000 0.000000000 1.000000000
904.159606457 424.452741937 198.146653255 0.000000000 0.000000000 0.000000000 0.000000000 1.000000000
904.359586954 423.716008345 197.837084323 0.000000000 0.000000000 0.000000000 0.000000000 1.000000000
904.559952021 422.975397190 197.528309343 0.000000000 0.000000000 0.000000000 0.000000000 1.000000000
904.760004044 422.241626448 197.220393445 0.000000000 0.000000000 0.000000000 0.000000000 1.000000000
904.959458113 421.509789692 196.904827994 0.000000000 0.000000000 0.000000000 0.000000000 1.000000000
905.160233021 420.773925341 196.594000581 0.000000000 0.000000000 0.000000000 0.000000000 1.000000000
905.359719276 420.035938952 196.281045210 0.000000000 0.000000000 0.000000000 0.000000000 1.000000000
905.560346127 419.301061580 195.971721292 0.000000000 0.000000000 0.000000000 0.000000000 1.000000000
905.759461403 418.563405988 195.653837619 0.000000000 0.000000000 0.000000000 0.000000000 1.000000000
905.959514141 417.826969826 195.340295453 0.000000000 0.000000000 0.000000000 0.000000000 1.000000000
906.159752846 417.089700776 195.026874105 0.000000000 0.000000000 0.000000000 0.000000000 1.000000000
906.359516144 416.346935824 194.711701564 0.000000000 0.000000000 0.000000000 0.000000000 1.000000000
906.560043335 415.606827106 194.396647611 0.000000000 0.000000000 0.000000000 0.000000000 1.000000000
906.760332108 414.868239313 194.085447235 0.000000000 0.000000000 0.000000000 0.000000000 1.000000000
906.959487200 414.126793564 193.770452552 0.000000000 0.000000000 0.000000000 0.000000000 1.000000000
907.159520388 413.389981486 193.460911260 0.000000000 0.000000000 0.000000000 0.000000000 1.000000000
907.360407591 412.650130368 193.150787627 0.000000000 0.000000000 0.000000000 0.000000000 1.000000000
907.559664726 411.908216295 192.843617842 0.000000000 0.000000000 0.000000000 0.000000000 1.000000000
907.759456873 411.168884077 192.539339147 0.000000000 0.000000000 0.000000000 0.000000000 1.000000000
907.960004807 410.430432942 192.229961037 0.000000000 0.000000000 0.000000000 0.000000000 1.000000000
908.160034418 409.693280581 191.922737897 0.000000000 0.000000000 0.000000000 0.000000000 1.000000000
908.359889030 408.956275432 191.612730507 0.000000000 0.000000000 0.000000000 0.000000000 1.000000000
908.559621334 408.224125344 191.303550435 0.000000000 0.000000000 0.000000000 0.000000000 1.000000000
908.759853125 407.489773052 190.994056976 0.000000000 0.000000000 0.000000000 0.000000000 1.000000000
908.959490776 406.754071470 190.686670624 0.000000000 0.000000000 0.000000000 0.000000000 1.000000000
909.160035133 406.021046689 190.373874245 0.000000000 0.000000000 0.000000000 0.000000000 1.000000000
909.360364437 405.286368659 190.067465329 0.000000000 0.000000000 0.000000000 0.000000000 1.000000000
909.560197353 404.553598462 189.765090302 0.000000000 0.000000000 0.000000000 0.000000000 1.000000000
909.760110140 403.814241428 189.464157315 0.000000000 0.000000000 0.000000000 0.000000000 1.000000000
909.959973335 403.079098817 189.157543901 0.000000000 0.000000000 0.000000000 0.000000000 1.000000000
910.160159826 402.343360786 188.855152072 0.000000000 0.000000000 0.000000000 0.000000000 1.000000000
910.359445333 401.605172688 188.549704185 0.000000000 0.000000000 0.000000000 0.000000000 1.000000000
910.560149193 400.865842822 188.247600609 0.000000000 0.000000000 0.000000000 0.000000000 1.000000000
910.760013580 400.128948797 187.938843925 0.000000000 0.000000000 0.000000000 0.000000000 1.000000000
910.960222483 399.393797492 187.637515863 0.000000000 0.000000000 0.000000000 0.000000000 1.000000000
911.160161972 398.655824360 187.340332796 0.000000000 0.000000000 0.000000000 0.000000000 1.000000000
911.360191345 397.919393675 187.035298278 0.000000000 0.000000000 0.000000000 0.000000000 1.000000000
911.559633732 397.184070652 186.728297949 0.000000000 0.000000000 0.000000000 0.000000000 1.000000000
911.759741306 396.450043382 186.413774553 0.000000000 0.000000000 0.000000000 0.000000000 1.000000000
911.959349871 395.720850183 186.093814208 0.000000000 0.000000000 0.000000000 0.000000000 1.000000000
912.159655571 394.985393894 185.780439053 0.000000000 0.000000000 0.000000000 0.000000000 1.000000000
912.359534025 394.244524479 185.462025190 0.000000000 0.000000000 0.000000000 0.000000000 1.000000000
912.559271336 393.503418927 185.149331152 0.000000000 0.000000000 0.000000000 0.000000000 1.000000000
912.759468794 392.762351193 184.833324382 0.000000000 0.000000000 0.000000000 0.000000000 1.000000000
912.959837675 392.022744187 184.521092613 0.000000000 0.000000000 0.000000000 0.000000000 1.000000000
913.159240484 391.288634168 184.212759153 0.000000000 0.000000000 0.000000000 0.000000000 1.000000000
913.360095739 390.552518224 183.910180844 0.000000000 0.000000000 0.000000000 0.000000000 1.000000000
913.560162544 389.815121420 183.602880530 0.000000000 0.000000000 0.000000000 0.000000000 1.000000000
913.759569645 389.077543417 183.293442962 0.000000000 0.000000000 0.000000000 0.000000000 1.000000000
913.959406137 388.336831041 182.970908020 0.000000000 0.000000000 0.000000000 0.000000000 1.000000000
914.159517050 387.600716033 182.657571026 0.000000000 0.000000000 0.000000000 0.000000000 1.000000000
914.359840870 386.862462625 182.349381876 0.000000000 0.000000000 0.000000000 0.000000000 1.000000000
914.559815168 386.125566034 182.041528831 0.000000000 0.000000000 0.000000000 0.000000000 1.000000000
914.759232521 385.390709075 181.729032908 0.000000000 0.000000000 0.000000000 0.000000000 1.000000000
914.960250854 384.654862807 181.420375817 0.000000000 0.000000000 0.000000000 0.000000000 1.000000000
915.159437418 383.925011301 181.113657365 0.000000000 0.000000000 0.000000000 0.000000000 1.000000000
915.360088110 383.197550329 180.809761841 0.000000000 0.000000000 0.000000000 0.000000000 1.000000000
915.559809923 382.465530443 180.501695191 0.000000000 0.000000000 0.000000000 0.000000000 1.000000000
915.760184050 381.734340859 180.194785993 0.000000000 0.000000000 0.000000000 0.000000000 1.000000000
915.959808588 381.005911941 179.879996390 0.000000000 0.000000000 0.000000000 0.000000000 1.000000000
916.159837246 380.281647259 179.560402332 0.000000000 0.000000000 0.000000000 0.000000000 1.000000000
916.359192610 379.548662317 179.240840459 0.000000000 0.000000000 0.000000000 0.000000000 1.000000000
916.560084105 378.816993633 178.919946823 0.000000000 0.000000000 0.000000000 0.000000000 1.000000000
916.759915352 378.083662396 178.600203515 0.000000000 0.000000000 0.000000000 0.000000000 1.000000000
916.960253716 377.359695992 178.277163108 0.000000000 0.000000000 0.000000000 0.000000000 1.000000000
917.159290552 376.636012292 177.949301950 0.000000000 0.000000000 0.000000000 0.000000000 1.000000000
917.359978437 375.912741866 177.630387221 0.000000000 0.000000000 0.000000000 0.000000000 1.000000000
917.560001135 375.184173398 177.316099311 0.000000000 0.000000000 0.000000000 0.000000000 1.000000000
917.760297060 374.457810764 176.995766584 0.000000000 0.000000000 0.000000000 0.000000000 1.000000000
917.959590435 373.730660690 176.683530711 0.000000000 0.000000000 0.000000000 0.000000000 1.000000000
918.159393311 372.996947651 176.364710712 0.000000000 0.000000000 0.000000000 0.000000000 1.000000000
918.359430075 372.261029340 176.054127687 0.000000000 0.000000000 0.000000000 0.000000000 1.000000000
918.559225321 371.521872434 175.740792293 0.000000000 0.000000000 0.000000000 0.000000000 1.000000000
918.759938717 370.774216988 175.429719501 0.000000000 0.000000000 0.000000000 0.000000000 1.000000000
918.959273338 370.025707532 175.118161918 0.000000000 0.000000000 0.000000000 0.000000000 1.000000000
919.159633636 369.274161140 174.807982036 0.000000000 0.000000000 0.000000000 0.000000000 1.000000000
919.359978437 368.525327801 174.499272145 0.000000000 0.000000000 0.000000000 0.000000000 1.000000000
919.558962107 367.778816414 174.185344487 0.000000000 0.000000000 0.000000000 0.000000000 1.000000000
919.759163618 367.026198280 173.868986486 0.000000000 0.000000000 0.000000000 0.000000000 1.000000000
919.959692001 366.278178389 173.553922690 0.000000000 0.000000000 0.000000000 0.000000000 1.000000000
920.158796549 365.536503677 173.245492146 0.000000000 0.000000000 0.000000000 0.000000000 1.000000000
920.358369350 364.793864758 172.937976373 0.000000000 0.000000000 0.000000000 0.000000000 1.000000000
920.558628082 364.051531046 172.632965049 0.000000000 0.000000000 0.000000000 0.000000000 1.000000000
920.759938717 363.310486908 172.328064655 0.000000000 0.000000000 0.000000000 0.000000000 1.000000000
920.958412647 362.565946941 172.022278935 0.000000000 0.000000000 0.000000000 0.000000000 1.000000000
921.159295797 361.821612266 171.714744124 0.000000000 0.000000000 0.000000000 0.000000000 1.000000000
921.358646393 361.076729984 171.400782115 0.000000000 0.000000000 0.000000000 0.000000000 1.000000000
921.558948755 360.336731296 171.086204300 0.000000000 0.000000000 0.000000000 0.000000000 1.000000000
921.759212494 359.594459282 170.775952981 0.000000000 0.000000000 0.000000000 0.000000000 1.000000000
921.958951712 358.859521317 170.465289805 0.000000000 0.000000000 0.000000000 0.000000000 1.000000000
922.158529282 358.120182330 170.148168457 0.000000000 0.000000000 0.000000000 0.000000000 1.000000000
922.358661413 357.380954621 169.835488551 0.000000000 0.000000000 0.000000000 0.000000000 1.000000000
922.558704376 356.638869345 169.524201072 0.000000000 0.000000000 0.000000000 0.000000000 1.000000000
922.758815289 355.895899997 169.208435507 0.000000000 0.000000000 0.000000000 0.000000000 1.000000000
922.958768129 355.156881352 168.899045812 0.000000000 0.000000000 0.000000000 0.000000000 1.000000000
923.159186363 354.423243551 168.587549717 0.000000000 0.000000000 0.000000000 0.000000000 1.000000000
923.358911991 353.690127882 168.271922885 0.000000000 0.000000000 0.000000000 0.000000000 1.000000000
923.558705091 352.954020641 167.964295254 0.000000000 0.000000000 0.000000000 0.000000000 1.000000000
923.758846998 352.210081677 167.655023661 0.000000000 0.000000000 0.000000000 0.000000000 1.000000000
923.958365679 351.467865299 167.349556591 0.000000000 0.000000000 0.000000000 0.000000000 1.000000000
924.158463955 350.718790595 167.044172326 0.000000000 0.000000000 0.000000000 0.000000000 1.000000000
924.358904839 349.972770614 166.735526717 0.000000000 0.000000000 0.000000000 0.000000000 1.000000000
924.559054852 349.225349476 166.422366482 0.000000000 0.000000000 0.000000000 0.000000000 1.000000000
924.758483887 348.480365884 166.111608697 0.000000000 0.000000000 0.000000000 0.000000000 1.000000000
924.959153652 347.731281373 165.805814202 0.000000000 0.000000000 0.000000000 0.000000000 1.000000000
925.159079313 346.979698992 165.502922317 0.000000000 0.000000000 0.000000000 0.000000000 1.000000000
925.359210491 346.224586016 165.192050356 0.000000000 0.000000000 0.000000000 0.000000000 1.000000000
925.558773279 345.469621899 164.887980114 0.000000000 0.000000000 0.000000000 0.000000000 1.000000000
925.758789539 344.720650713 164.577412373 0.000000000 0.000000000 0.000000000 0.000000000 1.000000000
925.959107637 343.980784381 164.263414064 0.000000000 0.000000000 0.000000000 0.000000000 1.000000000
926.158715725 343.238399793 163.953917403 0.000000000 0.000000000 0.000000000 0.000000000 1.000000000
926.358243942 342.500625680 163.645899191 0.000000000 0.000000000 0.000000000 0.000000000 1.000000000
926.558418274 341.763322568 163.337844196 0.000000000 0.000000000 0.000000000 0.000000000 1.000000000
926.758783102 341.027271072 163.028177575 0.000000000 0.000000000 0.000000000 0.000000000 1.000000000
926.958699226 340.294288693 162.721254779 0.000000000 0.000000000 0.000000000 0.000000000 1.000000000
927.159288883 339.561800339 162.417558934 0.000000000 0.000000000 0.000000000 0.000000000 1.000000000
927.358191967 338.825460457 162.106749781 0.000000000 0.000000000 0.000000000 0.000000000 1.000000000
927.558948755 338.095030369 161.803704339 0.000000000 0.000000000 0.000000000 0.000000000 1.000000000
927.758377552 337.367955577 161.497494033 0.000000000 0.000000000 0.000000000 0.000000000 1.000000000
927.958920479 336.640857710 161.189654541 0.000000000 0.000000000 0.000000000 0.000000000 1.000000000
928.158493996 335.910513102 160.878908866 0.000000000 0.000000000 0.000000000 0.000000000 1.000000000
928.358378649 335.183482430 160.571477250 0.000000000 0.000000000 0.000000000 0.000000000 1.000000000
928.559107304 334.456732688 160.266066419 0.000000000 0.000000000 0.000000000 0.000000000 1.000000000
928.759121656 333.727822141 159.958204269 0.000000000 0.000000000 0.000000000 0.000000000 1.000000000
928.958899736 332.993228680 159.652451703 0.000000000 0.000000000 0.000000000 0.000000000 1.000000000
929.158256292 332.259841687 159.338301769 0.000000000 0.000000000 0.000000000 0.000000000 1.000000000
929.359080076 331.521605175 159.029708938 0.000000000 0.000000000 0.000000000 0.000000000 1.000000000
929.558630228 330.785539059 158.727483666 0.000000000 0.000000000 0.000000000 0.000000000 1.000000000
929.758800030 330.049960599 158.426351830 0.000000000 0.000000000 0.000000000 0.000000000 1.000000000
929.958206892 329.317333525 158.126267786 0.000000000 0.000000000 0.000000000 0.000000000 1.000000000
930.158824921 328.579477958 157.812118533 0.000000000 0.000000000 0.000000000 0.000000000 1.000000000
930.359066010 327.846090043 157.493244166 0.000000000 0.000000000 0.000000000 0.000000000 1.000000000
930.558430433 327.109212127 157.176083235 0.000000000 0.000000000 0.000000000 0.000000000 1.000000000
930.758321047 326.377285016 156.865209998 0.000000000 0.000000000 0.000000000 0.000000000 1.000000000
930.958078861 325.645079862 156.550809246 0.000000000 0.000000000 0.000000000 0.000000000 1.000000000
931.158805847 324.915661456 156.239133131 0.000000000 0.000000000 0.000000000 0.000000000 1.000000000
931.358409643 324.188389745 155.924488143 0.000000000 0.000000000 0.000000000 0.000000000 1.000000000
931.558156729 323.463725711 155.613181867 0.000000000 0.000000000 0.000000000 0.000000000 1.000000000
931.758172750 322.737398799 155.305866699 0.000000000 0.000000000 0.000000000 0.000000000 1.000000000
931.958891153 322.003764079 155.003968278 0.000000000 0.000000000 0.000000000 0.000000000 1.000000000
932.159058094 321.261179357 154.699426670 0.000000000 0.000000000 0.000000000 0.000000000 1.000000000
932.358438969 320.519977988 154.391378420 0.000000000 0.000000000 0.000000000 0.000000000 1.000000000
932.558587313 319.779270111 154.079831180 0.000000000 0.000000000 0.000000000 0.000000000 1.000000000
932.759170055 319.037659629 153.775007074 0.000000000 0.000000000 0.000000000 0.000000000 1.000000000
932.958230495 318.293653260 153.470393396 0.000000000 0.000000000 0.000000000 0.000000000 1.000000000
933.158792496 317.548831071 153.160075396 0.000000000 0.000000000 0.000000000 0.000000000 1.000000000
933.359120846 316.810789894 152.852550856 0.000000000 0.000000000 0.000000000 0.000000000 1.000000000
933.558684349 316.074196434 152.549287047 0.000000000 0.000000000 0.000000000 0.000000000 1.000000000
933.758793592 315.334324857 152.241635531 0.000000000 0.000000000 0.000000000 0.000000000 1.000000000
933.959147930 314.596784021 151.938377663 0.000000000 0.000000000 0.000000000 0.000000000 1.000000000
934.158331633 313.859769361 151.633367431 0.000000000 0.000000000 0.000000000 0.000000000 1.000000000
934.358956575 313.120479412 151.323216995 0.000000000 0.000000000 0.000000000 0.000000000 1.000000000
934.559098721 312.384533342 151.015733059 0.000000000 0.000000000 0.000000000 0.000000000 1.000000000
934.759036303 311.646750422 150.709835452 0.000000000 0.000000000 0.000000000 0.000000000 1.000000000
934.958556890 310.907936814 150.396882285 0.000000000 0.000000000 0.000000000 0.000000000 1.000000000
935.158933878 310.164285413 150.090163730 0.000000000 0.000000000 0.000000000 0.000000000 1.000000000
935.359000683 309.420742559 149.775795514 0.000000000 0.000000000 0.000000000 0.000000000 1.000000000
935.558423519 308.677065841 149.455776145 0.000000000 0.000000000 0.000000000 0.000000000 1.000000000
935.758151531 307.936259413 149.141868152 0.000000000 0.000000000 0.000000000 0.000000000 1.000000000
935.958323002 307.192666399 148.821621793 0.000000000 0.000000000 0.000000000 0.000000000 1.000000000
936.158998728 306.460536711 148.504039382 0.000000000 0.000000000 0.000000000 0.000000000 1.000000000
936.358827353 305.724533789 148.187098321 0.000000000 0.000000000 0.000000000 0.000000000 1.000000000
936.558500767 304.987649292 147.869862200 0.000000000 0.000000000 0.000000000 0.000000000 1.000000000
936.758179665 304.249732343 147.545539134 0.000000000 0.000000000 0.000000000 0.000000000 1.000000000
936.958688021 303.511835747 147.229576265 0.000000000 0.000000000 0.000000000 0.000000000 1.000000000
937.158633709 302.773987029 146.916575754 0.000000000 0.000000000 0.000000000 0.000000000 1.000000000
937.358056545 302.032042361 146.602233831 0.000000000 0.000000000 0.000000000 0.000000000 1.000000000
937.559085369 301.290902776 146.281851623 0.000000000 0.000000000 0.000000000 0.000000000 1.000000000
937.758924007 300.550562339 145.962496825 0.000000000 0.000000000 0.000000000 0.000000000 1.000000000
937.958413363 299.800213314 145.643186584 0.000000000 0.000000000 0.000000000 0.000000000 1.000000000
938.159125566 299.055249582 145.327179390 0.000000000 0.000000000 0.000000000 0.000000000 1.000000000
938.359052896 298.312383153 145.018551944 0.000000000 0.000000000 0.000000000 0.000000000 1.000000000
938.558786154 297.571129521 144.707378311 0.000000000 0.000000000 0.000000000 0.000000000 1.000000000
938.759012461 296.827460243 144.395372177 0.000000000 0.000000000 0.000000000 0.000000000 1.000000000
938.958240747 296.087454658 144.078408442 0.000000000 0.000000000 0.000000000 0.000000000 1.000000000
939.158254385 295.350944707 143.762469893 0.000000000 0.000000000 0.000000000 0.000000000 1.000000000
939.359166384 294.618527467 143.448551767 0.000000000 0.000000000 0.000000000 0.000000000 1.000000000
939.558479309 293.892689783 143.137622750 0.000000000 0.000000000 0.000000000 0.000000000 1.000000000
939.758988619 293.164866934 142.830829323 0.000000000 0.000000000 0.000000000 0.000000000 1.000000000
939.958855152 292.438573310 142.523838351 0.000000000 0.000000000 0.000000000 0.000000000 1.000000000
940.158621788 291.713925597 142.213051226 0.000000000 0.000000000 0.000000000 0.000000000 1.000000000
940.358808041 290.983102930 141.909837636 0.000000000 0.000000000 0.000000000 0.000000000 1.000000000
940.558074236 290.255509550 141.601872188 0.000000000 0.000000000 0.000000000 0.000000000 1.000000000
940.758873701 289.522823995 141.296695179 0.000000000 0.000000000 0.000000000 0.000000000 1.000000000
940.958960533 288.792175837 140.992127039 0.000000000 0.000000000 0.000000000 0.000000000 1.000000000
941.158076763 288.060095914 140.691022327 0.000000000 0.000000000 0.000000000 0.000000000 1.000000000
941.358536959 287.329017457 140.385241534 0.000000000 0.000000000 0.000000000 0.000000000 1.000000000
941.559069157 286.598048852 140.084287320 0.000000000 0.000000000 0.000000000 0.000000000 1.000000000
941.758350372 285.865959669 139.779408908 0.000000000 0.000000000 0.000000000 0.000000000 1.000000000
941.958568811 285.128324597 139.475614282 0.000000000 0.000000000 0.000000000 0.000000000 1.000000000
942.158616066 284.396025151 139.171308135 0.000000000 0.000000000 0.000000000 0.000000000 1.000000000
942.358172894 283.660260312 138.866326194 0.000000000 0.000000000 0.000000000 0.000000000 1.000000000
942.558608294 282.926793716 138.558079033 0.000000000 0.000000000 0.000000000 0.000000000 1.000000000
942.758131742 282.192121218 138.249623755 0.000000000 0.000000000 0.000000000 0.000000000 1.000000000
942.958231926 281.457010682 137.946565644 0.000000000 0.000000000 0.000000000 0.000000000 1.000000000
943.158057690 280.717936187 137.638943415 0.000000000 0.000000000 0.000000000 0.000000000 1.000000000
943.358766794 279.983090377 137.333899442 0.000000000 0.000000000 0.000000000 0.000000000 1.000000000
943.558021307 279.246830679 137.022776543 0.000000000 0.000000000 0.000000000 0.000000000 1.000000000
943.758865118 278.512091520 136.711857544 0.000000000 0.000000000 0.000000000 0.000000000 1.000000000
943.958250761 277.779790728 136.397746842 0.000000000 0.000000000 0.000000000 0.000000000 1.000000000
944.158838511 277.047186038 136.083316932 0.000000000 0.000000000 0.000000000 0.000000000 1.000000000
944.358482361 276.317168682 135.765100462 0.000000000 0.000000000 0.000000000 0.000000000 1.000000000
944.558736324 275.586835537 135.449493995 0.000000000 0.000000000 0.000000000 0.000000000 1.000000000
944.758306026 274.855469086 135.131848775 0.000000000 0.000000000 0.000000000 0.000000000 1.000000000
944.958860397 274.121896222 134.813372028 0.000000000 0.000000000 0.000000000 0.000000000 1.000000000
945.158896923 273.388940125 134.496086632 0.000000000 0.000000000 0.000000000 0.000000000 1.000000000
945.358458519 272.648447667 134.181824906 0.000000000 0.000000000 0.000000000 0.000000000 1.000000000
945.558925390 271.907565656 133.867897582 0.000000000 0.000000000 0.000000000 0.000000000 1.000000000
945.757940531 271.173310822 133.556355302 0.000000000 0.000000000 0.000000000 0.000000000 1.000000000
945.958364248 270.443838559 133.252986493 0.000000000 0.000000000 0.000000000 0.000000000 1.000000000
946.158009529 269.710768218 132.950928818 0.000000000 0.000000000 0.000000000 0.000000000 1.000000000
946.357854843 268.974274070 132.651264615 0.000000000 0.000000000 0.000000000 0.000000000 1.000000000
946.558740854 268.238497218 132.348141025 0.000000000 0.000000000 0.000000000 0.000000000 1.000000000
946.758073568 267.497015095 132.042684793 0.000000000 0.000000000 0.000000000 0.000000000 1.000000000
946.958646536 266.756484241 131.730874945 0.000000000 0.000000000 0.000000000 0.000000000 1.000000000
947.158938169 266.013197721 131.418609731 0.000000000 0.000000000 0.000000000 0.000000000 1.000000000
947.358535290 265.272087377 131.102222667 0.000000000 0.000000000 0.000000000 0.000000000 1.000000000
947.557543039 264.528069994 130.781574420 0.000000000 0.000000000 0.000000000 0.000000000 1.000000000
947.758656740 263.783670016 130.463853694 0.000000000 0.000000000 0.000000000 0.000000000 1.000000000
947.958885670 263.037776391 130.147677928 0.000000000 0.000000000 0.000000000 0.000000000 1.000000000
948.157971621 262.293296476 129.822181679 0.000000000 0.000000000 0.000000000 0.000000000 1.000000000
948.357373953 261.548164269 129.506730736 0.000000000 0.000000000 0.000000000 0.000000000 1.000000000
948.557045221 260.806491545 129.187084468 0.000000000 0.000000000 0.000000000 0.000000000 1.000000000
948.757552862 260.064249552 128.870057736 0.000000000 0.000000000 0.000000000 0.000000000 1.000000000
948.957691669 259.324044092 128.559113306 0.000000000 0.000000000 0.000000000 0.000000000 1.000000000
949.157537937 258.585297224 128.241500648 0.000000000 0.000000000 0.000000000 0.000000000 1.000000000
949.357529163 257.850676326 127.930745937 0.000000000 0.000000000 0.000000000 0.000000000 1.000000000
949.557624102 257.117316626 127.618795135 0.000000000 0.000000000 0.000000000 0.000000000 1.000000000
949.757646322 256.383470629 127.310372312 0.000000000 0.000000000 0.000000000 0.000000000 1.000000000
949.957738400 255.651754567 127.002709176 0.000000000 0.000000000 0.000000000 0.000000000 1.000000000
950.157074213 254.914112048 126.695608285 0.000000000 0.000000000 0.000000000 0.000000000 1.000000000
950.357111931 254.176287709 126.387487440 0.000000000 0.000000000 0.000000000 0.000000000 1.000000000
950.557578087 253.437457863 126.080248420 0.000000000 0.000000000 0.000000000 0.000000000 1.000000000
950.757072210 252.695172142 125.770222248 0.000000000 0.000000000 0.000000000 0.000000000 1.000000000
950.957423925 251.953686180 125.456459321 0.000000000 0.000000000 0.000000000 0.000000000 1.000000000
951.157540083 251.214282519 125.151205980 0.000000000 0.000000000 0.000000000 0.000000000 1.000000000
951.357680321 250.474271483 124.847693474 0.000000000 0.000000000 0.000000000 0.000000000 1.000000000
951.557335615 249.732908878 124.536328614 0.000000000 0.000000000 0.000000000 0.000000000 1.000000000
951.757751703 248.997117650 124.223975122 0.000000000 0.000000000 0.000000000 0.000000000 1.000000000
951.957340956 248.262923361 123.916074204 0.000000000 0.000000000 0.000000000 0.000000000 1.000000000
952.157278538 247.523979390 123.608831348 0.000000000 0.000000000 0.000000000 0.000000000 1.000000000
952.357202291 246.789336593 123.300987273 0.000000000 0.000000000 0.000000000 0.000000000 1.000000000
952.557835340 246.054177397 122.995332349 0.000000000 0.000000000 0.000000000 0.000000000 1.000000000
952.757669449 245.309829454 122.683700707 0.000000000 0.000000000 0.000000000 0.000000000 1.000000000
952.957380295 244.568870849 122.374991891 0.000000000 0.000000000 0.000000000 0.000000000 1.000000000
953.157262087 243.827449023 122.064241630 0.000000000 0.000000000 0.000000000 0.000000000 1.000000000
953.357046127 243.086068917 121.754978315 0.000000000 0.000000000 0.000000000 0.000000000 1.000000000
953.557501793 242.343595531 121.446961699 0.000000000 0.000000000 0.000000000 0.000000000 1.000000000
953.757745028 241.602145701 121.131511443 0.000000000 0.000000000 0.000000000 0.000000000 1.000000000
953.958003998 240.856678879 120.820662601 0.000000000 0.000000000 0.000000000 0.000000000 1.000000000
954.157459021 240.116928272 120.505106607 0.000000000 0.000000000 0.000000000 0.000000000 1.000000000
954.357662439 239.378864377 120.194539254 0.000000000 0.000000000 0.000000000 0.000000000 1.000000000
954.557271242 238.642304072 119.885414469 0.000000000 0.000000000 0.000000000 0.000000000 1.000000000
954.757875681 237.903431633 119.577208495 0.000000000 0.000000000 0.000000000 0.000000000 1.000000000
954.957230806 237.166743679 119.271437284 0.000000000 0.000000000 0.000000000 0.000000000 1.000000000
955.157799244 236.424987001 118.964987118 0.000000000 0.000000000 0.000000000 0.000000000 1.000000000
955.357167244 235.685161958 118.651980493 0.000000000 0.000000000 0.000000000 0.000000000 1.000000000
955.557115555 234.947937545 118.341926581 0.000000000 0.000000000 0.000000000 0.000000000 1.000000000
955.757190228 234.208115104 118.030440218 0.000000000 0.000000000 0.000000000 0.000000000 1.000000000
955.956951141 233.471420634 117.718482712 0.000000000 0.000000000 0.000000000 0.000000000 1.000000000
956.157248735 232.735220031 117.411739801 0.000000000 0.000000000 0.000000000 0.000000000 1.000000000
956.357412338 232.004198780 117.100309713 0.000000000 0.000000000 0.000000000 0.000000000 1.000000000
956.557286263 231.270621575 116.792649144 0.000000000 0.000000000 0.000000000 0.000000000 1.000000000
956.757773638 230.537979953 116.479657811 0.000000000 0.000000000 0.000000000 0.000000000 1.000000000
956.957666636 229.805152930 116.172380007 0.000000000 0.000000000 0.000000000 0.000000000 1.000000000
957.157888651 229.077102656 115.857778927 0.000000000 0.000000000 0.000000000 0.000000000 1.000000000
957.357031584 228.344173195 115.551113432 0.000000000 0.000000000 0.000000000 0.000000000 1.000000000
957.557677984 227.612117385 115.241965625 0.000000000 0.000000000 0.000000000 0.000000000 1.000000000
957.757306814 226.883229969 114.933395796 0.000000000 0.000000000 0.000000000 0.000000000 1.000000000
957.957609177 226.149096810 114.621103919 0.000000000 0.000000000 0.000000000 0.000000000 1.000000000
958.157202482 225.417999917 114.313845129 0.000000000 0.000000000 0.000000000 0.000000000 1.000000000
958.357724428 224.681080533 114.007007358 0.000000000 0.000000000 0.000000000 0.000000000 1.000000000
958.557189703 223.946896502 113.701617677 0.000000000 0.000000000 0.000000000 0.000000000 1.000000000
958.757869959 223.209049909 113.394555599 0.000000000 0.000000000 0.000000000 0.000000000 1.000000000
958.957395077 222.467745074 113.085642248 0.000000000 0.000000000 0.000000000 0.000000000 1.000000000
959.157359123 221.727849251 112.779693836 0.000000000 0.000000000 0.000000000 0.000000000 1.000000000
959.357497931 220.991353829 112.466893340 0.000000000 0.000000000 0.000000000 0.000000000 1.000000000
959.557116985 220.253131666 112.159757141 0.000000000 0.000000000 0.000000000 0.000000000 1.000000000
959.757109880 219.518687027 111.856672762 0.000000000 0.000000000 0.000000000 0.000000000 1.000000000
959.957571507 218.779877018 111.547145247 0.000000000 0.000000000 0.000000000 0.000000000 1.000000000
960.157719374 218.041897303 111.237948179 0.000000000 0.000000000 0.000000000 0.000000000 1.000000000
960.357144833 217.301892455 110.932226553 0.000000000 0.000000000 0.000000000 0.000000000 1.000000000
960.557165384 216.563300388 110.617700845 0.000000000 0.000000000 0.000000000 0.000000000 1.000000000
960.756991625 215.830404944 110.308868546 0.000000000 0.000000000 0.000000000 0.000000000 1.000000000
960.957844496 215.095115119 109.999833574 0.000000000 0.000000000 0.000000000 0.000000000 1.000000000
961.157388687 214.357436156 109.697380839 0.000000000 0.000000000 0.000000000 0.000000000 1.000000000
961.357784748 213.615381509 109.383641629 0.000000000 0.000000000 0.000000000 0.000000000 1.000000000
961.557524920 212.876644795 109.075485395 0.000000000 0.000000000 0.000000000 0.000000000 1.000000000
961.757307529 212.140356473 108.764336497 0.000000000 0.000000000 0.000000000 0.000000000 1.000000000
961.957554340 211.401247795 108.452031407 0.000000000 0.000000000 0.000000000 0.000000000 1.000000000
962.156852007 210.666068795 108.141260312 0.000000000 0.000000000 0.000000000 0.000000000 1.000000000
962.357849360 209.929103875 107.834632320 0.000000000 0.000000000 0.000000000 0.000000000 1.000000000
962.557564735 209.192143238 107.521646060 0.000000000 0.000000000 0.000000000 0.000000000 1.000000000
962.756843567 208.453113557 107.209878102 0.000000000 0.000000000 0.000000000 0.000000000 1.000000000
962.957197428 207.713701108 106.900044541 0.000000000 0.000000000 0.000000000 0.000000000 1.000000000
963.157815456 206.973195094 106.583693394 0.000000000 0.000000000 0.000000000 0.000000000 1.000000000
963.356829166 206.232855031 106.271159235 0.000000000 0.000000000 0.000000000 0.000000000 1.000000000
963.557377338 205.492294589 105.964882589 0.000000000 0.000000000 0.000000000 0.000000000 1.000000000
963.757639647 204.749642249 105.651842605 0.000000000 0.000000000 0.000000000 0.000000000 1.000000000
963.957442522 204.011660494 105.343512642 0.000000000 0.000000000 0.000000000 0.000000000 1.000000000
964.157502413 203.272080450 105.032427135 0.000000000 0.000000000 0.000000000 0.000000000 1.000000000
964.357470512 202.533504884 104.722901516 0.000000000 0.000000000 0.000000000 0.000000000 1.000000000
964.557744980 201.793749199 104.414354092 0.000000000 0.000000000 0.000000000 0.000000000 1.000000000
964.756958008 201.059725897 104.107209279 0.000000000 0.000000000 0.000000000 0.000000000 1.000000000
964.957032442 200.325346338 103.798030629 0.000000000 0.000000000 0.000000000 0.000000000 1.000000000
965.157057524 199.590799664 103.485270210 0.000000000 0.000000000 0.000000000 0.000000000 1.000000000
965.357102871 198.853295998 103.168357423 0.000000000 0.000000000 0.000000000 0.000000000 1.000000000
965.557869673 198.117270326 102.863389254 0.000000000 0.000000000 0.000000000 0.000000000 1.000000000
965.757633686 197.376469138 102.547873554 0.000000000 0.000000000 0.000000000 0.000000000 1.000000000
965.957552910 196.636251338 102.238104751 0.000000000 0.000000000 0.000000000 0.000000000 1.000000000
966.157592058 195.898271831 101.922623387 0.000000000 0.000000000 0.000000000 0.000000000 1.000000000
966.357824802 195.157075955 101.609495846 0.000000000 0.000000000 0.000000000 0.000000000 1.000000000
966.556945086 194.418938108 101.295377783 0.000000000 0.000000000 0.000000000 0.000000000 1.000000000
966.757172108 193.678334566 100.982036296 0.000000000 0.000000000 0.000000000 0.000000000 1.000000000
966.957144022 192.942778807 100.671347722 0.000000000 0.000000000 0.000000000 0.000000000 1.000000000
967.156986475 192.203671033 100.363488682 0.000000000 0.000000000 0.000000000 0.000000000 1.000000000
967.356922150 191.466419907 100.052837032 0.000000000 0.000000000 0.000000000 0.000000000 1.000000000
967.557636261 190.729790419 99.742274925 0.000000000 0.000000000 0.000000000 0.000000000 1.000000000
967.757376909 189.998803611 99.433961018 0.000000000 0.000000000 0.000000000 0.000000000 1.000000000
967.957401752 189.266116094 99.125565976 0.000000000 0.000000000 0.000000000 0.000000000 1.000000000
968.157619238 188.529448905 98.816194191 0.000000000 0.000000000 0.000000000 0.000000000 1.000000000
968.357333183 187.794246545 98.512511871 0.000000000 0.000000000 0.000000000 0.000000000 1.000000000
968.557467937 187.057610808 98.205308140 0.000000000 0.000000000 0.000000000 0.000000000 1.000000000
968.757015944 186.313813525 97.893635613 0.000000000 0.000000000 0.000000000 0.000000000 1.000000000
968.957412958 185.575243466 97.582989405 0.000000000 0.000000000 0.000000000 0.000000000 1.000000000
969.156736135 184.829321401 97.276189913 0.000000000 0.000000000 0.000000000 0.000000000 1.000000000
969.357003927 184.083849790 96.972003058 0.000000000 0.000000000 0.000000000 0.000000000 1.000000000
969.557265759 183.337050271 96.660060685 0.000000000 0.000000000 0.000000000 0.000000000 1.000000000
969.756989002 182.591982208 96.353936446 0.000000000 0.000000000 0.000000000 0.000000000 1.000000000
969.956825733 181.849554281 96.047948760 0.000000000 0.000000000 0.000000000 0.000000000 1.000000000
970.157760859 181.106527375 95.738368746 0.000000000 0.000000000 0.000000000 0.000000000 1.000000000
970.357499599 180.364814315 95.431868044 0.000000000 0.000000000 0.000000000 0.000000000 1.000000000
970.557078600 179.622122495 95.119200025 0.000000000 0.000000000 0.000000000 0.000000000 1.000000000
970.757256985 178.884783614 94.817736668 0.000000000 0.000000000 0.000000000 0.000000000 1.000000000
970.957694054 178.141665775 94.509548062 0.000000000 0.000000000 0.000000000 0.000000000 1.000000000
971.157706499 177.405079004 94.202256593 0.000000000 0.000000000 0.000000000 0.000000000 1.000000000
971.357233524 176.663220052 93.896803721 0.000000000 0.000000000 0.000000000 0.000000000 1.000000000
971.557507515 175.918793655 93.589068163 0.000000000 0.000000000 0.000000000 0.000000000 1.000000000
971.757738829 175.183245525 93.276784511 0.000000000 0.000000000 0.000000000 0.000000000 1.000000000
971.957004547 174.444272414 92.965079640 0.000000000 0.000000000 0.000000000 0.000000000 1.000000000
972.157516956 173.711541359 92.646348296 0.000000000 0.000000000 0.000000000 0.000000000 1.000000000
972.357646942 172.974804535 92.330546809 0.000000000 0.000000000 0.000000000 0.000000000 1.000000000
972.557268381 172.237442806 92.010577234 0.000000000 0.000000000 0.000000000 0.000000000 1.000000000
972.757673740 171.504847383 91.689014167 0.000000000 0.000000000 0.000000000 0.000000000 1.000000000
972.956678391 170.768970885 91.374767320 0.000000000 0.000000000 0.000000000 0.000000000 1.000000000
973.157677412 170.028020959 91.060594190 0.000000000 0.000000000 0.000000000 0.000000000 1.000000000
973.357846498 169.293055568 90.746770343 0.000000000 0.000000000 0.000000000 0.000000000 1.000000000
973.557698727 168.552322525 90.429756135 0.000000000 0.000000000 0.000000000 0.000000000 1.000000000
973.757645130 167.816769093 90.114490166 0.000000000 0.000000000 0.000000000 0.000000000 1.000000000
973.957121134 167.077980880 89.797350476 0.000000000 0.000000000 0.000000000 0.000000000 1.000000000
974.157537937 166.338720907 89.483552562 0.000000000 0.000000000 0.000000000 0.000000000 1.000000000
974.357506514 165.598149584 89.169792521 0.000000000 0.000000000 0.000000000 0.000000000 1.000000000
974.556775331 164.856739341 88.858145107 0.000000000 0.000000000 0.000000000 0.000000000 1.000000000
974.757380486 164.112964838 88.545517249 0.000000000 0.000000000 0.000000000 0.000000000 1.000000000
974.956076622 163.372374923 88.233052240 0.000000000 0.000000000 0.000000000 0.000000000 1.000000000
975.156308889 162.636684209 87.925003907 0.000000000 0.000000000 0.000000000 0.000000000 1.000000000
975.356058836 161.898322722 87.607781250 0.000000000 0.000000000 0.000000000 0.000000000 1.000000000
975.556691885 161.159240523 87.295716165 0.000000000 0.000000000 0.000000000 0.000000000 1.000000000
975.756711245 160.424910156 86.978243715 0.000000000 0.000000000 0.000000000 0.000000000 1.000000000
975.956856489 159.687450374 86.667504833 0.000000000 0.000000000 0.000000000 0.000000000 1.000000000
976.156160593 158.947971194 86.357620500 0.000000000 0.000000000 0.000000000 0.000000000 1.000000000
976.356344700 158.209670167 86.039465752 0.000000000 0.000000000 0.000000000 0.000000000 1.000000000
976.556378365 157.468147991 85.722302695 0.000000000 0.000000000 0.000000000 0.000000000 1.000000000
976.755889654 156.730487551 85.404842130 0.000000000 0.000000000 0.000000000 0.000000000 1.000000000
976.956136942 155.988722638 85.083694248 0.000000000 0.000000000 0.000000000 0.000000000 1.000000000
977.156245232 155.251715772 84.768021978 0.000000000 0.000000000 0.000000000 0.000000000 1.000000000
977.355815649 154.514068970 84.454183285 0.000000000 0.000000000 0.000000000 0.000000000 1.000000000
977.556738138 153.774784892 84.142239240 0.000000000 0.000000000 0.000000000 0.000000000 1.000000000
977.755863667 153.033833046 83.833533124 0.000000000 0.000000000 0.000000000 0.000000000 1.000000000
977.955817938 152.296194862 83.518030546 0.000000000 0.000000000 0.000000000 0.000000000 1.000000000
978.156590462 151.559931005 83.206306051 0.000000000 0.000000000 0.000000000 0.000000000 1.000000000
978.356705189 150.823463481 82.898813139 0.000000000 0.000000000 0.000000000 0.000000000 1.000000000
978.556264877 150.084778918 82.593366466 0.000000000 0.000000000 0.000000000 0.000000000 1.000000000
978.755880356 149.349208593 82.285073362 0.000000000 0.000000000 0.000000000 0.000000000 1.000000000
978.956626415 148.609843962 81.975908431 0.000000000 0.000000000 0.000000000 0.000000000 1.000000000
979.156831264 147.877923635 81.673622619 0.000000000 0.000000000 0.000000000 0.000000000 1.000000000
979.356100798 147.144020166 81.364735104 0.000000000 0.000000000 0.000000000 0.000000000 1.000000000
979.556494951 146.403394851 81.052182087 0.000000000 0.000000000 0.000000000 0.000000000 1.000000000
979.756599665 145.663661174 80.741868713 0.000000000 0.000000000 0.000000000 0.000000000 1.000000000
979.956640720 144.924268016 80.428893683 0.000000000 0.000000000 0.000000000 0.000000000 1.000000000
980.156775713 144.184408147 80.119485999 0.000000000 0.000000000 0.000000000 0.000000000 1.000000000
980.356015682 143.450233218 79.805494999 0.000000000 0.000000000 0.000000000 0.000000000 1.000000000
980.555827856 142.713040535 79.495662296 0.000000000 0.000000000 0.000000000 0.000000000 1.000000000
980.756505251 141.978923716 79.185657449 0.000000000 0.000000000 0.000000000 0.000000000 1.000000000
980.956769943 141.245016441 78.875292201 0.000000000 0.000000000 0.000000000 0.000000000 1.000000000
981.156025171 140.509837255 78.568352600 0.000000000 0.000000000 0.000000000 0.000000000 1.000000000
981.356232405 139.773488454 78.260035058 0.000000000 0.000000000 0.000000000 0.000000000 1.000000000
981.556732178 139.037400595 77.948814336 0.000000000 0.000000000 0.000000000 0.000000000 1.000000000
981.756650448 138.302412672 77.641509349 0.000000000 0.000000000 0.000000000 0.000000000 1.000000000
981.956164837 137.562782001 77.332537620 0.000000000 0.000000000 0.000000000 0.000000000 1.000000000
982.156665325 136.826949529 77.024479206 0.000000000 0.000000000 0.000000000 0.000000000 1.000000000
982.356572866 136.095895537 76.715083739 0.000000000 0.000000000 0.000000000 0.000000000 1.000000000
982.556466103 135.359373694 76.408233314 0.000000000 0.000000000 0.000000000 0.000000000 1.000000000
982.756010532 134.625999604 76.103657915 0.000000000 0.000000000 0.000000000 0.000000000 1.000000000
982.956412077 133.895491234 75.793625870 0.000000000 0.000000000 0.000000000 0.000000000 1.000000000
983.155768633 133.165757977 75.483085227 0.000000000 0.000000000 0.000000000 0.000000000 1.000000000
983.355947733 132.435006140 75.167096744 0.000000000 0.000000000 0.000000000 0.000000000 1.000000000
983.555933952 131.697359916 74.848921774 0.000000000 0.000000000 0.000000000 0.000000000 1.000000000
983.756387711 130.961206955 74.529113949 0.000000000 0.000000000 0.000000000 0.000000000 1.000000000
983.956335306 130.221572481 74.210514870 0.000000000 0.000000000 0.000000000 0.000000000 1.000000000
984.155800104 129.480227125 73.899861885 0.000000000 0.000000000 0.000000000 0.000000000 1.000000000
984.356092453 128.742148603 73.582192214 0.000000000 0.000000000 0.000000000 0.000000000 1.000000000
984.556742907 128.003610987 73.267685668 0.000000000 0.000000000 0.000000000 0.000000000 1.000000000
984.755905151 127.260165759 72.946982852 0.000000000 0.000000000 0.000000000 0.000000000 1.000000000
984.956487656 126.520432243 72.634239186 0.000000000 0.000000000 0.000000000 0.000000000 1.000000000
985.156268358 125.775150556 72.317279773 0.000000000 0.000000000 0.000000000 0.000000000 1.000000000
985.356208086 125.035730582 71.999578760 0.000000000 0.000000000 0.000000000 0.000000000 1.000000000
985.556205750 124.294356797 71.684462232 0.000000000 0.000000000 0.000000000 0.000000000 1.000000000
985.755615950 123.553247021 71.369644981 0.000000000 0.000000000 0.000000000 0.000000000 1.000000000
985.956121922 122.813426507 71.057029664 0.000000000 0.000000000 0.000000000 0.000000000 1.000000000
986.156462908 122.071059079 70.745641574 0.000000000 0.000000000 0.000000000 0.000000000 1.000000000
986.355827808 121.333026951 70.439054646 0.000000000 0.000000000 0.000000000 0.000000000 1.000000000
986.556301594 120.597644853 70.136748061 0.000000000 0.000000000 0.000000000 0.000000000 1.000000000
986.756533146 119.862360344 69.828496474 0.000000000 0.000000000 0.000000000 0.000000000 1.000000000
986.956399202 119.134105196 69.522227727 0.000000000 0.000000000 0.000000000 0.000000000 1.000000000
987.156142950 118.406456530 69.217803928 0.000000000 0.000000000 0.000000000 0.000000000 1.000000000
987.355670452 117.674271476 68.903071742 0.000000000 0.000000000 0.000000000 0.000000000 1.000000000
987.555940390 116.942788363 68.582255297 0.000000000 0.000000000 0.000000000 0.000000000 1.000000000
987.755650043 116.214976406 68.260611268 0.000000000 0.000000000 0.000000000 0.000000000 1.000000000
987.956310749 115.489586276 67.929721549 0.000000000 0.000000000 0.000000000 0.000000000 1.000000000
988.156502008 114.766838426 67.597859418 0.000000000 0.000000000 0.000000000 0.000000000 1.000000000
988.355822325 114.045269621 67.248248626 0.000000000 0.000000000 0.000000000 0.000000000 1.000000000
988.556585789 113.327528489 66.890791424 0.000000000 0.000000000 0.000000000 0.000000000 1.000000000
988.755614519 112.616108300 66.522718031 0.000000000 0.000000000 0.000000000 0.000000000 1.000000000
988.956394672 111.908432261 66.143881985 0.000000000 0.000000000 0.000000000 0.000000000 1.000000000
989.156452179 111.207060903 65.753126749 0.000000000 0.000000000 0.000000000 0.000000000 1.000000000
989.356123686 110.513904640 65.345354490 0.000000000 0.000000000 0.000000000 0.000000000 1.000000000
989.556049585 109.827720350 64.928733862 0.000000000 0.000000000 0.000000000 0.000000000 1.000000000
989.755742788 109.144929388 64.501429418 0.000000000 0.000000000 0.000000000 0.000000000 1.000000000
989.956101656 108.476715039 64.056309497 0.000000000 0.000000000 0.000000000 0.000000000 1.000000000
990.155771732 107.815851015 63.599650562 0.000000000 0.000000000 0.000000000 0.000000000 1.000000000
990.355724573 107.163760150 63.127195170 0.000000000 0.000000000 0.000000000 0.000000000 1.000000000
990.555699110 106.524953457 62.634134894 0.000000000 0.000000000 0.000000000 0.000000000 1.000000000
990.756423235 105.899541165 62.118667716 0.000000000 0.000000000 0.000000000 0.000000000 1.000000000
990.955672026 105.291723909 61.584856563 0.000000000 0.000000000 0.000000000 0.000000000 1.000000000
991.155857563 104.696178169 61.029363088 0.000000000 0.000000000 0.000000000 0.000000000 1.000000000
991.355994225 104.119384880 60.460629019 0.000000000 0.000000000 0.000000000 0.000000000 1.000000000
991.556449175 103.556940894 59.870680609 0.000000000 0.000000000 0.000000000 0.000000000 1.000000000
991.755753756 103.015289963 59.262839012 0.000000000 0.000000000 0.000000000 0.000000000 1.000000000
991.956020355 102.495121703 58.637316185 0.000000000 0.000000000 0.000000000 0.000000000 1.000000000
992.156024933 101.994092748 57.995761557 0.000000000 0.000000000 0.000000000 0.000000000 1.000000000
992.356098413 101.518624865 57.334212504 0.000000000 0.000000000 0.000000000 0.000000000 1.000000000
992.556053162 101.065741367 56.654599221 0.000000000 0.000000000 0.000000000 0.000000000 1.000000000
992.755618572 100.637460181 55.960288367 0.000000000 0.000000000 0.000000000 0.000000000 1.000000000
992.955664873 100.236583900 55.244589727 0.000000000 0.000000000 0.000000000 0.000000000 1.000000000
993.155952454 99.868368691 54.515902068 0.000000000 0.000000000 0.000000000 0.000000000 1.000000000
993.355666399 99.526779642 53.780240051 0.000000000 0.000000000 0.000000000 0.000000000 1.000000000
993.556504011 99.206336898 53.035262859 0.000000000 0.000000000 0.000000000 0.000000000 1.000000000
993.756246328 98.912046800 52.280882287 0.000000000 0.000000000 0.000000000 0.000000000 1.000000000
993.956285954 98.641255716 51.515722231 0.000000000 0.000000000 0.000000000 0.000000000 1.000000000
994.156384468 98.390494919 50.740262162 0.000000000 0.000000000 0.000000000 0.000000000 1.000000000
994.355828524 98.162806925 49.957817794 0.000000000 0.000000000 0.000000000 0.000000000 1.000000000
994.555892944 97.955594578 49.173684441 0.000000000 0.000000000 0.000000000 0.000000000 1.000000000
994.756566048 97.768410106 48.379413662 0.000000000 0.000000000 0.000000000 0.000000000 1.000000000
994.955717564 97.609349736 47.586335665 0.000000000 0.000000000 0.000000000 0.000000000 1.000000000
995.155822754 97.472663329 46.794916740 0.000000000 0.000000000 0.000000000 0.000000000 1.000000000
995.356449604 97.355450607 45.994089132 0.000000000 0.000000000 0.000000000 0.000000000 1.000000000
995.555638552 97.261573884 45.191230031 0.000000000 0.000000000 0.000000000 0.000000000 1.000000000
995.755847931 97.198951724 44.387721092 0.000000000 0.000000000 0.000000000 0.000000000 1.000000000
995.956238508 97.160678014 43.577717360 0.000000000 0.000000000 0.000000000 0.000000000 1.000000000
996.156108141 97.150111215 42.771174612 0.000000000 0.000000000 0.000000000 0.000000000 1.000000000
996.356179237 97.167339155 41.965932424 0.000000000 0.000000000 0.000000000 0.000000000 1.000000000
996.556154728 97.215460753 41.156100762 0.000000000 0.000000000 0.000000000 0.000000000 1.000000000
996.755558014 97.288640474 40.350174824 0.000000000 0.000000000 0.000000000 0.000000000 1.000000000
996.956204891 97.388719377 39.546397918 0.000000000 0.000000000 0.000000000 0.000000000 1.000000000
997.156657696 97.521574573 38.740997001 0.000000000 0.000000000 0.000000000 0.000000000 1.000000000
997.356558323 97.676073547 37.940196234 0.000000000 0.000000000 0.000000000 0.000000000 1.000000000
997.555979729 97.855224591 37.145727376 0.000000000 0.000000000 0.000000000 0.000000000 1.000000000
997.755792141 98.058626477 36.355387207 0.000000000 0.000000000 0.000000000 0.000000000 1.000000000
997.955603123 98.284873458 35.570241602 0.000000000 0.000000000 0.000000000 0.000000000 1.000000000
998.156080008 98.532044475 34.795948727 0.000000000 0.000000000 0.000000000 0.000000000 1.000000000
998.356596470 98.805674830 34.026529676 0.000000000 0.000000000 0.000000000 0.000000000 1.000000000
998.556341171 99.099574947 33.259520598 0.000000000 0.000000000 0.000000000 0.000000000 1.000000000
998.755872011 99.416387173 32.508446556 0.000000000 0.000000000 0.000000000 0.000000000 1.000000000
998.955788136 99.749758377 31.760298543 0.000000000 0.000000000 0.000000000 0.000000000 1.000000000
999.155863285 100.100747326 31.023191763 0.000000000 0.000000000 0.000000000 0.000000000 1.000000000
999.356099367 100.464804167 30.296747933 0.000000000 0.000000000 0.000000000 0.000000000 1.000000000
999.556477308 100.843467574 29.569788854 0.000000000 0.000000000 0.000000000 0.000000000 1.000000000
999.756161213 101.230770044 28.856865515 0.000000000 0.000000000 0.000000000 0.000000000 1.000000000
999.956491232 101.633042632 28.148120605 0.000000000 0.000000000 0.000000000 0.000000000 1.000000000
1000.155679941 102.045493225 27.446707535 0.000000000 0.000000000 0.000000000 0.000000000 1.000000000
1000.355588436 102.468760037 26.754723141 0.000000000 0.000000000 0.000000000 0.000000000 1.000000000
1000.556432009 102.898864847 26.068476417 0.000000000 0.000000000 0.000000000 0.000000000 1.000000000
1000.756223679 103.338388686 25.384987362 0.000000000 0.000000000 0.000000000 0.000000000 1.000000000
1000.956495523 103.784791166 24.710361530 0.000000000 0.000000000 0.000000000 0.000000000 1.000000000
1001.156492472 104.234057418 24.042770920 0.000000000 0.000000000 0.000000000 0.000000000 1.000000000
1001.356004953 104.687395440 23.375622295 0.000000000 0.000000000 0.000000000 0.000000000 1.000000000
1001.556543589 105.147658770 22.715248834 0.000000000 0.000000000 0.000000000 0.000000000 1.000000000
1001.756642103 105.607295679 22.059228864 0.000000000 0.000000000 0.000000000 0.000000000 1.000000000
1001.956424475 106.072593363 21.404188146 0.000000000 0.000000000 0.000000000 0.000000000 1.000000000
1002.155118465 106.534128033 20.754187454 0.000000000 0.000000000 0.000000000 0.000000000 1.000000000
1002.355963707 106.996550292 20.101494723 0.000000000 0.000000000 0.000000000 0.000000000 1.000000000
1002.555600882 107.459863981 19.449120048 0.000000000 0.000000000 0.000000000 0.000000000 1.000000000
1002.756201744 107.918542939 18.803621060 0.000000000 0.000000000 0.000000000 0.000000000 1.000000000
1002.955285311 108.376159344 18.156044562 0.000000000 0.000000000 0.000000000 0.000000000 1.000000000
1003.155605316 108.832619793 17.509889601 0.000000000 0.000000000 0.000000000 0.000000000 1.000000000
1003.355466366 109.288319371 16.858027254 0.000000000 0.000000000 0.000000000 0.000000000 1.000000000
1003.554661989 109.745829675 16.213824414 0.000000000 0.000000000 0.000000000 0.000000000 1.000000000
1003.755363703 110.206833658 15.564999145 0.000000000 0.000000000 0.000000000 0.000000000 1.000000000
1003.955301523 110.674026389 14.916717820 0.000000000 0.000000000 0.000000000 0.000000000 1.000000000
1004.154720545 111.146168060 14.272267625 0.000000000 0.000000000 0.000000000 0.000000000 1.000000000
1004.355389118 111.625538959 13.631000738 0.000000000 0.000000000 0.000000000 0.000000000 1.000000000
1004.555194855 112.112545954 12.995366451 0.000000000 0.000000000 0.000000000 0.000000000 1.000000000
1004.754560471 112.611307549 12.356326281 0.000000000 0.000000000 0.000000000 0.000000000 1.000000000
1004.955438375 113.114400814 11.728419230 0.000000000 0.000000000 0.000000000 0.000000000 1.000000000
1005.155323744 113.631937522 11.105820924 0.000000000 0.000000000 0.000000000 0.000000000 1.000000000
1005.354990005 114.158759144 10.496141857 0.000000000 0.000000000 0.000000000 0.000000000 1.000000000
1005.554883718 114.695341305 9.896247949 0.000000000 0.000000000 0.000000000 0.000000000 1.000000000
1005.755071640 115.242967842 9.299884401 0.000000000 0.000000000 0.000000000 0.000000000 1.000000000
1005.955505610 115.801380986 8.722246879 0.000000000 0.000000000 0.000000000 0.000000000 1.000000000
1006.155126095 116.371576239 8.150810227 0.000000000 0.000000000 0.000000000 0.000000000 1.000000000
1006.354809523 116.949226704 7.594111244 0.000000000 0.000000000 0.000000000 0.000000000 1.000000000
1006.555196524 117.541381593 7.048116249 0.000000000 0.000000000 0.000000000 0.000000000 1.000000000
1006.755485058 118.143701080 6.517255688 0.000000000 0.000000000 0.000000000 0.000000000 1.000000000
1006.955164433 118.756588357 5.992759055 0.000000000 0.000000000 0.000000000 0.000000000 1.000000000
1007.154885530 119.391900957 5.481649044 0.000000000 0.000000000 0.000000000 0.000000000 1.000000000
1007.355463028 120.028119096 4.985278488 0.000000000 0.000000000 0.000000000 0.000000000 1.000000000
1007.554890871 120.671920338 4.497865418 0.000000000 0.000000000 0.000000000 0.000000000 1.000000000
1007.754830837 121.325879126 4.023261489 0.000000000 0.000000000 0.000000000 0.000000000 1.000000000
1007.955381155 121.991821424 3.568343995 0.000000000 0.000000000 0.000000000 0.000000000 1.000000000
1008.154572725 122.665421137 3.123123966 0.000000000 0.000000000 0.000000000 0.000000000 1.000000000
1008.355004311 123.350216747 2.685082246 0.000000000 0.000000000 0.000000000 0.000000000 1.000000000
1008.555401802 124.044941946 2.270359598 0.000000000 0.000000000 0.000000000 0.000000000 1.000000000
1008.755532503 124.746286574 1.865530965 0.000000000 0.000000000 0.000000000 0.000000000 1.000000000
1008.954609632 125.455061636 1.476315425 0.000000000 0.000000000 0.000000000 0.000000000 1.000000000
1009.155070543 126.177862092 1.105473986 0.000000000 0.000000000 0.000000000 0.000000000 1.000000000
1009.355096102 126.904225310 0.744567852 0.000000000 0.000000000 0.000000000 0.000000000 1.000000000
1009.555242538 127.638558279 0.396792426 0.000000000 0.000000000 0.000000000 0.000000000 1.000000000
1009.755270958 128.376835840 0.064017099 0.000000000 0.000000000 0.000000000 0.000000000 1.000000000
1009.954654932 129.125126426 -0.253495143 0.000000000 0.000000000 0.000000000 0.000000000 1.000000000
1010.155560017 129.878063889 -0.551534278 0.000000000 0.000000000 0.000000000 0.000000000 1.000000000
1010.354885340 130.637246756 -0.838782698 0.000000000 0.000000000 0.000000000 0.000000000 1.000000000
1010.555619240 131.399705911 -1.112658682 0.000000000 0.000000000 0.000000000 0.000000000 1.000000000
1010.754632950 132.169308318 -1.372083018 0.000000000 0.000000000 0.000000000 0.000000000 1.000000000
1010.954893351 132.941953245 -1.615566040 0.000000000 0.000000000 0.000000000 0.000000000 1.000000000
1011.154849529 133.721959456 -1.847395785 0.000000000 0.000000000 0.000000000 0.000000000 1.000000000
1011.355529070 134.497266759 -2.055644735 0.000000000 0.000000000 0.000000000 0.000000000 1.000000000
1011.555160522 135.281211566 -2.255050899 0.000000000 0.000000000 0.000000000 0.000000000 1.000000000
1011.755325556 136.068884865 -2.441274302 0.000000000 0.000000000 0.000000000 0.000000000 1.000000000
1011.955002069 136.856421291 -2.618598802 0.000000000 0.000000000 0.000000000 0.000000000 1.000000000
1012.154670954 137.647678351 -2.770940783 0.000000000 0.000000000 0.000000000 0.000000000 1.000000000
1012.354715347 138.441195864 -2.918091479 0.000000000 0.000000000 0.000000000 0.000000000 1.000000000
1012.554669619 139.237665867 -3.051428678 0.000000000 0.000000000 0.000000000 0.000000000 1.000000000
1012.755305529 140.033303890 -3.164452526 0.000000000 0.000000000 0.000000000 0.000000000 1.000000000
1012.954730511 140.833859544 -3.263354889 0.000000000 0.000000000 0.000000000 0.000000000 1.000000000
1013.154938221 141.633427774 -3.349580877 0.000000000 0.000000000 0.000000000 0.000000000 1.000000000
1013.355002880 142.438251054 -3.421996689 0.000000000 0.000000000 0.000000000 0.000000000 1.000000000
1013.555161953 143.241285995 -3.480940970 0.000000000 0.000000000 0.000000000 0.000000000 1.000000000
1013.755181313 144.049592912 -3.524609521 0.000000000 0.000000000 0.000000000 0.000000000 1.000000000
1013.955377102 144.856472121 -3.553974282 0.000000000 0.000000000 0.000000000 0.000000000 1.000000000
1014.154490948 145.667183318 -3.560483205 0.000000000 0.000000000 0.000000000 0.000000000 1.000000000
1014.355364799 146.473271287 -3.551403849 0.000000000 0.000000000 0.000000000 0.000000000 1.000000000
1014.555123806 147.279168508 -3.527329738 0.000000000 0.000000000 0.000000000 0.000000000 1.000000000
1014.755545616 148.089337274 -3.483074678 0.000000000 0.000000000 0.000000000 0.000000000 1.000000000
1014.954548359 148.891766776 -3.426744445 0.000000000 0.000000000 0.000000000 0.000000000 1.000000000
1015.154976368 149.692713842 -3.353971918 0.000000000 0.000000000 0.000000000 0.000000000 1.000000000
1015.355345726 150.496073591 -3.265642442 0.000000000 0.000000000 0.000000000 0.000000000 1.000000000
1015.555303574 151.294503263 -3.162291501 0.000000000 0.000000000 0.000000000 0.000000000 1.000000000
1015.754420519 152.093886498 -3.046435798 0.000000000 0.000000000 0.000000000 0.000000000 1.000000000
1015.954454660 152.890113779 -2.914918119 0.000000000 0.000000000 0.000000000 0.000000000 1.000000000
1016.155017614 153.681042657 -2.767412492 0.000000000 0.000000000 0.000000000 0.000000000 1.000000000
1016.354675770 154.470320525 -2.605110436 0.000000000 0.000000000 0.000000000 0.000000000 1.000000000
1016.555006027 155.251559132 -2.429101286 0.000000000 0.000000000 0.000000000 0.000000000 1.000000000
1016.755162954 156.035307637 -2.239150732 0.000000000 0.000000000 0.000000000 0.000000000 1.000000000
1016.954715729 156.812914610 -2.036498766 0.000000000 0.000000000 0.000000000 0.000000000 1.000000000
1017.154977322 157.588142906 -1.819385833 0.000000000 0.000000000 0.000000000 0.000000000 1.000000000
1017.354798794 158.360265616 -1.592690635 0.000000000 0.000000000 0.000000000 0.000000000 1.000000000
1017.554599047 159.125953579 -1.352728939 0.000000000 0.000000000 0.000000000 0.000000000 1.000000000
1017.754755974 159.891440390 -1.101500971 0.000000000 0.000000000 0.000000000 0.000000000 1.000000000
1017.955037594 160.649245255 -0.836716364 0.000000000 0.000000000 0.000000000 0.000000000 1.000000000
1018.154752731 161.402399347 -0.555434749 0.000000000 0.000000000 0.000000000 0.000000000 1.000000000
1018.354993582 162.155129168 -0.268482188 0.000000000 0.000000000 0.000000000 0.000000000 1.000000000
1018.554630041 162.908022804 0.028261167 0.000000000 0.000000000 0.000000000 0.000000000 1.000000000
1018.755092382 163.661056598 0.336919846 0.000000000 0.000000000 0.000000000 0.000000000 1.000000000
1018.955075264 164.406279795 0.644487670 0.000000000 0.000000000 0.000000000 0.000000000 1.000000000
1019.155315876 165.145131214 0.962093596 0.000000000 0.000000000 0.000000000 0.000000000 1.000000000
1019.354593992 165.887497029 1.283053281 0.000000000 0.000000000 0.000000000 0.000000000 1.000000000
1019.555259705 166.624936013 1.608959715 0.000000000 0.000000000 0.000000000 0.000000000 1.000000000
1019.755019665 167.362050012 1.934422107 0.000000000 0.000000000 0.000000000 0.000000000 1.000000000
1019.954667568 168.094032865 2.261907637 0.000000000 0.000000000 0.000000000 0.000000000 1.000000000
1020.155397415 168.826119008 2.590901868 0.000000000 0.000000000 0.000000000 0.000000000 1.000000000
1020.355431557 169.557468749 2.919343259 0.000000000 0.000000000 0.000000000 0.000000000 1.000000000
1020.555072546 170.284942922 3.250603200 0.000000000 0.000000000 0.000000000 0.000000000 1.000000000
1020.754945993 171.013961998 3.580406203 0.000000000 0.000000000 0.000000000 0.000000000 1.000000000
1020.954585552 171.747822275 3.907848904 0.000000000 0.000000000 0.000000000 0.000000000 1.000000000
1021.155463934 172.482616644 4.231335489 0.000000000 0.000000000 0.000000000 0.000000000 1.000000000
1021.354444742 173.217598435 4.556215241 0.000000000 0.000000000 0.000000000 0.000000000 1.000000000
1021.554782391 173.950113539 4.880676814 0.000000000 0.000000000 0.000000000 0.000000000 1.000000000
1021.754996777 174.682874271 5.203772863 0.000000000 0.000000000 0.000000000 0.000000000 1.000000000
1021.955117941 175.414209490 5.524993305 0.000000000 0.000000000 0.000000000 0.000000000 1.000000000
1022.154395342 176.144841798 5.851823075 0.000000000 0.000000000 0.000000000 0.000000000 1.000000000
1022.354961157 176.876582376 6.173514791 0.000000000 0.000000000 0.000000000 0.000000000 1.000000000
1022.554697037 177.608515738 6.493628079 0.000000000 0.000000000 0.000000000 0.000000000 1.000000000
1022.755399227 178.345163571 6.814337675 0.000000000 0.000000000 0.000000000 0.000000000 1.000000000
1022.955052614 179.079934483 7.131831164 0.000000000 0.000000000 0.000000000 0.000000000 1.000000000
1023.154780149 179.817627820 7.450579446 0.000000000 0.000000000 0.000000000 0.000000000 1.000000000
1023.354481220 180.553912112 7.761149500 0.000000000 0.000000000 0.000000000 0.000000000 1.000000000
1023.554804325 181.293143403 8.079172974 0.000000000 0.000000000 0.000000000 0.000000000 1.000000000
1023.755215406 182.020440697 8.398096050 0.000000000 0.000000000 0.000000000 0.000000000 1.000000000
1023.954322815 182.761008802 8.716836157 0.000000000 0.000000000 0.000000000 0.000000000 1.000000000
1024.154687643 183.488437418 9.038158531 0.000000000 0.000000000 0.000000000 0.000000000 1.000000000
1024.354989529 184.225644202 9.351943951 0.000000000 0.000000000 0.000000000 0.000000000 1.000000000
1024.554402113 184.958986946 9.672553904 0.000000000 0.000000000 0.000000000 0.000000000 1.000000000
1024.755237579 185.691751687 9.989992590 0.000000000 0.000000000 0.000000000 0.000000000 1.000000000
1024.954829454 186.426715350 10.307399578 0.000000000 0.000000000 0.000000000 0.000000000 1.000000000
1025.155254602 187.160325866 10.625449169 0.000000000 0.000000000 0.000000000 0.000000000 1.000000000
1025.355377674 187.893170951 10.945814408 0.000000000 0.000000000 0.000000000 0.000000000 1.000000000
1025.554899693 188.629751245 11.261302568 0.000000000 0.000000000 0.000000000 0.000000000 1.000000000
1025.755202055 189.368282495 11.570790842 0.000000000 0.000000000 0.000000000 0.000000000 1.000000000
1025.955266953 190.104148243 11.892020376 0.000000000 0.000000000 0.000000000 0.000000000 1.000000000
1026.154819250 190.841117428 12.213108996 0.000000000 0.000000000 0.000000000 0.000000000 1.000000000
1026.355050802 191.569598754 12.532629304 0.000000000 0.000000000 0.000000000 0.000000000 1.000000000
1026.554847240 192.307090051 12.851183001 0.000000000 0.000000000 0.000000000 0.000000000 1.000000000
1026.755100965 193.044087040 13.162371187 0.000000000 0.000000000 0.000000000 0.000000000 1.000000000
1026.954712629 193.785082585 13.483199833 0.000000000 0.000000000 0.000000000 0.000000000 1.000000000
1027.155170441 194.523428189 13.797772068 0.000000000 0.000000000 0.000000000 0.000000000 1.000000000
1027.354849339 195.261069700 14.113775869 0.000000000 0.000000000 0.000000000 0.000000000 1.000000000
1027.554387093 195.996507912 14.435519817 0.000000000 0.000000000 0.000000000 0.000000000 1.000000000
1027.754696846 196.735260824 14.751169817 0.000000000 0.000000000 0.000000000 0.000000000 1.000000000
1027.954951048 197.473268529 15.071089612 0.000000000 0.000000000 0.000000000 0.000000000 1.000000000
1028.155189753 198.209737377 15.386465125 0.000000000 0.000000000 0.000000000 0.000000000 1.000000000
1028.354603291 198.947591453 15.707828269 0.000000000 0.000000000 0.000000000 0.000000000 1.000000000
1028.555205584 199.685568631 16.027599132 0.000000000 0.000000000 0.000000000 0.000000000 1.000000000
1028.755197763 200.420268631 16.348952124 0.000000000 0.000000000 0.000000000 0.000000000 1.000000000
1028.955043554 201.160614062 16.667824991 0.000000000 0.000000000 0.000000000 0.000000000 1.000000000
1029.155351162 201.897709455 16.985944097 0.000000000 0.000000000 0.000000000 0.000000000 1.000000000
1029.354494333 202.633308047 17.297839022 0.000000000 0.000000000 0.000000000 0.000000000 1.000000000
1029.554916859 203.371187511 17.611211709 0.000000000 0.000000000 0.000000000 0.000000000 1.000000000
1029.754919291 204.113727107 17.928903041 0.000000000 0.000000000 0.000000000 0.000000000 1.000000000
1029.954874754 204.849900853 18.239556021 0.000000000 0.000000000 0.000000000 0.000000000 1.000000000
1030.153590441 205.583133058 18.556160038 0.000000000 0.000000000 0.000000000 0.000000000 1.000000000
1030.354395628 206.314748660 18.869643434 0.000000000 0.000000000 0.000000000 0.000000000 1.000000000
1030.554406166 207.042675311 19.190376409 0.000000000 0.000000000 0.000000000 0.000000000 1.000000000
1030.753844500 207.771007312 19.501908131 0.000000000 0.000000000 0.000000000 0.000000000 1.000000000
1030.954234838 208.499494713 19.820188697 0.000000000 0.000000000 0.000000000 0.000000000 1.000000000
1031.154171705 209.229109341 20.140312018 0.000000000 0.000000000 0.000000000 0.000000000 1.000000000
1031.354399920 209.955408800 20.457343885 0.000000000 0.000000000 0.000000000 0.000000000 1.000000000
1031.554064512 210.683922299 20.774992671 0.000000000 0.000000000 0.000000000 0.000000000 1.000000000
1031.753361702 211.415334952 21.093448227 0.000000000 0.000000000 0.000000000 0.000000000 1.000000000
1031.953632593 212.148319488 21.412902278 0.000000000 0.000000000 0.000000000 0.000000000 1.000000000
1032.154121637 212.876977607 21.734650833 0.000000000 0.000000000 0.000000000 0.000000000 1.000000000
1032.353614807 213.604307021 22.053890923 0.000000000 0.000000000 0.000000000 0.000000000 1.000000000
1032.554004908 214.334722435 22.378628815 0.000000000 0.000000000 0.000000000 0.000000000 1.000000000
1032.754370689 215.065942612 22.694407028 0.000000000 0.000000000 0.000000000 0.000000000 1.000000000
1032.954152107 215.796956728 23.014622360 0.000000000 0.000000000 0.000000000 0.000000000 1.000000000
1033.154094458 216.531618740 23.328343519 0.000000000 0.000000000 0.000000000 0.000000000 1.000000000
1033.353506327 217.262864057 23.645509596 0.000000000 0.000000000 0.000000000 0.000000000 1.000000000
1033.554213285 217.999901979 23.964839215 0.000000000 0.000000000 0.000000000 0.000000000 1.000000000
1033.753670931 218.734480557 24.287207582 0.000000000 0.000000000 0.000000000 0.000000000 1.000000000
1033.953880072 219.468385772 24.607735743 0.000000000 0.000000000 0.000000000 0.000000000 1.000000000
1034.154103279 220.205609074 24.931695468 0.000000000 0.000000000 0.000000000 0.000000000 1.000000000
1034.353624582 220.938114114 25.251974723 0.000000000 0.000000000 0.000000000 0.000000000 1.000000000
1034.553338051 221.675161231 25.570777138 0.000000000 0.000000000 0.000000000 0.000000000 1.000000000
1034.753777742 222.416232535 25.888569649 0.000000000 0.000000000 0.000000000 0.000000000 1.000000000
1034.953747749 223.154194187 26.203283333 0.000000000 0.000000000 0.000000000 0.000000000 1.000000000
1035.153893232 223.897713675 26.523562515 0.000000000 0.000000000 0.000000000 0.000000000 1.000000000
1035.353665352 224.636031252 26.838678094 0.000000000 0.000000000 0.000000000 0.000000000 1.000000000
1035.554111242 225.372432724 27.164057110 0.000000000 0.000000000 0.000000000 0.000000000 1.000000000
1035.753736973 226.107690882 27.486140630 0.000000000 0.000000000 0.000000000 0.000000000 1.000000000
1035.954005957 226.843940991 27.808237038 0.000000000 0.000000000 0.000000000 0.000000000 1.000000000
1036.153726339 227.581601227 28.127691572 0.000000000 0.000000000 0.000000000 0.000000000 1.000000000
1036.354341507 228.317545099 28.446456541 0.000000000 0.000000000 0.000000000 0.000000000 1.000000000
1036.554467678 229.059588934 28.768181821 0.000000000 0.000000000 0.000000000 0.000000000 1.000000000
1036.754365206 229.801185909 29.087613673 0.000000000 0.000000000 0.000000000 0.000000000 1.000000000
1036.953472137 230.541562855 29.406369611 0.000000000 0.000000000 0.000000000 0.000000000 1.000000000
1037.153995752 231.275985083 29.728784893 0.000000000 0.000000000 0.000000000 0.000000000 1.000000000
1037.354102373 232.011142775 30.039918553 0.000000000 0.000000000 0.000000000 0.000000000 1.000000000
1037.553362370 232.748794475 30.354671487 0.000000000 0.000000000 0.000000000 0.000000000 1.000000000
1037.753559589 233.479773409 30.670355110 0.000000000 0.000000000 0.000000000 0.000000000 1.000000000
1037.954059601 234.214973876 30.988725993 0.000000000 0.000000000 0.000000000 0.000000000 1.000000000
1038.154226303 234.949401419 31.300523628 0.000000000 0.000000000 0.000000000 0.000000000 1.000000000
1038.353314877 235.682707609 31.625287959 0.000000000 0.000000000 0.000000000 0.000000000 1.000000000
1038.554055691 236.417527317 31.943274071 0.000000000 0.000000000 0.000000000 0.000000000 1.000000000
1038.753564358 237.149651451 32.263992784 0.000000000 0.000000000 0.000000000 0.000000000 1.000000000
1038.953460932 237.886085323 32.583059845 0.000000000 0.000000000 0.000000000 0.000000000 1.000000000
1039.154115677 238.620085929 32.902649623 0.000000000 0.000000000 0.000000000 0.000000000 1.000000000
1039.354300022 239.357830028 33.223490269 0.000000000 0.000000000 0.000000000 0.000000000 1.000000000
1039.553633690 240.092926740 33.542475489 0.000000000 0.000000000 0.000000000 0.000000000 1.000000000
1039.753930807 240.828665560 33.866329275 0.000000000 0.000000000 0.000000000 0.000000000 1.000000000
1039.953819752 241.559434180 34.187000494 0.000000000 0.000000000 0.000000000 0.000000000 1.000000000
1040.153444529 242.294274798 34.511711903 0.000000000 0.000000000 0.000000000 0.000000000 1.000000000
1040.354191303 243.024346297 34.831563360 0.000000000 0.000000000 0.000000000 0.000000000 1.000000000
1040.554051399 243.755021272 35.153937143 0.000000000 0.000000000 0.000000000 0.000000000 1.000000000
1040.754076481 244.488589673 35.469494087 0.000000000 0.000000000 0.000000000 0.000000000 1.000000000
1040.953824759 245.221937937 35.788316708 0.000000000 0.000000000 0.000000000 0.000000000 1.000000000
1041.153860807 245.954248482 36.101411835 0.000000000 0.000000000 0.000000000 0.000000000 1.000000000
1041.353620052 246.688187834 36.416432052 0.000000000 0.000000000 0.000000000 0.000000000 1.000000000
1041.553946733 247.422026205 36.728565869 0.000000000 0.000000000 0.000000000 0.000000000 1.000000000
1041.753374100 248.155434928 37.043324007 0.000000000 0.000000000 0.000000000 0.000000000 1.000000000
1041.953633308 248.888690386 37.357320337 0.000000000 0.000000000 0.000000000 0.000000000 1.000000000
1042.153332472 249.624923787 37.670440390 0.000000000 0.000000000 0.000000000 0.000000000 1.000000000
1042.353357553 250.355567072 37.980223028 0.000000000 0.000000000 0.000000000 0.000000000 1.000000000
1042.553488731 251.085095589 38.294504821 0.000000000 0.000000000 0.000000000 0.000000000 1.000000000
1042.753791571 251.820097684 38.604455764 0.000000000 0.000000000 0.000000000 0.000000000 1.000000000
1042.953881502 252.552218170 38.914599290 0.000000000 0.000000000 0.000000000 0.000000000 1.000000000
1043.153280497 253.289512083 39.220519844 0.000000000 0.000000000 0.000000000 0.000000000 1.000000000
1043.354223967 254.025925142 39.537907706 0.000000000 0.000000000 0.000000000 0.000000000 1.000000000
1043.553881168 254.765916955 39.853005756 0.000000000 0.000000000 0.000000000 0.000000000 1.000000000
1043.753625393 255.500421960 40.165817549 0.000000000 0.000000000 0.000000000 0.000000000 1.000000000
1043.954132080 256.231651108 40.487935551 0.000000000 0.000000000 0.000000000 0.000000000 1.000000000
1044.154086351 256.971785210 40.805449815 0.000000000 0.000000000 0.000000000 0.000000000 1.000000000
1044.354043961 257.709568623 41.123919634 0.000000000 0.000000000 0.000000000 0.000000000 1.000000000
1044.553734303 258.445134462 41.443942488 0.000000000 0.000000000 0.000000000 0.000000000 1.000000000
1044.753436804 259.180621828 41.762087324 0.000000000 0.000000000 0.000000000 0.000000000 1.000000000
1044.953593493 259.915253025 42.086546228 0.000000000 0.000000000 0.000000000 0.000000000 1.000000000
1045.153250933 260.652275195 42.412377699 0.000000000 0.000000000 0.000000000 0.000000000 1.000000000
1045.353661776 261.383871959 42.741606468 0.000000000 0.000000000 0.000000000 0.000000000 1.000000000
1045.554194450 262.116058364 43.066393826 0.000000000 0.000000000 0.000000000 0.000000000 1.000000000
1045.753566504 262.848314460 43.396403024 0.000000000 0.000000000 0.000000000 0.000000000 1.000000000
1045.953817368 263.579119204 43.725085431 0.000000000 0.000000000 0.000000000 0.000000000 1.000000000
1046.153208017 264.309365200 44.050511462 0.000000000 0.000000000 0.000000000 0.000000000 1.000000000
1046.353964329 265.038244903 44.375934097 0.000000000 0.000000000 0.000000000 0.000000000 1.000000000
1046.553590536 265.770146585 44.698488119 0.000000000 0.000000000 0.000000000 0.000000000 1.000000000
1046.753620386 266.506668363 45.023186622 0.000000000 0.000000000 0.000000000 0.000000000 1.000000000
1046.954154730 267.241559354 45.337355421 0.000000000 0.000000000 0.000000000 0.000000000 1.000000000
1047.154139757 267.977847487 45.658478756 0.000000000 0.000000000 0.000000000 0.000000000 1.000000000
1047.353638887 268.714182462 45.977351964 0.000000000 0.000000000 0.000000000 0.000000000 1.000000000
1047.553210497 269.450375242 46.301350808 0.000000000 0.000000000 0.000000000 0.000000000 1.000000000
1047.754027128 270.185390795 46.618523770 0.000000000 0.000000000 0.000000000 0.000000000 1.000000000
1047.953432083 270.919148103 46.936539504 0.000000000 0.000000000 0.000000000 0.000000000 1.000000000
1048.153838873 271.652619274 47.259659179 0.000000000 0.000000000 0.000000000 0.000000000 1.000000000
1048.353202343 272.389565498 47.579005916 0.000000000 0.000000000 0.000000000 0.000000000 1.000000000
1048.554099798 273.125877978 47.903816735 0.000000000 0.000000000 0.000000000 0.000000000 1.000000000
1048.753245115 273.862901710 48.223757097 0.000000000 0.000000000 0.000000000 0.000000000 1.000000000
1048.953161240 274.600151235 48.548343000 0.000000000 0.000000000 0.000000000 0.000000000 1.000000000
1049.154225111 275.335786460 48.874238140 0.000000000 0.000000000 0.000000000 0.000000000 1.000000000
1049.353709936 276.071657297 49.197111275 0.000000000 0.000000000 0.000000000 0.000000000 1.000000000
1049.553829432 276.807309305 49.521650988 0.000000000 0.000000000 0.000000000 0.000000000 1.000000000
1049.754015684 277.544734924 49.842531759 0.000000000 0.000000000 0.000000000 0.000000000 1.000000000
1049.953674555 278.286229979 50.161989947 0.000000000 0.000000000 0.000000000 0.000000000 1.000000000
1050.153899670 279.024088658 50.477952444 0.000000000 0.000000000 0.000000000 0.000000000 1.000000000
1050.353805304 279.759969768 50.793127035 0.000000000 0.000000000 0.000000000 0.000000000 1.000000000
1050.554021358 280.493744922 51.113703798 0.000000000 0.000000000 0.000000000 0.000000000 1.000000000
1050.753314495 281.225701579 51.432899820 0.000000000 0.000000000 0.000000000 0.000000000 1.000000000
1050.953805923 281.955697977 51.758444222 0.000000000 0.000000000 0.000000000 0.000000000 1.000000000
1051.153476954 282.688661479 52.071250964 0.000000000 0.000000000 0.000000000 0.000000000 1.000000000
1051.353819609 283.419409419 52.389356289 0.000000000 0.000000000 0.000000000 0.000000000 1.000000000
1051.553902864 284.152020149 52.708513445 0.000000000 0.000000000 0.000000000 0.000000000 1.000000000
1051.753963232 284.882508724 53.024420991 0.000000000 0.000000000 0.000000000 0.000000000 1.000000000
1051.953085899 285.616187138 53.341277332 0.000000000 0.000000000 0.000000000 0.000000000 1.000000000
1052.154106140 286.347511528 53.661385234 0.000000000 0.000000000 0.000000000 0.000000000 1.000000000
1052.354098797 287.084770916 53.976531602 0.000000000 0.000000000 0.000000000 0.000000000 1.000000000
1052.553200006 287.815443952 54.290647609 0.000000000 0.000000000 0.000000000 0.000000000 1.000000000
1052.753784418 288.548015892 54.605996714 0.000000000 0.000000000 0.000000000 0.000000000 1.000000000
1052.953363657 289.279458056 54.922711619 0.000000000 0.000000000 0.000000000 0.000000000 1.000000000
1053.153354406 290.011604056 55.233579295 0.000000000 0.000000000 0.000000000 0.000000000 1.000000000
1053.354052544 290.741571939 55.549830345 0.000000000 0.000000000 0.000000000 0.000000000 1.000000000
1053.553112745 291.475895430 55.861100265 0.000000000 0.000000000 0.000000000 0.000000000 1.000000000
1053.753793240 292.207952333 56.181401786 0.000000000 0.000000000 0.000000000 0.000000000 1.000000000
1053.954048634 292.939293477 56.491329254 0.000000000 0.000000000 0.000000000 0.000000000 1.000000000
1054.153685570 293.673670089 56.805792396 0.000000000 0.000000000 0.000000000 0.000000000 1.000000000
1054.354002953 294.407805806 57.122816401 0.000000000 0.000000000 0.000000000 0.000000000 1.000000000
1054.553761959 295.147594040 57.437116864 0.000000000 0.000000000 0.000000000 0.000000000 1.000000000
1054.753072739 295.889416660 57.750479363 0.000000000 0.000000000 0.000000000 0.000000000 1.000000000
1054.953966141 296.632539738 58.061576853 0.000000000 0.000000000 0.000000000 0.000000000 1.000000000
1055.153326511 297.376002171 58.374915344 0.000000000 0.000000000 0.000000000 0.000000000 1.000000000
1055.353161097 298.120227717 58.691630966 0.000000000 0.000000000 0.000000000 0.000000000 1.000000000
1055.553671598 298.861499940 59.007972771 0.000000000 0.000000000 0.000000000 0.000000000 1.000000000
1055.753570080 299.601665102 59.328924498 0.000000000 0.000000000 0.000000000 0.000000000 1.000000000
1055.954008341 300.337484307 59.645809472 0.000000000 0.000000000 0.000000000 0.000000000 1.000000000
1056.154192448 301.074890425 59.962881917 0.000000000 0.000000000 0.000000000 0.000000000 1.000000000
1056.353876352 301.810609310 60.281220793 0.000000000 0.000000000 0.000000000 0.000000000 1.000000000
1056.553851128 302.545255698 60.600764791 0.000000000 0.000000000 0.000000000 0.000000000 1.000000000
1056.753264904 303.279609029 60.919091083 0.000000000 0.000000000 0.000000000 0.000000000 1.000000000
1056.953395128 304.015007300 61.231854125 0.000000000 0.000000000 0.000000000 0.000000000 1.000000000
1057.154181480 304.750414604 61.547542247 0.000000000 0.000000000 0.000000000 0.000000000 1.000000000
1057.353711605 305.486411301 61.865683744 0.000000000 0.000000000 0.000000000 0.000000000 1.000000000
1057.553552866 306.217397956 62.185583477 0.000000000 0.000000000 0.000000000 0.000000000 1.000000000
1057.753901482 306.945850758 62.503023675 0.000000000 0.000000000 0.000000000 0.000000000 1.000000000
1057.952262163 307.677066165 62.822104357 0.000000000 0.000000000 0.000000000 0.000000000 1.000000000
1058.154206038 308.410908090 63.145810965 0.000000000 0.000000000 0.000000000 0.000000000 1.000000000
1058.352998018 309.143216976 63.468337134 0.000000000 0.000000000 0.000000000 0.000000000 1.000000000
1058.553138018 309.874059460 63.788170690 0.000000000 0.000000000 0.000000000 0.000000000 1.000000000
1058.752413750 310.606413869 64.114618156 0.000000000 0.000000000 0.000000000 0.000000000 1.000000000
1058.952850103 311.334729530 64.440216878 0.000000000 0.000000000 0.000000000 0.000000000 1.000000000
1059.153178215 312.063203572 64.763000816 0.000000000 0.000000000 0.000000000 0.000000000 1.000000000
1059.352605343 312.790938820 65.089114234 0.000000000 0.000000000 0.000000000 0.000000000 1.000000000
1059.552451372 313.520854805 65.409608659 0.000000000 0.000000000 0.000000000 0.000000000 1.000000000
1059.752759218 314.247705553 65.737879258 0.000000000 0.000000000 0.000000000 0.000000000 1.000000000
1059.953138351 314.984518225 66.058258659 0.000000000 0.000000000 0.000000000 0.000000000 1.000000000
1060.153001785 315.713408471 66.382720019 0.000000000 0.000000000 0.000000000 0.000000000 1.000000000
1060.352668524 316.448670498 66.705352534 0.000000000 0.000000000 0.000000000 0.000000000 1.000000000
1060.552443743 317.183468234 67.028011918 0.000000000 0.000000000 0.000000000 0.000000000 1.000000000
1060.752721548 317.916081418 67.352373955 0.000000000 0.000000000 0.000000000 0.000000000 1.000000000
1060.952259302 318.649630890 67.672185438 0.000000000 0.000000000 0.000000000 0.000000000 1.000000000
1061.152677536 319.383640955 67.994262764 0.000000000 0.000000000 0.000000000 0.000000000 1.000000000
1061.352193594 320.115981510 68.318183952 0.000000000 0.000000000 0.000000000 0.000000000 1.000000000
1061.552841902 320.845894549 68.633573491 0.000000000 0.000000000 0.000000000 0.000000000 1.000000000
1061.752811193 321.569691972 68.953188355 0.000000000 0.000000000 0.000000000 0.000000000 1.000000000
1061.952259541 322.294059624 69.277742010 0.000000000 0.000000000 0.000000000 0.000000000 1.000000000
1062.152741194 323.019805886 69.599385413 0.000000000 0.000000000 0.000000000 0.000000000 1.000000000
1062.352290154 323.744722884 69.917057302 0.000000000 0.000000000 0.000000000 0.000000000 1.000000000
1062.552787066 324.478563259 70.235689755 0.000000000 0.000000000 0.000000000 0.000000000 1.000000000
1062.752752542 325.212519091 70.553979142 0.000000000 0.000000000 0.000000000 0.000000000 1.000000000
1062.952982664 325.949645677 70.870385474 0.000000000 0.000000000 0.000000000 0.000000000 1.000000000
1063.152729273 326.686771329 71.193431370 0.000000000 0.000000000 0.000000000 0.000000000 1.000000000
1063.352494478 327.423833691 71.508654951 0.000000000 0.000000000 0.000000000 0.000000000 1.000000000
1063.552605629 328.160957255 71.827210562 0.000000000 0.000000000 0.000000000 0.000000000 1.000000000
1063.752770424 328.896768811 72.144529030 0.000000000 0.000000000 0.000000000 0.000000000 1.000000000
1063.952976227 329.635378563 72.466769975 0.000000000 0.000000000 0.000000000 0.000000000 1.000000000
1064.152905703 330.372424639 72.787272813 0.000000000 0.000000000 0.000000000 0.000000000 1.000000000
1064.352133274 331.101950106 73.109293870 0.000000000 0.000000000 0.000000000 0.000000000 1.000000000
1064.552348375 331.838658773 73.424184527 0.000000000 0.000000000 0.000000000 0.000000000 1.000000000
1064.752335310 332.574468147 73.743950943 0.000000000 0.000000000 0.000000000 0.000000000 1.000000000
1064.952117205 333.311190613 74.062059429 0.000000000 0.000000000 0.000000000 0.000000000 1.000000000
1065.152759552 334.047666476 74.379270600 0.000000000 0.000000000 0.000000000 0.000000000 1.000000000
1065.352200508 334.780570579 74.692183577 0.000000000 0.000000000 0.000000000 0.000000000 1.000000000
1065.552299261 335.515239721 75.009307585 0.000000000 0.000000000 0.000000000 0.000000000 1.000000000
1065.752295732 336.244387847 75.327460648 0.000000000 0.000000000 0.000000000 0.000000000 1.000000000
1065.952725649 336.976174770 75.640121106 0.000000000 0.000000000 0.000000000 0.000000000 1.000000000
1066.152183533 337.709323560 75.952559331 0.000000000 0.000000000 0.000000000 0.000000000 1.000000000
1066.352947712 338.444963227 76.263111378 0.000000000 0.000000000 0.000000000 0.000000000 1.000000000
1066.552695990 339.184515484 76.570821634 0.000000000 0.000000000 0.000000000 0.000000000 1.000000000
1066.752671242 339.922466288 76.885827336 0.000000000 0.000000000 0.000000000 0.000000000 1.000000000
1066.952872992 340.660093292 77.196439015 0.000000000 0.000000000 0.000000000 0.000000000 1.000000000
1067.153024435 341.397975296 77.510163480 0.000000000 0.000000000 0.000000000 0.000000000 1.000000000
1067.352164507 342.135680470 77.827237171 0.000000000 0.000000000 0.000000000 0.000000000 1.000000000
1067.553086519 342.874195367 78.146236089 0.000000000 0.000000000 0.000000000 0.000000000 1.000000000
1067.752733946 343.611425346 78.456997064 0.000000000 0.000000000 0.000000000 0.000000000 1.000000000
1067.951973438 344.347656923 78.776076748 0.000000000 0.000000000 0.000000000 0.000000000 1.000000000
1068.153033733 345.083194864 79.090964803 0.000000000 0.000000000 0.000000000 0.000000000 1.000000000
1068.352812529 345.824949056 79.407147942 0.000000000 0.000000000 0.000000000 0.000000000 1.000000000
1068.553011179 346.566577059 79.724289620 0.000000000 0.000000000 0.000000000 0.000000000 1.000000000
1068.752443314 347.308765225 80.047085754 0.000000000 0.000000000 0.000000000 0.000000000 1.000000000
1068.952876091 348.043979240 80.365180576 0.000000000 0.000000000 0.000000000 0.000000000 1.000000000
1069.152136326 348.775450814 80.693222282 0.000000000 0.000000000 0.000000000 0.000000000 1.000000000
1069.352590084 349.506875281 81.021323545 0.000000000 0.000000000 0.000000000 0.000000000 1.000000000
1069.552117348 350.234248758 81.344607221 0.000000000 0.000000000 0.000000000 0.000000000 1.000000000
1069.752246618 350.960058881 81.663728230 0.000000000 0.000000000 0.000000000 0.000000000 1.000000000
1069.952292442 351.687291070 81.990297625 0.000000000 0.000000000 0.000000000 0.000000000 1.000000000
1070.152333498 352.418220250 82.312741748 0.000000000 0.000000000 0.000000000 0.000000000 1.000000000
1070.352946281 353.146972207 82.632938174 0.000000000 0.000000000 0.000000000 0.000000000 1.000000000
1070.552305698 353.878473765 82.955167454 0.000000000 0.000000000 0.000000000 0.000000000 1.000000000
1070.752895117 354.609282336 83.274789456 0.000000000 0.000000000 0.000000000 0.000000000 1.000000000
1070.952556849 355.342199040 83.594191460 0.000000000 0.000000000 0.000000000 0.000000000 1.000000000
1071.152906418 356.075462818 83.909550519 0.000000000 0.000000000 0.000000000 0.000000000 1.000000000
1071.352417946 356.807653011 84.229608664 0.000000000 0.000000000 0.000000000 0.000000000 1.000000000
1071.552090168 357.546590248 84.550439511 0.000000000 0.000000000 0.000000000 0.000000000 1.000000000
1071.752609253 358.283648086 84.870838881 0.000000000 0.000000000 0.000000000 0.000000000 1.000000000
1071.951946735 359.017073274 85.194743571 0.000000000 0.000000000 0.000000000 0.000000000 1.000000000
1072.152876139 359.754886511 85.519542078 0.000000000 0.000000000 0.000000000 0.000000000 1.000000000
1072.352788448 360.483770621 85.846361305 0.000000000 0.000000000 0.000000000 0.000000000 1.000000000
1072.552508116 361.212387209 86.175642314 0.000000000 0.000000000 0.000000000 0.000000000 1.000000000
1072.752695322 361.942503487 86.500074174 0.000000000 0.000000000 0.000000000 0.000000000 1.000000000
1072.952882767 362.670381769 86.822670410 0.000000000 0.000000000 0.000000000 0.000000000 1.000000000
1073.152661800 363.401559840 87.145336526 0.000000000 0.000000000 0.000000000 0.000000000 1.000000000
1073.352148533 364.133530775 87.463205896 0.000000000 0.000000000 0.000000000 0.000000000 1.000000000
1073.552523136 364.861322764 87.781867083 0.000000000 0.000000000 0.000000000 0.000000000 1.000000000
1073.752762079 365.597355843 88.101670070 0.000000000 0.000000000 0.000000000 0.000000000 1.000000000
1073.952501774 366.327810318 88.410742443 0.000000000 0.000000000 0.000000000 0.000000000 1.000000000
1074.152194023 367.061221266 88.724321840 0.000000000 0.000000000 0.000000000 0.000000000 1.000000000
1074.352531195 367.792578130 89.038332003 0.000000000 0.000000000 0.000000000 0.000000000 1.000000000
1074.552211285 368.524771649 89.347845596 0.000000000 0.000000000 0.000000000 0.000000000 1.000000000
1074.752300024 369.252989562 89.663737240 0.000000000 0.000000000 0.000000000 0.000000000 1.000000000
1074.952705145 369.981993884 89.978433734 0.000000000 0.000000000 0.000000000 0.000000000 1.000000000
1075.151908875 370.712619838 90.293900857 0.000000000 0.000000000 0.000000000 0.000000000 1.000000000
1075.352455616 371.447061887 90.604180278 0.000000000 0.000000000 0.000000000 0.000000000 1.000000000
1075.552680016 372.174417892 90.922568103 0.000000000 0.000000000 0.000000000 0.000000000 1.000000000
1075.752985716 372.907987303 91.235503986 0.000000000 0.000000000 0.000000000 0.000000000 1.000000000
1075.952740431 373.643175761 91.545640280 0.000000000 0.000000000 0.000000000 0.000000000 1.000000000
1076.152424335 374.378916136 91.854413292 0.000000000 0.000000000 0.000000000 0.000000000 1.000000000
1076.352973938 375.117055585 92.169430219 0.000000000 0.000000000 0.000000000 0.000000000 1.000000000
1076.552774191 375.851726492 92.486948199 0.000000000 0.000000000 0.000000000 0.000000000 1.000000000
1076.752825737 376.591689279 92.803179900 0.000000000 0.000000000 0.000000000 0.000000000 1.000000000
1076.952542543 377.327827683 93.116733402 0.000000000 0.000000000 0.000000000 0.000000000 1.000000000
1077.152067661 378.062350997 93.436043204 0.000000000 0.000000000 0.000000000 0.000000000 1.000000000
1077.352640867 378.795584158 93.757103839 0.000000000 0.000000000 0.000000000 0.000000000 1.000000000
1077.552293539 379.531185476 94.074885516 0.000000000 0.000000000 0.000000000 0.000000000 1.000000000
1077.752251625 380.263584102 94.396353729 0.000000000 0.000000000 0.000000000 0.000000000 1.000000000
1077.952319145 380.993677185 94.716262517 0.000000000 0.000000000 0.000000000 0.000000000 1.000000000
1078.151828766 381.725846623 95.030474961 0.000000000 0.000000000 0.000000000 0.000000000 1.000000000
1078.352580547 382.454979231 95.350173125 0.000000000 0.000000000 0.000000000 0.000000000 1.000000000
1078.552947760 383.184177416 95.668477016 0.000000000 0.000000000 0.000000000 0.000000000 1.000000000
1078.752645254 383.916721505 95.990693022 0.000000000 0.000000000 0.000000000 0.000000000 1.000000000
1078.952223778 384.646095478 96.309630634 0.000000000 0.000000000 0.000000000 0.000000000 1.000000000
1079.152884722 385.375437041 96.628161864 0.000000000 0.000000000 0.000000000 0.000000000 1.000000000
1079.352196932 386.105933457 96.947891550 0.000000000 0.000000000 0.000000000 0.000000000 1.000000000
1079.552034616 386.841698810 97.268361121 0.000000000 0.000000000 0.000000000 0.000000000 1.000000000
1079.752715349 387.571379642 97.584807245 0.000000000 0.000000000 0.000000000 0.000000000 1.000000000
1079.952454090 388.303441766 97.900369450 0.000000000 0.000000000 0.000000000 0.000000000 1.000000000
1080.152040958 389.036105468 98.216693444 0.000000000 0.000000000 0.000000000 0.000000000 1.000000000
1080.352486134 389.766905160 98.533194701 0.000000000 0.000000000 0.000000000 0.000000000 1.000000000
1080.552717924 390.498003269 98.848878293 0.000000000 0.000000000 0.000000000 0.000000000 1.000000000
1080.751914740 391.228255801 99.174718977 0.000000000 0.000000000 0.000000000 0.000000000 1.000000000
1080.952065229 391.960922694 99.492943169 0.000000000 0.000000000 0.000000000 0.000000000 1.000000000
1081.151972294 392.696471088 99.806667681 0.000000000 0.000000000 0.000000000 0.000000000 1.000000000
1081.352643967 393.433353352 100.124736292 0.000000000 0.000000000 0.000000000 0.000000000 1.000000000
1081.552041054 394.169417288 100.448081433 0.000000000 0.000000000 0.000000000 0.000000000 1.000000000
1081.752610445 394.903856256 100.770297686 0.000000000 0.000000000 0.000000000 0.000000000 1.000000000
1081.952643156 395.639833428 101.092088833 0.000000000 0.000000000 0.000000000 0.000000000 1.000000000
1082.152008772 396.370768590 101.414268371 0.000000000 0.000000000 0.000000000 0.000000000 1.000000000
1082.352179289 397.103787655 101.737203438 0.000000000 0.000000000 0.000000000 0.000000000 1.000000000
1082.552488089 397.834984347 102.055391842 0.000000000 0.000000000 0.000000000 0.000000000 1.000000000
1082.752927780 398.569021601 102.373956610 0.000000000 0.000000000 0.000000000 0.000000000 1.000000000
1082.952110767 399.301982941 102.694186225 0.000000000 0.000000000 0.000000000 0.000000000 1.000000000
1083.152307749 400.036244593 103.008923155 0.000000000 0.000000000 0.000000000 0.000000000 1.000000000
1083.352863789 400.771925694 103.326987474 0.000000000 0.000000000 0.000000000 0.000000000 1.000000000
1083.552831888 401.506947721 103.636743447 0.000000000 0.000000000 0.000000000 0.000000000 1.000000000
1083.752421141 402.247208392 103.950219214 0.000000000 0.000000000 0.000000000 0.000000000 1.000000000
1083.952704906 402.985797163 104.258483295 0.000000000 0.000000000 0.000000000 0.000000000 1.000000000
1084.152683735 403.726334152 104.574774909 0.000000000 0.000000000 0.000000000 0.000000000 1.000000000
1084.352526426 404.468413968 104.888479105 0.000000000 0.000000000 0.000000000 0.000000000 1.000000000
1084.551472187 405.209301018 105.202019318 0.000000000 0.000000000 0.000000000 0.000000000 1.000000000
1084.752258062 405.947774503 105.516368817 0.000000000 0.000000000 0.000000000 0.000000000 1.000000000
1084.952348471 406.683171150 105.836558226 0.000000000 0.000000000 0.000000000 0.000000000 1.000000000
1085.152628422 407.416608413 106.149874542 0.000000000 0.000000000 0.000000000 0.000000000 1.000000000
1085.351972342 408.149601393 106.476209366 0.000000000 0.000000000 0.000000000 0.000000000 1.000000000
1085.551788568 408.881829144 106.796168707 0.000000000 0.000000000 0.000000000 0.000000000 1.000000000
1085.752787590 409.610472505 107.120853069 0.000000000 0.000000000 0.000000000 0.000000000 1.000000000
1085.951846361 410.342772245 107.448611876 0.000000000 0.000000000 0.000000000 0.000000000 1.000000000
1086.151365995 411.074609333 107.765353126 0.000000000 0.000000000 0.000000000 0.000000000 1.000000000
1086.351483583 411.807218276 108.088470146 0.000000000 0.000000000 0.000000000 0.000000000 1.000000000
1086.551102400 412.536039507 108.409470661 0.000000000 0.000000000 0.000000000 0.000000000 1.000000000
1086.751817703 413.268581430 108.727711898 0.000000000 0.000000000 0.000000000 0.000000000 1.000000000
1086.951103687 414.006482307 109.047361466 0.000000000 0.000000000 0.000000000 0.000000000 1.000000000
1087.151082754 414.744298142 109.370433230 0.000000000 0.000000000 0.000000000 0.000000000 1.000000000
1087.351245642 415.477003246 109.694694621 0.000000000 0.000000000 0.000000000 0.000000000 1.000000000
1087.551396132 416.211018460 110.011089812 0.000000000 0.000000000 0.000000000 0.000000000 1.000000000
1087.751243353 416.950252912 110.328115255 0.000000000 0.000000000 0.000000000 0.000000000 1.000000000
1087.951891184 417.687047445 110.650936265 0.000000000 0.000000000 0.000000000 0.000000000 1.000000000
1088.151133299 418.425934564 110.969384570 0.000000000 0.000000000 0.000000000 0.000000000 1.000000000
1088.351772308 419.163163427 111.287537289 0.000000000 0.000000000 0.000000000 0.000000000 1.000000000
1088.551762104 419.900077876 111.600726903 0.000000000 0.000000000 0.000000000 0.000000000 1.000000000
1088.751792192 420.640256384 111.915910488 0.000000000 0.000000000 0.000000000 0.000000000 1.000000000
1088.951456547 421.379987013 112.233912384 0.000000000 0.000000000 0.000000000 0.000000000 1.000000000
1089.150751114 422.120145572 112.553455298 0.000000000 0.000000000 0.000000000 0.000000000 1.000000000
1089.351932049 422.862361015 112.871113838 0.000000000 0.000000000 0.000000000 0.000000000 1.000000000
1089.551816463 423.602529422 113.191318343 0.000000000 0.000000000 0.000000000 0.000000000 1.000000000
1089.751102924 424.343055806 113.508384415 0.000000000 0.000000000 0.000000000 0.000000000 1.000000000
1089.950884819 425.081881431 113.828652340 0.000000000 0.000000000 0.000000000 0.000000000 1.000000000
1090.150928974 425.816431381 114.148372543 0.000000000 0.000000000 0.000000000 0.000000000 1.000000000
1090.351859093 426.554018918 114.473125498 0.000000000 0.000000000 0.000000000 0.000000000 1.000000000
1090.551756382 427.286452249 114.789822704 0.000000000 0.000000000 0.000000000 0.000000000 1.000000000
1090.751687050 428.020944804 115.115754601 0.000000000 0.000000000 0.000000000 0.000000000 1.000000000
1090.951508045 428.760701426 115.431438629 0.000000000 0.000000000 0.000000000 0.000000000 1.000000000
1091.151493311 429.491110187 115.745246956 0.000000000 0.000000000 0.000000000 0.000000000 1.000000000
1091.351117611 430.224412242 116.059568259 0.000000000 0.000000000 0.000000000 0.000000000 1.000000000
1091.551012039 430.959282755 116.378372531 0.000000000 0.000000000 0.000000000 0.000000000 1.000000000
1091.751182795 431.692509045 116.695504304 0.000000000 0.000000000 0.000000000 0.000000000 1.000000000
1091.951610088 432.426269554 117.016668160 0.000000000 0.000000000 0.000000000 0.000000000 1.000000000
1092.150952816 433.157461493 117.336345308 0.000000000 0.000000000 0.000000000 0.000000000 1.000000000
1092.351659298 433.889195741 117.655930163 0.000000000 0.000000000 0.000000000 0.000000000 1.000000000
1092.551718235 434.618478585 117.973276353 0.000000000 0.000000000 0.000000000 0.000000000 1.000000000
1092.751666307 435.349619478 118.293860027 0.000000000 0.000000000 0.000000000 0.000000000 1.000000000
1092.951558113 436.084186804 118.610451564 0.000000000 0.000000000 0.000000000 0.000000000 1.000000000
1093.150981665 436.813185820 118.934335564 0.000000000 0.000000000 0.000000000 0.000000000 1.000000000
1093.351527691 437.546052865 119.251784394 0.000000000 0.000000000 0.000000000 0.000000000 1.000000000
1093.552043676 438.277852205 119.574579624 0.000000000 0.000000000 0.000000000 0.000000000 1.000000000
1093.751314402 439.010827038 119.898643614 0.000000000 0.000000000 0.000000000 0.000000000 1.000000000
1093.951682091 439.740949643 120.216141741 0.000000000 0.000000000 0.000000000 0.000000000 1.000000000
1094.150800228 440.469722476 120.542773155 0.000000000 0.000000000 0.000000000 0.000000000 1.000000000
1094.351259708 441.203109676 120.859452855 0.000000000 0.000000000 0.000000000 0.000000000 1.000000000
1094.551263094 441.935037332 121.178753233 0.000000000 0.000000000 0.000000000 0.000000000 1.000000000
1094.751652479 442.668689853 121.501105038 0.000000000 0.000000000 0.000000000 0.000000000 1.000000000
1094.950920820 443.400359633 121.817472058 0.000000000 0.000000000 0.000000000 0.000000000 1.000000000
1095.151430130 444.131660986 122.139674433 0.000000000 0.000000000 0.000000000 0.000000000 1.000000000
1095.350827932 444.865634701 122.457416052 0.000000000 0.000000000 0.000000000 0.000000000 1.000000000
1095.550932407 445.598213272 122.778444871 0.000000000 0.000000000 0.000000000 0.000000000 1.000000000
1095.751230478 446.333435508 123.101745130 0.000000000 0.000000000 0.000000000 0.000000000 1.000000000
1095.950855732 447.064635479 123.424157100 0.000000000 0.000000000 0.000000000 0.000000000 1.000000000
1096.151755810 447.804595887 123.746436656 0.000000000 0.000000000 0.000000000 0.000000000 1.000000000
1096.351750851 448.541708124 124.066966970 0.000000000 0.000000000 0.000000000 0.000000000 1.000000000
1096.551154137 449.280043029 124.388152051 0.000000000 0.000000000 0.000000000 0.000000000 1.000000000
1096.751422882 450.020753327 124.717743728 0.000000000 0.000000000 0.000000000 0.000000000 1.000000000
1096.951313734 450.758751685 125.036439126 0.000000000 0.000000000 0.000000000 0.000000000 1.000000000
1097.151224852 451.501609249 125.355863591 0.000000000 0.000000000 0.000000000 0.000000000 1.000000000
1097.351094007 452.243243140 125.671956640 0.000000000 0.000000000 0.000000000 0.000000000 1.000000000
1097.550787926 452.987039163 125.980130401 0.000000000 0.000000000 0.000000000 0.000000000 1.000000000
1097.751308680 453.729626477 126.294551743 0.000000000 0.000000000 0.000000000 0.000000000 1.000000000
1097.950694799 454.471498222 126.605917989 0.000000000 0.000000000 0.000000000 0.000000000 1.000000000
1098.151070356 455.212650075 126.923968186 0.000000000 0.000000000 0.000000000 0.000000000 1.000000000
1098.351302147 455.954840147 127.247229991 0.000000000 0.000000000 0.000000000 0.000000000 1.000000000
1098.550925255 456.690797549 127.567208613 0.000000000 0.000000000 0.000000000 0.000000000 1.000000000
1098.751016378 457.427829669 127.893392278 0.000000000 0.000000000 0.000000000 0.000000000 1.000000000
1098.951067924 458.160861594 128.211720431 0.000000000 0.000000000 0.000000000 0.000000000 1.000000000
1099.151055336 458.895406312 128.533429103 0.000000000 0.000000000 0.000000000 0.000000000 1.000000000
1099.351176977 459.628816829 128.856912007 0.000000000 0.000000000 0.000000000 0.000000000 1.000000000
1099.551153660 460.358973005 129.190890584 0.000000000 0.000000000 0.000000000 0.000000000 1.000000000
1099.751380920 461.089205030 129.518056522 0.000000000 0.000000000 0.000000000 0.000000000 1.000000000
1099.951342821 461.817194687 129.844800709 0.000000000 0.000000000 0.000000000 0.000000000 1.000000000
1100.151220083 462.548728760 130.169310825 0.000000000 0.000000000 0.000000000 0.000000000 1.000000000
1100.351177931 463.279453172 130.484829997 0.000000000 0.000000000 0.000000000 0.000000000 1.000000000
1100.551836014 464.013575639 130.803694458 0.000000000 0.000000000 0.000000000 0.000000000 1.000000000
1100.750700951 464.745250469 131.120614295 0.000000000 0.000000000 0.000000000 0.000000000 1.000000000
1100.951102018 465.479659770 131.428247871 0.000000000 0.000000000 0.000000000 0.000000000 1.000000000
1101.151288748 466.208812765 131.744066114 0.000000000 0.000000000 0.000000000 0.000000000 1.000000000
1101.351714373 466.938760381 132.058893649 0.000000000 0.000000000 0.000000000 0.000000000 1.000000000
1101.551347733 467.666655023 132.375549097 0.000000000 0.000000000 0.000000000 0.000000000 1.000000000
1101.751424789 468.395933435 132.686220380 0.000000000 0.000000000 0.000000000 0.000000000 1.000000000
1101.951533556 469.121209798 133.003158329 0.000000000 0.000000000 0.000000000 0.000000000 1.000000000
1102.151814222 469.846286139 133.311761343 0.000000000 0.000000000 0.000000000 0.000000000 1.000000000
1102.351493359 470.571026694 133.626729887 0.000000000 0.000000000 0.000000000 0.000000000 1.000000000
1102.550771952 471.297828495 133.937231582 0.000000000 0.000000000 0.000000000 0.000000000 1.000000000
1102.751381874 472.023347632 134.250280056 0.000000000 0.000000000 0.000000000 0.000000000 1.000000000
1102.951695681 472.746712319 134.572692612 0.000000000 0.000000000 0.000000000 0.000000000 1.000000000
1103.151144505 473.471912501 134.900378976 0.000000000 0.000000000 0.000000000 0.000000000 1.000000000
1103.351169586 474.198328208 135.221458353 0.000000000 0.000000000 0.000000000 0.000000000 1.000000000
1103.551141262 474.927712345 135.545657669 0.000000000 0.000000000 0.000000000 0.000000000 1.000000000
1103.751658678 475.660940269 135.864798335 0.000000000 0.000000000 0.000000000 0.000000000 1.000000000
1103.951254368 476.389529454 136.183048002 0.000000000 0.000000000 0.000000000 0.000000000 1.000000000
1104.151132107 477.118622918 136.508240614 0.000000000 0.000000000 0.000000000 0.000000000 1.000000000
1104.351138353 477.843184724 136.842658213 0.000000000 0.000000000 0.000000000 0.000000000 1.000000000
1104.551667213 478.560781056 137.174306918 0.000000000 0.000000000 0.000000000 0.000000000 1.000000000
1104.751766682 479.280931576 137.501590297 0.000000000 0.000000000 0.000000000 0.000000000 1.000000000
1104.951630831 480.003865227 137.822625767 0.000000000 0.000000000 0.000000000 0.000000000 1.000000000
1105.151104927 480.729498316 138.141897698 0.000000000 0.000000000 0.000000000 0.000000000 1.000000000
1105.351195574 481.459003372 138.454453000 0.000000000 0.000000000 0.000000000 0.000000000 1.000000000
1105.551567554 482.192623543 138.766979614 0.000000000 0.000000000 0.000000000 0.000000000 1.000000000
1105.751249075 482.932131309 139.084404193 0.000000000 0.000000000 0.000000000 0.000000000 1.000000000
1105.950888395 483.668852459 139.397417886 0.000000000 0.000000000 0.000000000 0.000000000 1.000000000
1106.151028872 484.400583540 139.707721525 0.000000000 0.000000000 0.000000000 0.000000000 1.000000000
1106.350862741 485.134381008 140.024150789 0.000000000 0.000000000 0.000000000 0.000000000 1.000000000
1106.550839663 485.871179323 140.335343259 0.000000000 0.000000000 0.000000000 0.000000000 1.000000000
1106.751422882 486.611136427 140.645227949 0.000000000 0.000000000 0.000000000 0.000000000 1.000000000
1106.951543331 487.355338667 140.963782034 0.000000000 0.000000000 0.000000000 0.000000000 1.000000000
1107.151164770 488.099045051 141.272352419 0.000000000 0.000000000 0.000000000 0.000000000 1.000000000
1107.350770950 488.846327373 141.584987887 0.000000000 0.000000000 0.000000000 0.000000000 1.000000000
1107.551456928 489.592327769 141.900802778 0.000000000 0.000000000 0.000000000 0.000000000 1.000000000
1107.751446009 490.339348801 142.221960215 0.000000000 0.000000000 0.000000000 0.000000000 1.000000000
1107.950881243 491.090640292 142.542015706 0.000000000 0.000000000 0.000000000 0.000000000 1.000000000
1108.151385546 491.836082083 142.863724967 0.000000000 0.000000000 0.000000000 0.000000000 1.000000000
1108.350652218 492.578572883 143.189941784 0.000000000 0.000000000 0.000000000 0.000000000 1.000000000
1108.551275253 493.315365812 143.505187451 0.000000000 0.000000000 0.000000000 0.000000000 1.000000000
1108.751649618 494.056332333 143.822615840 0.000000000 0.000000000 0.000000000 0.000000000 1.000000000
1108.951428890 494.796376081 144.128889297 0.000000000 0.000000000 0.000000000 0.000000000 1.000000000
1109.151315928 495.537005063 144.445704184 0.000000000 0.000000000 0.000000000 0.000000000 1.000000000
1109.350987673 496.269773358 144.768554513 0.000000000 0.000000000 0.000000000 0.000000000 1.000000000
1109.550933599 497.004739442 145.086658159 0.000000000 0.000000000 0.000000000 0.000000000 1.000000000
1109.751292229 497.738459608 145.403654516 0.000000000 0.000000000 0.000000000 0.000000000 1.000000000
1109.951381922 498.464119767 145.727613036 0.000000000 0.000000000 0.000000000 0.000000000 1.000000000
1110.150795221 499.190837323 146.043915180 0.000000000 0.000000000 0.000000000 0.000000000 1.000000000
1110.351423979 499.921405707 146.365961984 0.000000000 0.000000000 0.000000000 0.000000000 1.000000000
1110.551339149 500.659312550 146.670676873 0.000000000 0.000000000 0.000000000 0.000000000 1.000000000
1110.750874758 501.401547858 146.977968466 0.000000000 0.000000000 0.000000000 0.000000000 1.000000000
1110.951460838 502.141123469 147.288979882 0.000000000 0.000000000 0.000000000 0.000000000 1.000000000
1111.150476694 502.874165663 147.604600318 0.000000000 0.000000000 0.000000000 0.000000000 1.000000000
1111.351511955 503.612386358 147.915954498 0.000000000 0.000000000 0.000000000 0.000000000 1.000000000
1111.551546097 504.340074545 148.230306709 0.000000000 0.000000000 0.000000000 0.000000000 1.000000000
1111.750956059 505.069770289 148.537532319 0.000000000 0.000000000 0.000000000 0.000000000 1.000000000
1111.951423645 505.796222673 148.839038502 0.000000000 0.000000000 0.000000000 0.000000000 1.000000000
1112.150585651 506.517794534 149.141592300 0.000000000 0.000000000 0.000000000 0.000000000 1.000000000
1112.351230145 507.245599265 149.436284301 0.000000000 0.000000000 0.000000000 0.000000000 1.000000000
1112.550740957 507.976932288 149.722529473 0.000000000 0.000000000 0.000000000 0.000000000 1.000000000
1112.751494408 508.717067861 150.001192068 0.000000000 0.000000000 0.000000000 0.000000000 1.000000000
1112.950059891 509.459687729 150.267938890 0.000000000 0.000000000 0.000000000 0.000000000 1.000000000
1113.150671721 510.206477271 150.528682950 0.000000000 0.000000000 0.000000000 0.000000000 1.000000000
1113.350191355 510.962595572 150.775420098 0.000000000 0.000000000 0.000000000 0.000000000 1.000000000
1113.549700737 511.723019767 151.004125318 0.000000000 0.000000000 0.000000000 0.000000000 1.000000000
1113.749794483 512.489902547 151.230825244 0.000000000 0.000000000 0.000000000 0.000000000 1.000000000
1113.949913740 513.269512729 151.433591823 0.000000000 0.000000000 0.000000000 0.000000000 1.000000000
1114.150825739 514.057173383 151.620560222 0.000000000 0.000000000 0.000000000 0.000000000 1.000000000
1114.350421190 514.849824963 151.796438764 0.000000000 0.000000000 0.000000000 0.000000000 1.000000000
1114.549729586 515.641513466 151.957396910 0.000000000 0.000000000 0.000000000 0.000000000 1.000000000
1114.750505924 516.436608784 152.101660192 0.000000000 0.000000000 0.000000000 0.000000000 1.000000000
1114.950071335 517.238100819 152.231551719 0.000000000 0.000000000 0.000000000 0.000000000 1.000000000
1115.150632381 518.034415354 152.339838093 0.000000000 0.000000000 0.000000000 0.000000000 1.000000000
1115.350139141 518.834774241 152.424260022 0.000000000 0.000000000 0.000000000 0.000000000 1.000000000
1115.549857140 519.639068380 152.488061441 0.000000000 0.000000000 0.000000000 0.000000000 1.000000000
1115.750709534 520.441676471 152.524526983 0.000000000 0.000000000 0.000000000 0.000000000 1.000000000
1115.949805260 521.244560781 152.543775893 0.000000000 0.000000000 0.000000000 0.000000000 1.000000000
1116.149758101 522.045231614 152.536849159 0.000000000 0.000000000 0.000000000 0.000000000 1.000000000
1116.350506544 522.847471534 152.525220176 0.000000000 0.000000000 0.000000000 0.000000000 1.000000000
1116.550409317 523.644640208 152.483628995 0.000000000 0.000000000 0.000000000 0.000000000 1.000000000
1116.750608921 524.440727689 152.426698273 0.000000000 0.000000000 0.000000000 0.000000000 1.000000000
1116.950591087 525.234671548 152.342705246 0.000000000 0.000000000 0.000000000 0.000000000 1.000000000
1117.150155306 526.022044792 152.229645587 0.000000000 0.000000000 0.000000000 0.000000000 1.000000000
1117.350207090 526.808729201 152.088256115 0.000000000 0.000000000 0.000000000 0.000000000 1.000000000
1117.550362825 527.593359263 151.919163515 0.000000000 0.000000000 0.000000000 0.000000000 1.000000000
1117.750230551 528.365706440 151.728090224 0.000000000 0.000000000 0.000000000 0.000000000 1.000000000
1117.950139999 529.136960953 151.518113052 0.000000000 0.000000000 0.000000000 0.000000000 1.000000000
1118.149734259 529.897670642 151.279404513 0.000000000 0.000000000 0.000000000 0.000000000 1.000000000
1118.350078106 530.646672155 151.023243899 0.000000000 0.000000000 0.000000000 0.000000000 1.000000000
1118.549788952 531.396785447 150.751343659 0.000000000 0.000000000 0.000000000 0.000000000 1.000000000
1118.749735594 532.138950504 150.453762344 0.000000000 0.000000000 0.000000000 0.000000000 1.000000000
1118.950557232 532.866454275 150.141157838 0.000000000 0.000000000 0.000000000 0.000000000 1.000000000
1119.150603771 533.589910242 149.803162967 0.000000000 0.000000000 0.000000000 0.000000000 1.000000000
1119.350069284 534.306295893 149.450334506 0.000000000 0.000000000 0.000000000 0.000000000 1.000000000
1119.549897909 535.015305715 149.083400473 0.000000000 0.000000000 0.000000000 0.000000000 1.000000000
1119.750518084 535.712456170 148.698036230 0.000000000 0.000000000 0.000000000 0.000000000 1.000000000
1119.950566292 536.402100035 148.294855243 0.000000000 0.000000000 0.000000000 0.000000000 1.000000000
1120.150488138 537.079837121 147.872648745 0.000000000 0.000000000 0.000000000 0.000000000 1.000000000
1120.350588083 537.743630516 147.432750941 0.000000000 0.000000000 0.000000000 0.000000000 1.000000000
1120.550692558 538.393792108 146.976482438 0.000000000 0.000000000 0.000000000 0.000000000 1.000000000
1120.750610113 539.028903879 146.497462327 0.000000000 0.000000000 0.000000000 0.000000000 1.000000000
1120.949814558 539.652806852 146.005370132 0.000000000 0.000000000 0.000000000 0.000000000 1.000000000
1121.150055647 540.263732295 145.488321103 0.000000000 0.000000000 0.000000000 0.000000000 1.000000000
1121.350094557 540.859305492 144.959199069 0.000000000 0.000000000 0.000000000 0.000000000 1.000000000
1121.549632549 541.446944671 144.407067970 0.000000000 0.000000000 0.000000000 0.000000000 1.000000000
1121.750681639 542.015868351 143.843928217 0.000000000 0.000000000 0.000000000 0.000000000 1.000000000
1121.950127602 542.571185209 143.274262419 0.000000000 0.000000000 0.000000000 0.000000000 1.000000000
1122.150229931 543.107389357 142.682719219 0.000000000 0.000000000 0.000000000 0.000000000 1.000000000
1122.349566936 543.629395920 142.084260855 0.000000000 0.000000000 0.000000000 0.000000000 1.000000000
1122.549480915 544.133296954 141.476685313 0.000000000 0.000000000 0.000000000 0.000000000 1.000000000
1122.750102520 544.621398124 140.850928851 0.000000000 0.000000000 0.000000000 0.000000000 1.000000000
1122.949533939 545.095259921 140.220591586 0.000000000 0.000000000 0.000000000 0.000000000 1.000000000
1123.150301933 545.555230077 139.580371177 0.000000000 0.000000000 0.000000000 0.000000000 1.000000000
1123.350655794 545.996744022 138.925509082 0.000000000 0.000000000 0.000000000 0.000000000 1.000000000
1123.550382137 546.422566400 138.264386815 0.000000000 0.000000000 0.000000000 0.000000000 1.000000000
1123.750443220 546.826808956 137.586199940 0.000000000 0.000000000 0.000000000 0.000000000 1.000000000
1123.950478554 547.216803499 136.899518502 0.000000000 0.000000000 0.000000000 0.000000000 1.000000000
1124.149935246 547.592178069 136.205400367 0.000000000 0.000000000 0.000000000 0.000000000 1.000000000
1124.350443125 547.950234679 135.501111610 0.000000000 0.000000000 0.000000000 0.000000000 1.000000000
1124.549853325 548.301449635 134.783432370 0.000000000 0.000000000 0.000000000 0.000000000 1.000000000
1124.750078440 548.638600637 134.056258752 0.000000000 0.000000000 0.000000000 0.000000000 1.000000000
1124.950623035 548.958599693 133.322451706 0.000000000 0.000000000 0.000000000 0.000000000 1.000000000
1125.149881124 549.270100247 132.576220338 0.000000000 0.000000000 0.000000000 0.000000000 1.000000000
1125.350364447 549.567052955 131.832664684 0.000000000 0.000000000 0.000000000 0.000000000 1.000000000
1125.550360441 549.854685383 131.081559470 0.000000000 0.000000000 0.000000000 0.000000000 1.000000000
1125.749690533 550.134875247 130.327034625 0.000000000 0.000000000 0.000000000 0.000000000 1.000000000
1125.950633049 550.404907492 129.566513206 0.000000000 0.000000000 0.000000000 0.000000000 1.000000000
1126.149629354 550.676241554 128.806111867 0.000000000 0.000000000 0.000000000 0.000000000 1.000000000
1126.349480152 550.938014107 128.049400629 0.000000000 0.000000000 0.000000000 0.000000000 1.000000000
1126.550446749 551.194545090 127.281815903 0.000000000 0.000000000 0.000000000 0.000000000 1.000000000
1126.750011206 551.448001250 126.520266572 0.000000000 0.000000000 0.000000000 0.000000000 1.000000000
1126.949991703 551.698644736 125.751753046 0.000000000 0.000000000 0.000000000 0.000000000 1.000000000
1127.149583340 551.953145548 124.987847500 0.000000000 0.000000000 0.000000000 0.000000000 1.000000000
1127.349763632 552.201422593 124.227017334 0.000000000 0.000000000 0.000000000 0.000000000 1.000000000
1127.550304890 552.448414788 123.457765367 0.000000000 0.000000000 0.000000000 0.000000000 1.000000000
1127.750146389 552.692115469 122.687268515 0.000000000 0.000000000 0.000000000 0.000000000 1.000000000
1127.950336933 552.942327760 121.917908346 0.000000000 0.000000000 0.000000000 0.000000000 1.000000000
1128.149784088 553.190972868 121.148819034 0.000000000 0.000000000 0.000000000 0.000000000 1.000000000
1128.349675894 553.444137930 120.384331420 0.000000000 0.000000000 0.000000000 0.000000000 1.000000000
1128.549623966 553.698803085 119.627369319 0.000000000 0.000000000 0.000000000 0.000000000 1.000000000
1128.749734402 553.951126472 118.867212367 0.000000000 0.000000000 0.000000000 0.000000000 1.000000000
1128.950403929 554.201949724 118.111041226 0.000000000 0.000000000 0.000000000 0.000000000 1.000000000
1129.149748087 554.448518555 117.352810030 0.000000000 0.000000000 0.000000000 0.000000000 1.000000000
1129.349541664 554.701110473 116.599588062 0.000000000 0.000000000 0.000000000 0.000000000 1.000000000
1129.550555706 554.951536856 115.851235347 0.000000000 0.000000000 0.000000000 0.000000000 1.000000000
1129.749736547 555.205411651 115.104006719 0.000000000 0.000000000 0.000000000 0.000000000 1.000000000
1129.949501753 555.453712578 114.363390442 0.000000000 0.000000000 0.000000000 0.000000000 1.000000000
1130.150309324 555.699660255 113.616694165 0.000000000 0.000000000 0.000000000 0.000000000 1.000000000
1130.350162983 555.945388981 112.867447355 0.000000000 0.000000000 0.000000000 0.000000000 1.000000000
1130.550371408 556.187245141 112.115699301 0.000000000 0.000000000 0.000000000 0.000000000 1.000000000
1130.749845743 556.416525085 111.363345047 0.000000000 0.000000000 0.000000000 0.000000000 1.000000000
1130.950458765 556.637870240 110.603926269 0.000000000 0.000000000 0.000000000 0.000000000 1.000000000
1131.149694443 556.853672562 109.836245987 0.000000000 0.000000000 0.000000000 0.000000000 1.000000000
1131.350270748 557.058672108 109.067740140 0.000000000 0.000000000 0.000000000 0.000000000 1.000000000
1131.550141573 557.256144410 108.298178202 0.000000000 0.000000000 0.000000000 0.000000000 1.000000000
1131.749517441 557.448618733 107.519009023 0.000000000 0.000000000 0.000000000 0.000000000 1.000000000
1131.950067759 557.626073433 106.741911300 0.000000000 0.000000000 0.000000000 0.000000000 1.000000000
1132.149765491 557.788664248 105.964583762 0.000000000 0.000000000 0.000000000 0.000000000 1.000000000
1132.350026369 557.938398111 105.186175316 0.000000000 0.000000000 0.000000000 0.000000000 1.000000000
1132.550347328 558.070235411 104.400764789 0.000000000 0.000000000 0.000000000 0.000000000 1.000000000
1132.750209332 558.181954754 103.616099828 0.000000000 0.000000000 0.000000000 0.000000000 1.000000000
1132.950283766 558.275125919 102.824615798 0.000000000 0.000000000 0.000000000 0.000000000 1.000000000
1133.150426388 558.353875174 102.030730086 0.000000000 0.000000000 0.000000000 0.000000000 1.000000000
1133.350362301 558.413490538 101.231532014 0.000000000 0.000000000 0.000000000 0.000000000 1.000000000
1133.549438477 558.452508035 100.435257436 0.000000000 0.000000000 0.000000000 0.000000000 1.000000000
1133.749977350 558.474502726 99.639404217 0.000000000 0.000000000 0.000000000 0.000000000 1.000000000
1133.949837923 558.463923420 98.841300867 0.000000000 0.000000000 0.000000000 0.000000000 1.000000000
1134.149525166 558.427773599 98.044782987 0.000000000 0.000000000 0.000000000 0.000000000 1.000000000
1134.349521637 558.366593705 97.249774599 0.000000000 0.000000000 0.000000000 0.000000000 1.000000000
1134.549819946 558.275809902 96.452663992 0.000000000 0.000000000 0.000000000 0.000000000 1.000000000
1134.749784946 558.161702078 95.662250628 0.000000000 0.000000000 0.000000000 0.000000000 1.000000000
1134.950577736 558.018222941 94.871726349 0.000000000 0.000000000 0.000000000 0.000000000 1.000000000
1135.149843216 557.844621882 94.091788283 0.000000000 0.000000000 0.000000000 0.000000000 1.000000000
1135.350315571 557.645845807 93.311820634 0.000000000 0.000000000 0.000000000 0.000000000 1.000000000
1135.549509525 557.421936822 92.536226436 0.000000000 0.000000000 0.000000000 0.000000000 1.000000000
1135.750449657 557.175558009 91.761969985 0.000000000 0.000000000 0.000000000 0.000000000 1.000000000
1135.950178623 556.909480269 91.000774258 0.000000000 0.000000000 0.000000000 0.000000000 1.000000000
1136.149726391 556.613493318 90.250058098 0.000000000 0.000000000 0.000000000 0.000000000 1.000000000
1136.349864483 556.291734796 89.517105551 0.000000000 0.000000000 0.000000000 0.000000000 1.000000000
1136.550307751 555.946783872 88.799954897 0.000000000 0.000000000 0.000000000 0.000000000 1.000000000
1136.750096798 555.572655469 88.090399570 0.000000000 0.000000000 0.000000000 0.000000000 1.000000000
1136.949379921 555.180538970 87.400145518 0.000000000 0.000000000 0.000000000 0.000000000 1.000000000
1137.149643660 554.767138509 86.723011894 0.000000000 0.000000000 0.000000000 0.000000000 1.000000000
1137.350288391 554.330738077 86.054307572 0.000000000 0.000000000 0.000000000 0.000000000 1.000000000
1137.549629211 553.876176209 85.405679629 0.000000000 0.000000000 0.000000000 0.000000000 1.000000000
1137.750009537 553.397559821 84.765680454 0.000000000 0.000000000 0.000000000 0.000000000 1.000000000
1137.950542450 552.896611952 84.145754801 0.000000000 0.000000000 0.000000000 0.000000000 1.000000000
1138.150024891 552.376985731 83.538689834 0.000000000 0.000000000 0.000000000 0.000000000 1.000000000
1138.349434137 551.841138010 82.950916804 0.000000000 0.000000000 0.000000000 0.000000000 1.000000000
1138.548592329 551.283884648 82.372310502 0.000000000 0.000000000 0.000000000 0.000000000 1.000000000
1138.750058413 550.713532521 81.818564805 0.000000000 0.000000000 0.000000000 0.000000000 1.000000000
1138.949910879 550.119320781 81.280031068 0.000000000 0.000000000 0.000000000 0.000000000 1.000000000
1139.149513006 549.513805896 80.765261627 0.000000000 0.000000000 0.000000000 0.000000000 1.000000000
1139.348730803 548.887141296 80.270526406 0.000000000 0.000000000 0.000000000 0.000000000 1.000000000
1139.549284220 548.244695657 79.792720131 0.000000000 0.000000000 0.000000000 0.000000000 1.000000000
1139.750119686 547.587234539 79.337268488 0.000000000 0.000000000 0.000000000 0.000000000 1.000000000
1139.948959827 546.914107138 78.904360563 0.000000000 0.000000000 0.000000000 0.000000000 1.000000000
1140.148588657 546.226550754 78.487549499 0.000000000 0.000000000 0.000000000 0.000000000 1.000000000
1140.349378824 545.525895982 78.094968631 0.000000000 0.000000000 0.000000000 0.000000000 1.000000000
1140.548970461 544.811628623 77.722641552 0.000000000 0.000000000 0.000000000 0.000000000 1.000000000
1140.748733282 544.086669044 77.373813507 0.000000000 0.000000000 0.000000000 0.000000000 1.000000000
1140.949282646 543.352100024 77.045161493 0.000000000 0.000000000 0.000000000 0.000000000 1.000000000
1141.148914337 542.605037631 76.735136050 0.000000000 0.000000000 0.000000000 0.000000000 1.000000000
1141.349240065 541.854098561 76.448562821 0.000000000 0.000000000 0.000000000 0.000000000 1.000000000
1141.548862457 541.094714354 76.187465358 0.000000000 0.000000000 0.000000000 0.000000000 1.000000000
1141.748826265 540.326241936 75.940914256 0.000000000 0.000000000 0.000000000 0.000000000 1.000000000
1141.949306726 539.555686344 75.718963504 0.000000000 0.000000000 0.000000000 0.000000000 1.000000000
1142.148658276 538.783965098 75.507557563 0.000000000 0.000000000 0.000000000 0.000000000 1.000000000
1142.349523306 538.005833369 75.320917053 0.000000000 0.000000000 0.000000000 0.000000000 1.000000000
1142.549501657 537.224156604 75.145301138 0.000000000 0.000000000 0.000000000 0.000000000 1.000000000
1142.748516798 536.435783366 74.978940994 0.000000000 0.000000000 0.000000000 0.000000000 1.000000000
1142.948551655 535.647786556 74.819125308 0.000000000 0.000000000 0.000000000 0.000000000 1.000000000
1143.149136305 534.854540820 74.681416289 0.000000000 0.000000000 0.000000000 0.000000000 1.000000000
1143.349080086 534.063018096 74.541362395 0.000000000 0.000000000 0.000000000 0.000000000 1.000000000
1143.549261570 533.272089875 74.417410217 0.000000000 0.000000000 0.000000000 0.000000000 1.000000000
1143.748575211 532.477508536 74.303467559 0.000000000 0.000000000 0.000000000 0.000000000 1.000000000
1143.948395729 531.689387387 74.198011707 0.000000000 0.000000000 0.000000000 0.000000000 1.000000000
1144.149372339 530.892504308 74.098779665 0.000000000 0.000000000 0.000000000 0.000000000 1.000000000
1144.348815203 530.095671112 74.007218782 0.000000000 0.000000000 0.000000000 0.000000000 1.000000000
1144.548655987 529.303094481 73.915553253 0.000000000 0.000000000 0.000000000 0.000000000 1.000000000
1144.748514891 528.499573113 73.827674234 0.000000000 0.000000000 0.000000000 0.000000000 1.000000000
1144.948695183 527.702637882 73.737922596 0.000000000 0.000000000 0.000000000 0.000000000 1.000000000
1145.149478912 526.903675930 73.654560491 0.000000000 0.000000000 0.000000000 0.000000000 1.000000000
1145.348618746 526.105114004 73.565366910 0.000000000 0.000000000 0.000000000 0.000000000 1.000000000
1145.548645973 525.304592947 73.475430368 0.000000000 0.000000000 0.000000000 0.000000000 1.000000000
1145.749513626 524.508246564 73.383634145 0.000000000 0.000000000 0.000000000 0.000000000 1.000000000
1145.949424982 523.711453413 73.289697220 0.000000000 0.000000000 0.000000000 0.000000000 1.000000000
1146.149120331 522.915755815 73.192505072 0.000000000 0.000000000 0.000000000 0.000000000 1.000000000
1146.348824501 522.124653543 73.098377462 0.000000000 0.000000000 0.000000000 0.000000000 1.000000000
1146.548925877 521.329104244 72.998961133 0.000000000 0.000000000 0.000000000 0.000000000 1.000000000
1146.749492884 520.534959884 72.899694006 0.000000000 0.000000000 0.000000000 0.000000000 1.000000000
1146.948671579 519.742893600 72.803290635 0.000000000 0.000000000 0.000000000 0.000000000 1.000000000
1147.149019718 518.946237923 72.700422717 0.000000000 0.000000000 0.000000000 0.000000000 1.000000000
1147.348457575 518.150618221 72.601609182 0.000000000 0.000000000 0.000000000 0.000000000 1.000000000
1147.549269915 517.353130684 72.502599114 0.000000000 0.000000000 0.000000000 0.000000000 1.000000000
1147.749250889 516.558112232 72.409708352 0.000000000 0.000000000 0.000000000 0.000000000 1.000000000
1147.949320793 515.760196363 72.311698631 0.000000000 0.000000000 0.000000000 0.000000000 1.000000000
1148.148404360 514.960102707 72.213964493 0.000000000 0.000000000 0.000000000 0.000000000 1.000000000
1148.348667145 514.165188311 72.117036491 0.000000000 0.000000000 0.000000000 0.000000000 1.000000000
1148.548669338 513.373512793 72.017609578 0.000000000 0.000000000 0.000000000 0.000000000 1.000000000
1148.748687506 512.584090430 71.912122726 0.000000000 0.000000000 0.000000000 0.000000000 1.000000000
1148.949044466 511.794595072 71.812962228 0.000000000 0.000000000 0.000000000 0.000000000 1.000000000
1149.149205923 511.007492271 71.711938913 0.000000000 0.000000000 0.000000000 0.000000000 1.000000000
1149.349195719 510.219737587 71.606542259 0.000000000 0.000000000 0.000000000 0.000000000 1.000000000
1149.549257755 509.432929946 71.506033866 0.000000000 0.000000000 0.000000000 0.000000000 1.000000000
1149.748444080 508.648501495 71.398249706 0.000000000 0.000000000 0.000000000 0.000000000 1.000000000
1149.949474096 507.862313802 71.292818005 0.000000000 0.000000000 0.000000000 0.000000000 1.000000000
1150.149212360 507.074307824 71.188674674 0.000000000 0.000000000 0.000000000 0.000000000 1.000000000
1150.348305225 506.283784903 71.087242264 0.000000000 0.000000000 0.000000000 0.000000000 1.000000000
1150.548851728 505.489162013 70.987542268 0.000000000 0.000000000 0.000000000 0.000000000 1.000000000
1150.748572350 504.690956904 70.894850443 0.000000000 0.000000000 0.000000000 0.000000000 1.000000000
1150.948838472 503.895351006 70.795365439 0.000000000 0.000000000 0.000000000 0.000000000 1.000000000
1151.149114132 503.100379193 70.697049057 0.000000000 0.000000000 0.000000000 0.000000000 1.000000000
1151.349264860 502.310886022 70.599602795 0.000000000 0.000000000 0.000000000 0.000000000 1.000000000
1151.548983574 501.526570991 70.499954506 0.000000000 0.000000000 0.000000000 0.000000000 1.000000000
1151.748885870 500.735597087 70.402110540 0.000000000 0.000000000 0.000000000 0.000000000 1.000000000
1151.948444128 499.945429661 70.304591595 0.000000000 0.000000000 0.000000000 0.000000000 1.000000000
1152.148597956 499.159704612 70.205808336 0.000000000 0.000000000 0.000000000 0.000000000 1.000000000
1152.349025249 498.371600045 70.106291024 0.000000000 0.000000000 0.000000000 0.000000000 1.000000000
1152.548840046 497.580429963 70.006172749 0.000000000 0.000000000 0.000000000 0.000000000 1.000000000
1152.749072075 496.793721446 69.903644489 0.000000000 0.000000000 0.000000000 0.000000000 1.000000000
1152.948917150 496.008410757 69.798938164 0.000000000 0.000000000 0.000000000 0.000000000 1.000000000
1153.148814440 495.224087780 69.696353644 0.000000000 0.000000000 0.000000000 0.000000000 1.000000000
1153.349036694 494.443366200 69.590754716 0.000000000 0.000000000 0.000000000 0.000000000 1.000000000
1153.548400164 493.659183858 69.488406476 0.000000000 0.000000000 0.000000000 0.000000000 1.000000000
1153.748225212 492.867529529 69.385121385 0.000000000 0.000000000 0.000000000 0.000000000 1.000000000
1153.948518038 492.078680985 69.282646717 0.000000000 0.000000000 0.000000000 0.000000000 1.000000000
1154.148836851 491.282730634 69.180729215 0.000000000 0.000000000 0.000000000 0.000000000 1.000000000
1154.349104166 490.495956130 69.079848705 0.000000000 0.000000000 0.000000000 0.000000000 1.000000000
1154.549166918 489.702768629 68.975575612 0.000000000 0.000000000 0.000000000 0.000000000 1.000000000
1154.749365330 488.910286952 68.873523218 0.000000000 0.000000000 0.000000000 0.000000000 1.000000000
1154.948423624 488.111375683 68.770649845 0.000000000 0.000000000 0.000000000 0.000000000 1.000000000
1155.148636103 487.314687344 68.675595504 0.000000000 0.000000000 0.000000000 0.000000000 1.000000000
1155.348452330 486.512053254 68.576475947 0.000000000 0.000000000 0.000000000 0.000000000 1.000000000
1155.548951149 485.710071823 68.480013202 0.000000000 0.000000000 0.000000000 0.000000000 1.000000000
1155.748803616 484.908856865 68.384875724 0.000000000 0.000000000 0.000000000 0.000000000 1.000000000
1155.948606491 484.108848450 68.287953393 0.000000000 0.000000000 0.000000000 0.000000000 1.000000000
1156.149002552 483.306755260 68.192212438 0.000000000 0.000000000 0.000000000 0.000000000 1.000000000
1156.349085808 482.507726194 68.091419538 0.000000000 0.000000000 0.000000000 0.000000000 1.000000000
1156.548756361 481.704353623 67.996687477 0.000000000 0.000000000 0.000000000 0.000000000 1.000000000
1156.749255657 480.903132646 67.895766783 0.000000000 0.000000000 0.000000000 0.000000000 1.000000000
1156.948672771 480.102977375 67.794305514 0.000000000 0.000000000 0.000000000 0.000000000 1.000000000
1157.149008274 479.300591833 67.690797434 0.000000000 0.000000000 0.000000000 0.000000000 1.000000000
1157.348672152 478.509547917 67.588760472 0.000000000 0.000000000 0.000000000 0.000000000 1.000000000
1157.548521042 477.714102853 67.487151617 0.000000000 0.000000000 0.000000000 0.000000000 1.000000000
1157.748915672 476.917009211 67.386872179 0.000000000 0.000000000 0.000000000 0.000000000 1.000000000
1157.948437929 476.127612538 67.281600677 0.000000000 0.000000000 0.000000000 0.000000000 1.000000000
1158.149014711 475.337783419 67.185951645 0.000000000 0.000000000 0.000000000 0.000000000 1.000000000
1158.348812103 474.547536176 67.081534923 0.000000000 0.000000000 0.000000000 0.000000000 1.000000000
1158.549295187 473.760786264 66.977126743 0.000000000 0.000000000 0.000000000 0.000000000 1.000000000
1158.748186827 472.976200558 66.872791238 0.000000000 0.000000000 0.000000000 0.000000000 1.000000000
1158.949237347 472.194407253 66.777622704 0.000000000 0.000000000 0.000000000 0.000000000 1.000000000
1159.148869991 471.413586184 66.671138356 0.000000000 0.000000000 0.000000000 0.000000000 1.000000000
1159.349082947 470.624550024 66.566167110 0.000000000 0.000000000 0.000000000 0.000000000 1.000000000
1159.548984051 469.835287520 66.461672998 0.000000000 0.000000000 0.000000000 0.000000000 1.000000000
1159.748883247 469.033861229 66.349398425 0.000000000 0.000000000 0.000000000 0.000000000 1.000000000
1159.949079514 468.243222381 66.243926285 0.000000000 0.000000000 0.000000000 0.000000000 1.000000000
1160.148552418 467.449644560 66.135006496 0.000000000 0.000000000 0.000000000 0.000000000 1.000000000
1160.348404408 466.656446660 66.029297214 0.000000000 0.000000000 0.000000000 0.000000000 1.000000000
1160.548553944 465.861247192 65.921176378 0.000000000 0.000000000 0.000000000 0.000000000 1.000000000
1160.749387264 465.069847296 65.818853454 0.000000000 0.000000000 0.000000000 0.000000000 1.000000000
1160.948339939 464.275526648 65.719768810 0.000000000 0.000000000 0.000000000 0.000000000 1.000000000
1161.149121284 463.475214142 65.621653529 0.000000000 0.000000000 0.000000000 0.000000000 1.000000000
1161.348962069 462.678624979 65.529280126 0.000000000 0.000000000 0.000000000 0.000000000 1.000000000
1161.549358845 461.878735947 65.438660543 0.000000000 0.000000000 0.000000000 0.000000000 1.000000000
1161.748954773 461.076038202 65.342019107 0.000000000 0.000000000 0.000000000 0.000000000 1.000000000
1161.948666811 460.275966155 65.247067556 0.000000000 0.000000000 0.000000000 0.000000000 1.000000000
1162.149048567 459.476145376 65.152319550 0.000000000 0.000000000 0.000000000 0.000000000 1.000000000
1162.348801613 458.673205932 65.052884813 0.000000000 0.000000000 0.000000000 0.000000000 1.000000000
1162.548283339 457.877024983 64.953407098 0.000000000 0.000000000 0.000000000 0.000000000 1.000000000
1162.749040127 457.077487482 64.851128697 0.000000000 0.000000000 0.000000000 0.000000000 1.000000000
1162.948428392 456.275621530 64.752189641 0.000000000 0.000000000 0.000000000 0.000000000 1.000000000
1163.148986340 455.476741693 64.652231442 0.000000000 0.000000000 0.000000000 0.000000000 1.000000000
1163.349110842 454.679664205 64.553636312 0.000000000 0.000000000 0.000000000 0.000000000 1.000000000
1163.548634768 453.882384209 64.452523693 0.000000000 0.000000000 0.000000000 0.000000000 1.000000000
1163.748817682 453.087672937 64.359950667 0.000000000 0.000000000 0.000000000 0.000000000 1.000000000
1163.948222876 452.295635196 64.263825880 0.000000000 0.000000000 0.000000000 0.000000000 1.000000000
1164.148599625 451.504547921 64.161303022 0.000000000 0.000000000 0.000000000 0.000000000 1.000000000
1164.348932028 450.716216379 64.065218729 0.000000000 0.000000000 0.000000000 0.000000000 1.000000000
1164.548368216 449.926133352 63.960439755 0.000000000 0.000000000 0.000000000 0.000000000 1.000000000
1164.749145985 449.135297893 63.867873603 0.000000000 0.000000000 0.000000000 0.000000000 1.000000000
1164.948686838 448.340235439 63.772859744 0.000000000 0.000000000 0.000000000 0.000000000 1.000000000
1165.148697138 447.544266297 63.680265729 0.000000000 0.000000000 0.000000000 0.000000000 1.000000000
1165.348187208 446.752671342 63.584245200 0.000000000 0.000000000 0.000000000 0.000000000 1.000000000
1165.548569679 445.957554410 63.486368123 0.000000000 0.000000000 0.000000000 0.000000000 1.000000000
1165.748586893 445.162145941 63.391276129 0.000000000 0.000000000 0.000000000 0.000000000 1.000000000
1165.947952032 444.372965306 63.285154168 0.000000000 0.000000000 0.000000000 0.000000000 1.000000000
1166.148952007 443.584477309 63.185210266 0.000000000 0.000000000 0.000000000 0.000000000 1.000000000
1166.348303556 442.794607734 63.079020984 0.000000000 0.000000000 0.000000000 0.000000000 1.000000000
1166.548535347 442.011668708 62.982539735 0.000000000 0.000000000 0.000000000 0.000000000 1.000000000
1166.748663187 441.228923000 62.879180692 0.000000000 0.000000000 0.000000000 0.000000000 1.000000000
1166.947466612 440.448819823 62.775082801 0.000000000 0.000000000 0.000000000 0.000000000 1.000000000
1167.148352861 439.667395743 62.670967785 0.000000000 0.000000000 0.000000000 0.000000000 1.000000000
1167.348153353 438.878118484 62.561875856 0.000000000 0.000000000 0.000000000 0.000000000 1.000000000
1167.547738552 438.088804636 62.447213749 0.000000000 0.000000000 0.000000000 0.000000000 1.000000000
1167.747966528 437.300817839 62.338773500 0.000000000 0.000000000 0.000000000 0.000000000 1.000000000
1167.947968721 436.521622859 62.228234943 0.000000000 0.000000000 0.000000000 0.000000000 1.000000000
1168.147831678 435.735795517 62.125869556 0.000000000 0.000000000 0.000000000 0.000000000 1.000000000
1168.347926617 434.944795947 62.031283851 0.000000000 0.000000000 0.000000000 0.000000000 1.000000000
1168.548012018 434.152185498 61.930232584 0.000000000 0.000000000 0.000000000 0.000000000 1.000000000
1168.747941494 433.366320868 61.836670198 0.000000000 0.000000000 0.000000000 0.000000000 1.000000000
1168.947906494 432.570662721 61.738401644 0.000000000 0.000000000 0.000000000 0.000000000 1.000000000
1169.148182154 431.765518066 61.642747917 0.000000000 0.000000000 0.000000000 0.000000000 1.000000000
1169.347933292 430.965703169 61.542573277 0.000000000 0.000000000 0.000000000 0.000000000 1.000000000
1169.548107147 430.157172516 61.438626561 0.000000000 0.000000000 0.000000000 0.000000000 1.000000000
1169.747894049 429.349794438 61.332224491 0.000000000 0.000000000 0.000000000 0.000000000 1.000000000
1169.947914839 428.550843128 61.232244683 0.000000000 0.000000000 0.000000000 0.000000000 1.000000000
1170.147278547 427.746201716 61.131760121 0.000000000 0.000000000 0.000000000 0.000000000 1.000000000
1170.347495317 426.952336114 61.031990726 0.000000000 0.000000000 0.000000000 0.000000000 1.000000000
1170.547458410 426.158291294 60.940232467 0.000000000 0.000000000 0.000000000 0.000000000 1.000000000
1170.747960091 425.352543993 60.854289457 0.000000000 0.000000000 0.000000000 0.000000000 1.000000000
1170.948072433 424.550025852 60.763899514 0.000000000 0.000000000 0.000000000 0.000000000 1.000000000
1171.147983313 423.746207639 60.667743652 0.000000000 0.000000000 0.000000000 0.000000000 1.000000000
1171.348276377 422.940220704 60.573168586 0.000000000 0.000000000 0.000000000 0.000000000 1.000000000
1171.547448158 422.131926910 60.468321426 0.000000000 0.000000000 0.000000000 0.000000000 1.000000000
1171.747783661 421.328045933 60.355674880 0.000000000 0.000000000 0.000000000 0.000000000 1.000000000
1171.947522402 420.515562488 60.253381825 0.000000000 0.000000000 0.000000000 0.000000000 1.000000000
1172.147504807 419.713598700 60.157848882 0.000000000 0.000000000 0.000000000 0.000000000 1.000000000
1172.348146915 418.920095908 60.062386738 0.000000000 0.000000000 0.000000000 0.000000000 1.000000000
1172.547778606 418.131905158 59.965848345 0.000000000 0.000000000 0.000000000 0.000000000 1.000000000
1172.748234749 417.342942617 59.864439161 0.000000000 0.000000000 0.000000000 0.000000000 1.000000000
1172.947643757 416.552215451 59.756514387 0.000000000 0.000000000 0.000000000 0.000000000 1.000000000
1173.147902489 415.764535793 59.651212329 0.000000000 0.000000000 0.000000000 0.000000000 1.000000000
1173.347555161 414.976929742 59.547734322 0.000000000 0.000000000 0.000000000 0.000000000 1.000000000
1173.547522545 414.183135301 59.441435048 0.000000000 0.000000000 0.000000000 0.000000000 1.000000000
1173.747838497 413.391871785 59.338818992 0.000000000 0.000000000 0.000000000 0.000000000 1.000000000
1173.947354078 412.597573002 59.232953378 0.000000000 0.000000000 0.000000000 0.000000000 1.000000000
1174.147884607 411.802995867 59.126789694 0.000000000 0.000000000 0.000000000 0.000000000 1.000000000
1174.348007679 411.006416045 59.017749254 0.000000000 0.000000000 0.000000000 0.000000000 1.000000000
1174.547630072 410.200158733 58.911483710 0.000000000 0.000000000 0.000000000 0.000000000 1.000000000
1174.747681141 409.394769959 58.804192418 0.000000000 0.000000000 0.000000000 0.000000000 1.000000000
1174.947724819 408.595016963 58.692036768 0.000000000 0.000000000 0.000000000 0.000000000 1.000000000
1175.148013592 407.795631022 58.582849753 0.000000000 0.000000000 0.000000000 0.000000000 1.000000000
1175.347679615 407.009095389 58.482235438 0.000000000 0.000000000 0.000000000 0.000000000 1.000000000
1175.547863722 406.222006502 58.393187271 0.000000000 0.000000000 0.000000000 0.000000000 1.000000000
1175.747745275 405.435198372 58.302299527 0.000000000 0.000000000 0.000000000 0.000000000 1.000000000
1175.948025227 404.649130506 58.220044386 0.000000000 0.000000000 0.000000000 0.000000000 1.000000000
1176.147490501 403.852985792 58.134192207 0.000000000 0.000000000 0.000000000 0.000000000 1.000000000
1176.347888947 403.059760636 58.053191481 0.000000000 0.000000000 0.000000000 0.000000000 1.000000000
1176.548006058 402.264642048 57.971101402 0.000000000 0.000000000 0.000000000 0.000000000 1.000000000
1176.748132467 401.465393296 57.886761298 0.000000000 0.000000000 0.000000000 0.000000000 1.000000000
1176.947179317 400.671915865 57.796611033 0.000000000 0.000000000 0.000000000 0.000000000 1.000000000
1177.147122860 399.875052952 57.703756952 0.000000000 0.000000000 0.000000000 0.000000000 1.000000000
1177.347193956 399.085011337 57.608010074 0.000000000 0.000000000 0.000000000 0.000000000 1.000000000
1177.548012733 398.292134408 57.504273115 0.000000000 0.000000000 0.000000000 0.000000000 1.000000000
1177.747342825 397.499778716 57.405932554 0.000000000 0.000000000 0.000000000 0.000000000 1.000000000
1177.947360039 396.713698091 57.301274559 0.000000000 0.000000000 0.000000000 0.000000000 1.000000000
1178.147669315 395.921168447 57.193141889 0.000000000 0.000000000 0.000000000 0.000000000 1.000000000
1178.347975016 395.133475435 57.090622102 0.000000000 0.000000000 0.000000000 0.000000000 1.000000000
1178.547637939 394.344061189 56.988127231 0.000000000 0.000000000 0.000000000 0.000000000 1.000000000
1178.747285604 393.552074426 56.885889996 0.000000000 0.000000000 0.000000000 0.000000000 1.000000000
1178.947182894 392.757433464 56.788315639 0.000000000 0.000000000 0.000000000 0.000000000 1.000000000
1179.148166895 391.957052849 56.690194625 0.000000000 0.000000000 0.000000000 0.000000000 1.000000000
1179.347310781 391.162612218 56.588061070 0.000000000 0.000000000 0.000000000 0.000000000 1.000000000
1179.547728777 390.371230756 56.482036992 0.000000000 0.000000000 0.000000000 0.000000000 1.000000000
1179.747625828 389.576117213 56.380619347 0.000000000 0.000000000 0.000000000 0.000000000 1.000000000
1179.947397709 388.786287083 56.277902251 0.000000000 0.000000000 0.000000000 0.000000000 1.000000000
1180.147738218 387.997965685 56.170419944 0.000000000 0.000000000 0.000000000 0.000000000 1.000000000
1180.347127438 387.208075520 56.061855486 0.000000000 0.000000000 0.000000000 0.000000000 1.000000000
1180.547568798 386.427770954 55.953890023 0.000000000 0.000000000 0.000000000 0.000000000 1.000000000
1180.747902870 385.642635310 55.844985471 0.000000000 0.000000000 0.000000000 0.000000000 1.000000000
1180.947881222 384.859538296 55.740039203 0.000000000 0.000000000 0.000000000 0.000000000 1.000000000
1181.148028374 384.072638064 55.634064428 0.000000000 0.000000000 0.000000000 0.000000000 1.000000000
1181.347320080 383.288721082 55.527021332 0.000000000 0.000000000 0.000000000 0.000000000 1.000000000
1181.547160149 382.501359037 55.419241167 0.000000000 0.000000000 0.000000000 0.000000000 1.000000000
1181.747182131 381.716608136 55.312938537 0.000000000 0.000000000 0.000000000 0.000000000 1.000000000
1181.947077751 380.928626511 55.211470913 0.000000000 0.000000000 0.000000000 0.000000000 1.000000000
1182.147111177 380.144715260 55.117418304 0.000000000 0.000000000 0.000000000 0.000000000 1.000000000
1182.347191334 379.355944830 55.017023162 0.000000000 0.000000000 0.000000000 0.000000000 1.000000000
1182.547829151 378.565564160 54.917765494 0.000000000 0.000000000 0.000000000 0.000000000 1.000000000
1182.747247696 377.770327895 54.817171927 0.000000000 0.000000000 0.000000000 0.000000000 1.000000000
1182.947491646 376.975878443 54.721381092 0.000000000 0.000000000 0.000000000 0.000000000 1.000000000
1183.148118496 376.179490862 54.622681993 0.000000000 0.000000000 0.000000000 0.000000000 1.000000000
1183.347378016 375.377244850 54.535306624 0.000000000 0.000000000 0.000000000 0.000000000 1.000000000
1183.547800779 374.578410992 54.446704492 0.000000000 0.000000000 0.000000000 0.000000000 1.000000000
1183.747342348 373.776586939 54.343792745 0.000000000 0.000000000 0.000000000 0.000000000 1.000000000
1183.947378159 372.974699959 54.247124848 0.000000000 0.000000000 0.000000000 0.000000000 1.000000000
1184.147833347 372.178281004 54.147465815 0.000000000 0.000000000 0.000000000 0.000000000 1.000000000
1184.347425938 371.383579573 54.054456428 0.000000000 0.000000000 0.000000000 0.000000000 1.000000000
1184.547242880 370.580663124 53.956918310 0.000000000 0.000000000 0.000000000 0.000000000 1.000000000
1184.747815132 369.778104427 53.864963303 0.000000000 0.000000000 0.000000000 0.000000000 1.000000000
1184.947498083 368.972552222 53.760975669 0.000000000 0.000000000 0.000000000 0.000000000 1.000000000
1185.147288561 368.173002948 53.657401085 0.000000000 0.000000000 0.000000000 0.000000000 1.000000000
1185.348171949 367.375273911 53.551182864 0.000000000 0.000000000 0.000000000 0.000000000 1.000000000
1185.547271729 366.584830419 53.447284925 0.000000000 0.000000000 0.000000000 0.000000000 1.000000000
1185.747249126 365.789136071 53.342075243 0.000000000 0.000000000 0.000000000 0.000000000 1.000000000
1185.948069334 364.995253614 53.234806026 0.000000000 0.000000000 0.000000000 0.000000000 1.000000000
1186.147624731 364.200478980 53.126111277 0.000000000 0.000000000 0.000000000 0.000000000 1.000000000
1186.348199606 363.409220548 53.017866796 0.000000000 0.000000000 0.000000000 0.000000000 1.000000000
1186.547522068 362.627598162 52.910640646 0.000000000 0.000000000 0.000000000 0.000000000 1.000000000
1186.747976065 361.844077720 52.797629897 0.000000000 0.000000000 0.000000000 0.000000000 1.000000000
1186.947864532 361.064808798 52.685347110 0.000000000 0.000000000 0.000000000 0.000000000 1.000000000
1187.148020744 360.276554721 52.569778033 0.000000000 0.000000000 0.000000000 0.000000000 1.000000000
1187.347223759 359.489997115 52.458098548 0.000000000 0.000000000 0.000000000 0.000000000 1.000000000
1187.547788858 358.694567654 52.346210977 0.000000000 0.000000000 0.000000000 0.000000000 1.000000000
1187.747269154 357.901933013 52.239338677 0.000000000 0.000000000 0.000000000 0.000000000 1.000000000
1187.947874784 357.109617389 52.127431587 0.000000000 0.000000000 0.000000000 0.000000000 1.000000000
1188.147967815 356.313425725 52.021358990 0.000000000 0.000000000 0.000000000 0.000000000 1.000000000
1188.347166061 355.517874467 51.918214652 0.000000000 0.000000000 0.000000000 0.000000000 1.000000000
1188.548009157 354.718777792 51.810578748 0.000000000 0.000000000 0.000000000 0.000000000 1.000000000
1188.747520685 353.916210507 51.706433258 0.000000000 0.000000000 0.000000000 0.000000000 1.000000000
1188.947942972 353.117549399 51.602240713 0.000000000 0.000000000 0.000000000 0.000000000 1.000000000
1189.148023129 352.315316980 51.498590472 0.000000000 0.000000000 0.000000000 0.000000000 1.000000000
1189.347822905 351.515939419 51.398803074 0.000000000 0.000000000 0.000000000 0.000000000 1.000000000
1189.547370911 350.712171763 51.300568005 0.000000000 0.000000000 0.000000000 0.000000000 1.000000000
1189.747058153 349.909705722 51.205241942 0.000000000 0.000000000 0.000000000 0.000000000 1.000000000
1189.947609425 349.105888158 51.112266324 0.000000000 0.000000000 0.000000000 0.000000000 1.000000000
1190.147391081 348.305198324 51.023335280 0.000000000 0.000000000 0.000000000 0.000000000 1.000000000
1190.347861528 347.509123426 50.930226003 0.000000000 0.000000000 0.000000000 0.000000000 1.000000000
1190.547519684 346.709775742 50.830541159 0.000000000 0.000000000 0.000000000 0.000000000 1.000000000
1190.747461557 345.911764662 50.729913768 0.000000000 0.000000000 0.000000000 0.000000000 1.000000000
1190.947772741 345.123336626 50.632347150 0.000000000 0.000000000 0.000000000 0.000000000 1.000000000
1191.148061275 344.327689275 50.528659229 0.000000000 0.000000000 0.000000000 0.000000000 1.000000000
1191.347212553 343.533434999 50.426549770 0.000000000 0.000000000 0.000000000 0.000000000 1.000000000
1191.547207117 342.743523557 50.327982564 0.000000000 0.000000000 0.000000000 0.000000000 1.000000000
1191.747035742 341.951026518 50.228060407 0.000000000 0.000000000 0.000000000 0.000000000 1.000000000
1191.946986675 341.158881364 50.130668177 0.000000000 0.000000000 0.000000000 0.000000000 1.000000000
1192.147038460 340.370998763 50.030804426 0.000000000 0.000000000 0.000000000 0.000000000 1.000000000
1192.347584724 339.584007550 49.934047460 0.000000000 0.000000000 0.000000000 0.000000000 1.000000000
1192.546990395 338.792040232 49.838558597 0.000000000 0.000000000 0.000000000 0.000000000 1.000000000
1192.747454882 338.002203093 49.743563255 0.000000000 0.000000000 0.000000000 0.000000000 1.000000000
1192.947770119 337.211499967 49.644557656 0.000000000 0.000000000 0.000000000 0.000000000 1.000000000
1193.147174120 336.419641409 49.550931226 0.000000000 0.000000000 0.000000000 0.000000000 1.000000000
1193.347370386 335.621694600 49.458005311 0.000000000 0.000000000 0.000000000 0.000000000 1.000000000
1193.547262430 334.825883542 49.363351722 0.000000000 0.000000000 0.000000000 0.000000000 1.000000000
1193.747561216 334.026895954 49.265555556 0.000000000 0.000000000 0.000000000 0.000000000 1.000000000
1193.946839333 333.230488175 49.165751760 0.000000000 0.000000000 0.000000000 0.000000000 1.000000000
1194.147148609 332.433402517 49.065790600 0.000000000 0.000000000 0.000000000 0.000000000 1.000000000
1194.347303152 331.638942707 48.964002270 0.000000000 0.000000000 0.000000000 0.000000000 1.000000000
1194.547209740 330.844105422 48.857063542 0.000000000 0.000000000 0.000000000 0.000000000 1.000000000
1194.747014761 330.049374757 48.744044369 0.000000000 0.000000000 0.000000000 0.000000000 1.000000000
1194.946954489 329.251740405 48.632052518 0.000000000 0.000000000 0.000000000 0.000000000 1.000000000
1195.146335602 328.455267034 48.523392084 0.000000000 0.000000000 0.000000000 0.000000000 1.000000000
1195.347002029 327.658185040 48.417653964 0.000000000 0.000000000 0.000000000 0.000000000 1.000000000
1195.546717644 326.861906782 48.309218578 0.000000000 0.000000000 0.000000000 0.000000000 1.000000000
1195.746167421 326.063455659 48.205762053 0.000000000 0.000000000 0.000000000 0.000000000 1.000000000
1195.946526527 325.258327101 48.104176569 0.000000000 0.000000000 0.000000000 0.000000000 1.000000000
1196.146712780 324.453586723 48.006311054 0.000000000 0.000000000 0.000000000 0.000000000 1.000000000
1196.346595526 323.650131969 47.907429789 0.000000000 0.000000000 0.000000000 0.000000000 1.000000000
1196.546304703 322.849717714 47.810537281 0.000000000 0.000000000 0.000000000 0.000000000 1.000000000
1196.746364832 322.054050106 47.712977692 0.000000000 0.000000000 0.000000000 0.000000000 1.000000000
1196.946135521 321.257285951 47.614263635 0.000000000 0.000000000 0.000000000 0.000000000 1.000000000
1197.146845579 320.468171547 47.511843055 0.000000000 0.000000000 0.000000000 0.000000000 1.000000000
1197.346468925 319.676085934 47.413720355 0.000000000 0.000000000 0.000000000 0.000000000 1.000000000
1197.546480894 318.888236068 47.313971840 0.000000000 0.000000000 0.000000000 0.000000000 1.000000000
1197.746876478 318.099343479 47.205934566 0.000000000 0.000000000 0.000000000 0.000000000 1.000000000
1197.946641684 317.308948330 47.100523401 0.000000000 0.000000000 0.000000000 0.000000000 1.000000000
1198.146134138 316.516677143 47.002051956 0.000000000 0.000000000 0.000000000 0.000000000 1.000000000
1198.346046925 315.725810177 46.911654041 0.000000000 0.000000000 0.000000000 0.000000000 1.000000000
1198.546805143 314.931443389 46.814461616 0.000000000 0.000000000 0.000000000 0.000000000 1.000000000
1198.746402740 314.133785094 46.713291025 0.000000000 0.000000000 0.000000000 0.000000000 1.000000000
1198.946771145 313.335855239 46.617065704 0.000000000 0.000000000 0.000000000 0.000000000 1.000000000
1199.146500349 312.535426840 46.512775205 0.000000000 0.000000000 0.000000000 0.000000000 1.000000000
1199.346456528 311.733567786 46.413876434 0.000000000 0.000000000 0.000000000 0.000000000 1.000000000
1199.546293736 310.929436322 46.311109101 0.000000000 0.000000000 0.000000000 0.000000000 1.000000000
1199.746158838 310.125205023 46.209420891 0.000000000 0.000000000 0.000000000 0.000000000 1.000000000
1199.946881294 309.323199517 46.109208295 0.000000000 0.000000000 0.000000000 0.000000000 1.000000000
1200.146568060 308.523346398 46.004830936 0.000000000 0.000000000 0.000000000 0.000000000 1.000000000
1200.346696377 307.728733768 45.902218200 0.000000000 0.000000000 0.000000000 0.000000000 1.000000000
1200.546394825 306.934137474 45.800185774 0.000000000 0.000000000 0.000000000 0.000000000 1.000000000
1200.746269941 306.139189935 45.700922647 0.000000000 0.000000000 0.000000000 0.000000000 1.000000000
1200.946274042 305.341702053 45.601569443 0.000000000 0.000000000 0.000000000 0.000000000 1.000000000
1201.146364212 304.546822606 45.503114840 0.000000000 0.000000000 0.000000000 0.000000000 1.000000000
1201.346866131 303.748376633 45.400713118 0.000000000 0.000000000 0.000000000 0.000000000 1.000000000
1201.546416998 302.947091494 45.298886511 0.000000000 0.000000000 0.000000000 0.000000000 1.000000000
1201.746939659 302.150093798 45.197340487 0.000000000 0.000000000 0.000000000 0.000000000 1.000000000
1201.946129322 301.357309637 45.088153732 0.000000000 0.000000000 0.000000000 0.000000000 1.000000000
1202.146548510 300.564933208 44.982233271 0.000000000 0.000000000 0.000000000 0.000000000 1.000000000
1202.346044302 299.771190833 44.883342337 0.000000000 0.000000000 0.000000000 0.000000000 1.000000000
1202.546462536 298.980903483 44.780248346 0.000000000 0.000000000 0.000000000 0.000000000 1.000000000
1202.746251345 298.187700301 44.680658536 0.000000000 0.000000000 0.000000000 0.000000000 1.000000000
1202.946554899 297.399573964 44.571859868 0.000000000 0.000000000 0.000000000 0.000000000 1.000000000
1203.146607161 296.611425123 44.471591609 0.000000000 0.000000000 0.000000000 0.000000000 1.000000000
1203.346276283 295.820963060 44.371945766 0.000000000 0.000000000 0.000000000 0.000000000 1.000000000
1203.546411276 295.035588823 44.270046539 0.000000000 0.000000000 0.000000000 0.000000000 1.000000000
1203.746697903 294.248756734 44.166778510 0.000000000 0.000000000 0.000000000 0.000000000 1.000000000
1203.946407080 293.460600565 44.065852021 0.000000000 0.000000000 0.000000000 0.000000000 1.000000000
1204.146023035 292.673213396 43.967881025 0.000000000 0.000000000 0.000000000 0.000000000 1.000000000
1204.346879244 291.889476218 43.868967494 0.000000000 0.000000000 0.000000000 0.000000000 1.000000000
1204.546454430 291.096276339 43.768362118 0.000000000 0.000000000 0.000000000 0.000000000 1.000000000
1204.746919155 290.304268757 43.670540687 0.000000000 0.000000000 0.000000000 0.000000000 1.000000000
1204.946791172 289.505487130 43.566410126 0.000000000 0.000000000 0.000000000 0.000000000 1.000000000
1205.146840334 288.709082224 43.467693555 0.000000000 0.000000000 0.000000000 0.000000000 1.000000000
1205.346284866 287.908268147 43.359390649 0.000000000 0.000000000 0.000000000 0.000000000 1.000000000
1205.545913696 287.111957438 43.259030862 0.000000000 0.000000000 0.000000000 0.000000000 1.000000000
1205.746560335 286.310966703 43.151757620 0.000000000 0.000000000 0.000000000 0.000000000 1.000000000
1205.946026087 285.520262825 43.048129580 0.000000000 0.000000000 0.000000000 0.000000000 1.000000000
1206.146027803 284.730344283 42.938910086 0.000000000 0.000000000 0.000000000 0.000000000 1.000000000
1206.346145630 283.939049031 42.833815334 0.000000000 0.000000000 0.000000000 0.000000000 1.000000000
1206.546907663 283.150790632 42.732946767 0.000000000 0.000000000 0.000000000 0.000000000 1.000000000
1206.746431112 282.359598581 42.630515746 0.000000000 0.000000000 0.000000000 0.000000000 1.000000000
1206.946025848 281.573687094 42.525416033 0.000000000 0.000000000 0.000000000 0.000000000 1.000000000
1207.146461725 280.785542765 42.424994257 0.000000000 0.000000000 0.000000000 0.000000000 1.000000000
1207.345938921 279.995921277 42.325652464 0.000000000 0.000000000 0.000000000 0.000000000 1.000000000
1207.546711206 279.211300704 42.226822932 0.000000000 0.000000000 0.000000000 0.000000000 1.000000000
1207.746218443 278.422764076 42.125590313 0.000000000 0.000000000 0.000000000 0.000000000 1.000000000
1207.946608543 277.636271878 42.025838176 0.000000000 0.000000000 0.000000000 0.000000000 1.000000000
1208.146383286 276.849522921 41.928062458 0.000000000 0.000000000 0.000000000 0.000000000 1.000000000
1208.346352339 276.060456983 41.826324011 0.000000000 0.000000000 0.000000000 0.000000000 1.000000000
1208.546754599 275.267235325 41.721655293 0.000000000 0.000000000 0.000000000 0.000000000 1.000000000
1208.746910334 274.470108826 41.616063838 0.000000000 0.000000000 0.000000000 0.000000000 1.000000000
1208.946371317 273.671290389 41.510648391 0.000000000 0.000000000 0.000000000 0.000000000 1.000000000
1209.145932674 272.878484336 41.406273983 0.000000000 0.000000000 0.000000000 0.000000000 1.000000000
1209.346548796 272.086735729 41.302065873 0.000000000 0.000000000 0.000000000 0.000000000 1.000000000
1209.546717167 271.296595285 41.195738028 0.000000000 0.000000000 0.000000000 0.000000000 1.000000000
1209.746976852 270.501897604 41.095552226 0.000000000 0.000000000 0.000000000 0.000000000 1.000000000
1209.945783615 269.708125949 40.986479620 0.000000000 0.000000000 0.000000000 0.000000000 1.000000000
1210.146580458 268.916463489 40.882822301 0.000000000 0.000000000 0.000000000 0.000000000 1.000000000
1210.346810102 268.122224439 40.778770558 0.000000000 0.000000000 0.000000000 0.000000000 1.000000000
1210.546444654 267.328286970 40.677370468 0.000000000 0.000000000 0.000000000 0.000000000 1.000000000
1210.746225357 266.531013664 40.577978473 0.000000000 0.000000000 0.000000000 0.000000000 1.000000000
1210.946840048 265.735952343 40.483952428 0.000000000 0.000000000 0.000000000 0.000000000 1.000000000
1211.146869183 264.936090590 40.380297735 0.000000000 0.000000000 0.000000000 0.000000000 1.000000000
1211.345940828 264.135638704 40.285385912 0.000000000 0.000000000 0.000000000 0.000000000 1.000000000
1211.546580791 263.335185767 40.177172711 0.000000000 0.000000000 0.000000000 0.000000000 1.000000000
1211.746231556 262.538008976 40.075595480 0.000000000 0.000000000 0.000000000 0.000000000 1.000000000
1211.946480036 261.741629658 39.981205376 0.000000000 0.000000000 0.000000000 0.000000000 1.000000000
1212.146058321 260.950322544 39.893756656 0.000000000 0.000000000 0.000000000 0.000000000 1.000000000
1212.346639633 260.155601329 39.803682282 0.000000000 0.000000000 0.000000000 0.000000000 1.000000000
1212.546020746 259.360331815 39.712371894 0.000000000 0.000000000 0.000000000 0.000000000 1.000000000
1212.746865988 258.559821108 39.614462865 0.000000000 0.000000000 0.000000000 0.000000000 1.000000000
1212.946459293 257.761922545 39.515890911 0.000000000 0.000000000 0.000000000 0.000000000 1.000000000
1213.146114588 256.978114485 39.419131576 0.000000000 0.000000000 0.000000000 0.000000000 1.000000000
1213.346879721 256.188348589 39.322224969 0.000000000 0.000000000 0.000000000 0.000000000 1.000000000
1213.546404839 255.393473518 39.220878915 0.000000000 0.000000000 0.000000000 0.000000000 1.000000000
1213.746714354 254.598283694 39.116326977 0.000000000 0.000000000 0.000000000 0.000000000 1.000000000
1213.945803165 253.804220126 39.011512290 0.000000000 0.000000000 0.000000000 0.000000000 1.000000000
1214.146588087 253.012080956 38.906845900 0.000000000 0.000000000 0.000000000 0.000000000 1.000000000
1214.346120358 252.218529361 38.807328699 0.000000000 0.000000000 0.000000000 0.000000000 1.000000000
1214.545746803 251.430051974 38.707634564 0.000000000 0.000000000 0.000000000 0.000000000 1.000000000
1214.746041536 250.638382775 38.605120135 0.000000000 0.000000000 0.000000000 0.000000000 1.000000000
1214.946575403 249.843605752 38.498165403 0.000000000 0.000000000 0.000000000 0.000000000 1.000000000
1215.146840096 249.047098626 38.393663861 0.000000000 0.000000000 0.000000000 0.000000000 1.000000000
1215.346283674 248.244975209 38.286784031 0.000000000 0.000000000 0.000000000 0.000000000 1.000000000
1215.546759605 247.448007022 38.189192471 0.000000000 0.000000000 0.000000000 0.000000000 1.000000000
1215.746391296 246.650997622 38.091390261 0.000000000 0.000000000 0.000000000 0.000000000 1.000000000
1215.945909739 245.851659309 37.988880893 0.000000000 0.000000000 0.000000000 0.000000000 1.000000000
1216.146713495 245.050447162 37.885357648 0.000000000 0.000000000 0.000000000 0.000000000 1.000000000
1216.346849680 244.251283384 37.781664111 0.000000000 0.000000000 0.000000000 0.000000000 1.000000000
1216.546183586 243.455249605 37.683154309 0.000000000 0.000000000 0.000000000 0.000000000 1.000000000
1216.746418238 242.658266188 37.579714922 0.000000000 0.000000000 0.000000000 0.000000000 1.000000000
1216.946077585 241.860059181 37.483345286 0.000000000 0.000000000 0.000000000 0.000000000 1.000000000
1217.145904541 241.060970748 37.383069783 0.000000000 0.000000000 0.000000000 0.000000000 1.000000000
1217.346570492 240.267153540 37.285346671 0.000000000 0.000000000 0.000000000 0.000000000 1.000000000
1217.546010733 239.468253399 37.184724859 0.000000000 0.000000000 0.000000000 0.000000000 1.000000000
1217.746434927 238.675702433 37.089248843 0.000000000 0.000000000 0.000000000 0.000000000 1.000000000
1217.946644783 237.888983968 36.986088554 0.000000000 0.000000000 0.000000000 0.000000000 1.000000000
1218.146367788 237.092796164 36.888492499 0.000000000 0.000000000 0.000000000 0.000000000 1.000000000
1218.346543550 236.298498405 36.786131714 0.000000000 0.000000000 0.000000000 0.000000000 1.000000000
1218.545913696 235.506202413 36.685701840 0.000000000 0.000000000 0.000000000 0.000000000 1.000000000
1218.746526957 234.711482365 36.588295556 0.000000000 0.000000000 0.000000000 0.000000000 1.000000000
1218.946874380 233.920247005 36.491326009 0.000000000 0.000000000 0.000000000 0.000000000 1.000000000
1219.146248817 233.128937680 36.391610495 0.000000000 0.000000000 0.000000000 0.000000000 1.000000000
1219.346795321 232.335551050 36.287427174 0.000000000 0.000000000 0.000000000 0.000000000 1.000000000
1219.546452522 231.543707627 36.190841780 0.000000000 0.000000000 0.000000000 0.000000000 1.000000000
1219.746416330 230.748434921 36.091344770 0.000000000 0.000000000 0.000000000 0.000000000 1.000000000
1219.946746349 229.954803413 35.994124269 0.000000000 0.000000000 0.000000000 0.000000000 1.000000000
1220.145920038 229.158983102 35.895926667 0.000000000 0.000000000 0.000000000 0.000000000 1.000000000
1220.346622944 228.367191760 35.798197115 0.000000000 0.000000000 0.000000000 0.000000000 1.000000000
1220.546518087 227.571743650 35.696925272 0.000000000 0.000000000 0.000000000 0.000000000 1.000000000
1220.746649504 226.781189264 35.594967718 0.000000000 0.000000000 0.000000000 0.000000000 1.000000000
1220.946340322 225.990945589 35.495903410 0.000000000 0.000000000 0.000000000 0.000000000 1.000000000
1221.146657228 225.202980488 35.394892172 0.000000000 0.000000000 0.000000000 0.000000000 1.000000000
1221.346214056 224.412502398 35.295807404 0.000000000 0.000000000 0.000000000 0.000000000 1.000000000
1221.546412945 223.631784184 35.200832002 0.000000000 0.000000000 0.000000000 0.000000000 1.000000000
1221.746206760 222.843337896 35.103330514 0.000000000 0.000000000 0.000000000 0.000000000 1.000000000
1221.946237564 222.053240547 35.004699485 0.000000000 0.000000000 0.000000000 0.000000000 1.000000000
1222.146556377 221.261340720 34.904646607 0.000000000 0.000000000 0.000000000 0.000000000 1.000000000
1222.346276283 220.463961352 34.805897510 0.000000000 0.000000000 0.000000000 0.000000000 1.000000000
1222.545503855 219.673822996 34.709493080 0.000000000 0.000000000 0.000000000 0.000000000 1.000000000
1222.745106459 218.879297361 34.608479492 0.000000000 0.000000000 0.000000000 0.000000000 1.000000000
1222.945675135 218.081443550 34.507481671 0.000000000 0.000000000 0.000000000 0.000000000 1.000000000
1223.145421982 217.289863082 34.402530801 0.000000000 0.000000000 0.000000000 0.000000000 1.000000000
1223.345749617 216.500988368 34.297210551 0.000000000 0.000000000 0.000000000 0.000000000 1.000000000
1223.545584440 215.714502998 34.200265385 0.000000000 0.000000000 0.000000000 0.000000000 1.000000000
1223.745759249 214.917907273 34.099334601 0.000000000 0.000000000 0.000000000 0.000000000 1.000000000
1223.945487738 214.123279836 33.993803133 0.000000000 0.000000000 0.000000000 0.000000000 1.000000000
1224.145498753 213.327573075 33.879233330 0.000000000 0.000000000 0.000000000 0.000000000 1.000000000
1224.345557213 212.536692968 33.767729620 0.000000000 0.000000000 0.000000000 0.000000000 1.000000000
1224.544944048 211.743218584 33.659173197 0.000000000 0.000000000 0.000000000 0.000000000 1.000000000
1224.745818853 210.953358722 33.554460766 0.000000000 0.000000000 0.000000000 0.000000000 1.000000000
1224.945198536 210.159679338 33.448301191 0.000000000 0.000000000 0.000000000 0.000000000 1.000000000
1225.145017147 209.372511349 33.341852867 0.000000000 0.000000000 0.000000000 0.000000000 1.000000000
1225.345598936 208.583836432 33.237528012 0.000000000 0.000000000 0.000000000 0.000000000 1.000000000
1225.545605421 207.801894395 33.131760165 0.000000000 0.000000000 0.000000000 0.000000000 1.000000000
1225.745444298 207.017946267 33.020269120 0.000000000 0.000000000 0.000000000 0.000000000 1.000000000
1225.945541143 206.234731793 32.912305951 0.000000000 0.000000000 0.000000000 0.000000000 1.000000000
1226.145741224 205.452678212 32.805447617 0.000000000 0.000000000 0.000000000 0.000000000 1.000000000
1226.344802618 204.677385704 32.699791812 0.000000000 0.000000000 0.000000000 0.000000000 1.000000000
1226.545629740 203.900529461 32.603752159 0.000000000 0.000000000 0.000000000 0.000000000 1.000000000
1226.744948149 203.118777481 32.510027356 0.000000000 0.000000000 0.000000000 0.000000000 1.000000000
1226.944868326 202.325645576 32.410086121 0.000000000 0.000000000 0.000000000 0.000000000 1.000000000
1227.145787716 201.536540809 32.322241986 0.000000000 0.000000000 0.000000000 0.000000000 1.000000000
1227.345142365 200.745559319 32.230241799 0.000000000 0.000000000 0.000000000 0.000000000 1.000000000
1227.544931173 199.952912209 32.133007905 0.000000000 0.000000000 0.000000000 0.000000000 1.000000000
1227.745117903 199.161824988 32.044032120 0.000000000 0.000000000 0.000000000 0.000000000 1.000000000
1227.945382833 198.369235813 31.953301768 0.000000000 0.000000000 0.000000000 0.000000000 1.000000000
1228.145306349 197.574758798 31.857397768 0.000000000 0.000000000 0.000000000 0.000000000 1.000000000
1228.345495701 196.780812596 31.765175651 0.000000000 0.000000000 0.000000000 0.000000000 1.000000000
1228.545660257 195.979573818 31.669435522 0.000000000 0.000000000 0.000000000 0.000000000 1.000000000
1228.745398521 195.172657568 31.573661124 0.000000000 0.000000000 0.000000000 0.000000000 1.000000000
1228.944747925 194.371533757 31.478640301 0.000000000 0.000000000 0.000000000 0.000000000 1.000000000
1229.145466328 193.576667028 31.380342817 0.000000000 0.000000000 0.000000000 0.000000000 1.000000000
1229.344917774 192.784914719 31.286022111 0.000000000 0.000000000 0.000000000 0.000000000 1.000000000
1229.545409203 191.986310598 31.189584867 0.000000000 0.000000000 0.000000000 0.000000000 1.000000000
1229.744807720 191.188178312 31.088927728 0.000000000 0.000000000 0.000000000 0.000000000 1.000000000
1229.945649624 190.387091348 30.989267051 0.000000000 0.000000000 0.000000000 0.000000000 1.000000000
1230.145043135 189.586406691 30.887669731 0.000000000 0.000000000 0.000000000 0.000000000 1.000000000
1230.345320940 188.787922026 30.786984558 0.000000000 0.000000000 0.000000000 0.000000000 1.000000000
1230.544903040 187.982649357 30.693864799 0.000000000 0.000000000 0.000000000 0.000000000 1.000000000
1230.745451212 187.174080777 30.596446658 0.000000000 0.000000000 0.000000000 0.000000000 1.000000000
1230.945122480 186.367487876 30.490087380 0.000000000 0.000000000 0.000000000 0.000000000 1.000000000
1231.145020723 185.559187904 30.376329891 0.000000000 0.000000000 0.000000000 0.000000000 1.000000000
1231.345767021 184.748457593 30.261865755 0.000000000 0.000000000 0.000000000 0.000000000 1.000000000
1231.545241356 183.942656879 30.150327452 0.000000000 0.000000000 0.000000000 0.000000000 1.000000000
1231.745838881 183.132110973 30.036131679 0.000000000 0.000000000 0.000000000 0.000000000 1.000000000
1231.944898367 182.320830818 29.922461314 0.000000000 0.000000000 0.000000000 0.000000000 1.000000000
1232.144896746 181.509845537 29.809371113 0.000000000 0.000000000 0.000000000 0.000000000 1.000000000
1232.345633984 180.706667374 29.698001511 0.000000000 0.000000000 0.000000000 0.000000000 1.000000000
1232.544968843 179.897954913 29.588226297 0.000000000 0.000000000 0.000000000 0.000000000 1.000000000
1232.745110035 179.093275743 29.474532358 0.000000000 0.000000000 0.000000000 0.000000000 1.000000000
1232.945481300 178.289684169 29.368228420 0.000000000 0.000000000 0.000000000 0.000000000 1.000000000
1233.144664049 177.485587307 29.264305362 0.000000000 0.000000000 0.000000000 0.000000000 1.000000000
1233.345320940 176.679264459 29.166393518 0.000000000 0.000000000 0.000000000 0.000000000 1.000000000
1233.544881105 175.875188732 29.072305396 0.000000000 0.000000000 0.000000000 0.000000000 1.000000000
1233.745810747 175.069000730 28.975637889 0.000000000 0.000000000 0.000000000 0.000000000 1.000000000
1233.944778919 174.274135596 28.879205146 0.000000000 0.000000000 0.000000000 0.000000000 1.000000000
1234.145594835 173.480268878 28.785092918 0.000000000 0.000000000 0.000000000 0.000000000 1.000000000
1234.345341921 172.689168185 28.684892289 0.000000000 0.000000000 0.000000000 0.000000000 1.000000000
1234.544787169 171.906766235 28.580344452 0.000000000 0.000000000 0.000000000 0.000000000 1.000000000
1234.745244265 171.129612082 28.485301070 0.000000000 0.000000000 0.000000000 0.000000000 1.000000000
1234.944789171 170.355797211 28.394987788 0.000000000 0.000000000 0.000000000 0.000000000 1.000000000
1235.144805670 169.576919037 28.300979100 0.000000000 0.000000000 0.000000000 0.000000000 1.000000000
1235.344788790 168.793905718 28.202960591 0.000000000 0.000000000 0.000000000 0.000000000 1.000000000
1235.545593262 168.006530539 28.097588722 0.000000000 0.000000000 0.000000000 0.000000000 1.000000000
1235.745096922 167.217927046 27.990209796 0.000000000 0.000000000 0.000000000 0.000000000 1.000000000
1235.945050955 166.432182379 27.884015598 0.000000000 0.000000000 0.000000000 0.000000000 1.000000000
1236.145330906 165.641073323 27.771874734 0.000000000 0.000000000 0.000000000 0.000000000 1.000000000
1236.345070124 164.848842664 27.659894658 0.000000000 0.000000000 0.000000000 0.000000000 1.000000000
1236.544704914 164.061568661 27.548029196 0.000000000 0.000000000 0.000000000 0.000000000 1.000000000
1236.745530128 163.274289407 27.435721622 0.000000000 0.000000000 0.000000000 0.000000000 1.000000000
1236.944850206 162.483683889 27.330452395 0.000000000 0.000000000 0.000000000 0.000000000 1.000000000
1237.145297050 161.688208809 27.232992868 0.000000000 0.000000000 0.000000000 0.000000000 1.000000000
1237.344871998 160.893722212 27.134995247 0.000000000 0.000000000 0.000000000 0.000000000 1.000000000
1237.544967651 160.099895503 27.034114659 0.000000000 0.000000000 0.000000000 0.000000000 1.000000000
1237.745198011 159.307199569 26.937791724 0.000000000 0.000000000 0.000000000 0.000000000 1.000000000
1237.945780039 158.516749100 26.840760930 0.000000000 0.000000000 0.000000000 0.000000000 1.000000000
1238.144757748 157.726372137 26.741770924 0.000000000 0.000000000 0.000000000 0.000000000 1.000000000
1238.345103979 156.932457271 26.648569156 0.000000000 0.000000000 0.000000000 0.000000000 1.000000000
1238.545425177 156.141039131 26.554834212 0.000000000 0.000000000 0.000000000 0.000000000 1.000000000
1238.745406389 155.347303608 26.462471088 0.000000000 0.000000000 0.000000000 0.000000000 1.000000000
1238.945683956 154.542958088 26.370835582 0.000000000 0.000000000 0.000000000 0.000000000 1.000000000
1239.145390034 153.737651300 26.278642739 0.000000000 0.000000000 0.000000000 0.000000000 1.000000000
1239.345579863 152.929191699 26.181746476 0.000000000 0.000000000 0.000000000 0.000000000 1.000000000
1239.544915199 152.127950758 26.078593847 0.000000000 0.000000000 0.000000000 0.000000000 1.000000000
1239.745354652 151.334139426 25.982749810 0.000000000 0.000000000 0.000000000 0.000000000 1.000000000
1239.945542097 150.539440851 25.889821555 0.000000000 0.000000000 0.000000000 0.000000000 1.000000000
1240.144649029 149.743436436 25.790698133 0.000000000 0.000000000 0.000000000 0.000000000 1.000000000
1240.345268488 148.943886521 25.692849756 0.000000000 0.000000000 0.000000000 0.000000000 1.000000000
1240.545090675 148.142987712 25.588728977 0.000000000 0.000000000 0.000000000 0.000000000 1.000000000
1240.744796991 147.344893793 25.488552765 0.000000000 0.000000000 0.000000000 0.000000000 1.000000000
1240.945544004 146.544504432 25.390607784 0.000000000 0.000000000 0.000000000 0.000000000 1.000000000
1241.144895077 145.749475676 25.283232986 0.000000000 0.000000000 0.000000000 0.000000000 1.000000000
1241.345050335 144.950804395 25.174928328 0.000000000 0.000000000 0.000000000 0.000000000 1.000000000
1241.545482635 144.155016922 25.071896762 0.000000000 0.000000000 0.000000000 0.000000000 1.000000000
1241.745672464 143.358179859 24.970779116 0.000000000 0.000000000 0.000000000 0.000000000 1.000000000
1241.944659233 142.566636530 24.873698002 0.000000000 0.000000000 0.000000000 0.000000000 1.000000000
1242.144936323 141.777179102 24.776795273 0.000000000 0.000000000 0.000000000 0.000000000 1.000000000
1242.345632076 140.987381837 24.682650913 0.000000000 0.000000000 0.000000000 0.000000000 1.000000000
1242.545063734 140.198434634 24.586667931 0.000000000 0.000000000 0.000000000 0.000000000 1.000000000
1242.745013237 139.408046389 24.486819992 0.000000000 0.000000000 0.000000000 0.000000000 1.000000000
1242.944810629 138.618123165 24.385133686 0.000000000 0.000000000 0.000000000 0.000000000 1.000000000
1243.145550013 137.828455239 24.279560942 0.000000000 0.000000000 0.000000000 0.000000000 1.000000000
1243.345432043 137.040732622 24.173481436 0.000000000 0.000000000 0.000000000 0.000000000 1.000000000
1243.545626879 136.250422455 24.068245215 0.000000000 0.000000000 0.000000000 0.000000000 1.000000000
1243.744755030 135.455039811 23.967146011 0.000000000 0.000000000 0.000000000 0.000000000 1.000000000
1243.945440531 134.659566564 23.866004250 0.000000000 0.000000000 0.000000000 0.000000000 1.000000000
1244.145454884 133.865472197 23.762612205 0.000000000 0.000000000 0.000000000 0.000000000 1.000000000
1244.345348120 133.075838449 23.666106237 0.000000000 0.000000000 0.000000000 0.000000000 1.000000000
1244.545000553 132.281635635 23.567044566 0.000000000 0.000000000 0.000000000 0.000000000 1.000000000
1244.744826078 131.488324853 23.476785139 0.000000000 0.000000000 0.000000000 0.000000000 1.000000000
1244.945193291 130.690358702 23.384194087 0.000000000 0.000000000 0.000000000 0.000000000 1.000000000
1245.145471096 129.887530393 23.289754703 0.000000000 0.000000000 0.000000000 0.000000000 1.000000000
1245.345587015 129.085096902 23.198198943 0.000000000 0.000000000 0.000000000 0.000000000 1.000000000
1245.544773579 128.279608266 23.100265921 0.000000000 0.000000000 0.000000000 0.000000000 1.000000000
1245.745186329 127.476277117 22.999783563 0.000000000 0.000000000 0.000000000 0.000000000 1.000000000
1245.944724321 126.672817700 22.897313003 0.000000000 0.000000000 0.000000000 0.000000000 1.000000000
1246.144986868 125.868481294 22.792432735 0.000000000 0.000000000 0.000000000 0.000000000 1.000000000
1246.345433950 125.066584510 22.689758854 0.000000000 0.000000000 0.000000000 0.000000000 1.000000000
1246.544663191 124.268692161 22.577137136 0.000000000 0.000000000 0.000000000 0.000000000 1.000000000
1246.745131969 123.476384899 22.472811958 0.000000000 0.000000000 0.000000000 0.000000000 1.000000000
1246.945138454 122.688458110 22.377911992 0.000000000 0.000000000 0.000000000 0.000000000 1.000000000
1247.145024776 121.899962235 22.282716749 0.000000000 0.000000000 0.000000000 0.000000000 1.000000000
1247.344645977 121.109496361 22.186068129 0.000000000 0.000000000 0.000000000 0.000000000 1.000000000
1247.544962883 120.313208750 22.077678613 0.000000000 0.000000000 0.000000000 0.000000000 1.000000000
1247.745466232 119.511855401 21.972082028 0.000000000 0.000000000 0.000000000 0.000000000 1.000000000
1247.944534779 118.719485063 21.857554994 0.000000000 0.000000000 0.000000000 0.000000000 1.000000000
1248.145704508 117.931264645 21.740450285 0.000000000 0.000000000 0.000000000 0.000000000 1.000000000
1248.345089197 117.141424921 21.631362958 0.000000000 0.000000000 0.000000000 0.000000000 1.000000000
1248.545193195 116.351248588 21.523005725 0.000000000 0.000000000 0.000000000 0.000000000 1.000000000
1248.743878126 115.558256090 21.418736549 0.000000000 0.000000000 0.000000000 0.000000000 1.000000000
1248.943996429 114.768369557 21.315879792 0.000000000 0.000000000 0.000000000 0.000000000 1.000000000
1249.144337654 113.975134039 21.213320316 0.000000000 0.000000000 0.000000000 0.000000000 1.000000000
1249.344765186 113.180035698 21.110075412 0.000000000 0.000000000 0.000000000 0.000000000 1.000000000
1249.544209003 112.390001081 21.014056041 0.000000000 0.000000000 0.000000000 0.000000000 1.000000000
1249.744946957 111.596207273 20.912585630 0.000000000 0.000000000 0.000000000 0.000000000 1.000000000
1249.945486069 110.806129340 20.811771098 0.000000000 0.000000000 0.000000000 0.000000000 1.000000000
1250.145360947 110.018947886 20.711731578 0.000000000 0.000000000 0.000000000 0.000000000 1.000000000
1250.344103098 109.230771262 20.617318087 0.000000000 0.000000000 0.000000000 0.000000000 1.000000000
1250.544308424 108.436737452 20.514457120 0.000000000 0.000000000 0.000000000 0.000000000 1.000000000
1250.744550943 107.636697359 20.407617508 0.000000000 0.000000000 0.000000000 0.000000000 1.000000000
1250.943958521 106.837101793 20.306039236 0.000000000 0.000000000 0.000000000 0.000000000 1.000000000
1251.144592047 106.039732156 20.196596594 0.000000000 0.000000000 0.000000000 0.000000000 1.000000000
1251.343803644 105.246592485 20.092190776 0.000000000 0.000000000 0.000000000 0.000000000 1.000000000
1251.543892384 104.450679688 19.995080275 0.000000000 0.000000000 0.000000000 0.000000000 1.000000000
1251.744644403 103.655335717 19.896960734 0.000000000 0.000000000 0.000000000 0.000000000 1.000000000
1251.943684340 102.867766687 19.807283435 0.000000000 0.000000000 0.000000000 0.000000000 1.000000000
1252.144204855 102.078208191 19.714333006 0.000000000 0.000000000 0.000000000 0.000000000 1.000000000
1252.344246387 101.287978602 19.622776013 0.000000000 0.000000000 0.000000000 0.000000000 1.000000000
1252.544422150 100.498214131 19.527411031 0.000000000 0.000000000 0.000000000 0.000000000 1.000000000
1252.744295120 99.712789416 19.435137133 0.000000000 0.000000000 0.000000000 0.000000000 1.000000000
1252.944152117 98.924510014 19.337077985 0.000000000 0.000000000 0.000000000 0.000000000 1.000000000
1253.143802404 98.135084639 19.245870191 0.000000000 0.000000000 0.000000000 0.000000000 1.000000000
1253.344451666 97.340323639 19.148980969 0.000000000 0.000000000 0.000000000 0.000000000 1.000000000
1253.544517756 96.550158399 19.052429588 0.000000000 0.000000000 0.000000000 0.000000000 1.000000000
1253.744154215 95.758421736 18.954998302 0.000000000 0.000000000 0.000000000 0.000000000 1.000000000
1253.944638014 94.970417946 18.860746200 0.000000000 0.000000000 0.000000000 0.000000000 1.000000000
1254.143651724 94.179216857 18.756415555 0.000000000 0.000000000 0.000000000 0.000000000 1.000000000
1254.344542027 93.386050529 18.653091930 0.000000000 0.000000000 0.000000000 0.000000000 1.000000000
1254.544074774 92.597637999 18.550179838 0.000000000 0.000000000 0.000000000 0.000000000 1.000000000
1254.744417191 91.806171017 18.444205179 0.000000000 0.000000000 0.000000000 0.000000000 1.000000000
1254.944347620 91.015968743 18.339387479 0.000000000 0.000000000 0.000000000 0.000000000 1.000000000
1255.143901587 90.222435614 18.234737301 0.000000000 0.000000000 0.000000000 0.000000000 1.000000000
1255.344408751 89.431148149 18.125726528 0.000000000 0.000000000 0.000000000 0.000000000 1.000000000
1255.543752432 88.634844573 18.025667001 0.000000000 0.000000000 0.000000000 0.000000000 1.000000000
1255.743791342 87.838209733 17.916089145 0.000000000 0.000000000 0.000000000 0.000000000 1.000000000
1255.943831682 87.042242538 17.807573588 0.000000000 0.000000000 0.000000000 0.000000000 1.000000000
1256.143608332 86.245785232 17.698619621 0.000000000 0.000000000 0.000000000 0.000000000 1.000000000
1256.343647718 85.447479526 17.591325312 0.000000000 0.000000000 0.000000000 0.000000000 1.000000000
1256.543846846 84.650342734 17.485735309 0.000000000 0.000000000 0.000000000 0.000000000 1.000000000
1256.743721962 83.850667670 17.383518439 0.000000000 0.000000000 0.000000000 0.000000000 1.000000000
1256.943887949 83.050217805 17.284311996 0.000000000 0.000000000 0.000000000 0.000000000 1.000000000
1257.144581318 82.252742087 17.188847622 0.000000000 0.000000000 0.000000000 0.000000000 1.000000000
1257.343862772 81.449332176 17.092156420 0.000000000 0.000000000 0.000000000 0.000000000 1.000000000
1257.543712139 80.651694733 16.997376611 0.000000000 0.000000000 0.000000000 0.000000000 1.000000000
1257.744110823 79.853186305 16.902947485 0.000000000 0.000000000 0.000000000 0.000000000 1.000000000
1257.943765163 79.054603059 16.807441896 0.000000000 0.000000000 0.000000000 0.000000000 1.000000000
1258.143773556 78.253989501 16.714005553 0.000000000 0.000000000 0.000000000 0.000000000 1.000000000
1258.344130754 77.450315618 16.616587847 0.000000000 0.000000000 0.000000000 0.000000000 1.000000000
1258.544284105 76.651683241 16.521988701 0.000000000 0.000000000 0.000000000 0.000000000 1.000000000
1258.743602514 75.854885199 16.423962629 0.000000000 0.000000000 0.000000000 0.000000000 1.000000000
1258.944418430 75.059853854 16.319918991 0.000000000 0.000000000 0.000000000 0.000000000 1.000000000
1259.144224405 74.264868676 16.220457904 0.000000000 0.000000000 0.000000000 0.000000000 1.000000000
1259.343652248 73.472708416 16.123458492 0.000000000 0.000000000 0.000000000 0.000000000 1.000000000
1259.544301510 72.678854486 16.022412159 0.000000000 0.000000000 0.000000000 0.000000000 1.000000000
1259.743945122 71.885876263 15.924486998 0.000000000 0.000000000 0.000000000 0.000000000 1.000000000
1259.943479300 71.088999119 15.830761410 0.000000000 0.000000000 0.000000000 0.000000000 1.000000000
1260.144178152 70.288533077 15.731031503 0.000000000 0.000000000 0.000000000 0.000000000 1.000000000
1260.344344854 69.485198528 15.634642673 0.000000000 0.000000000 0.000000000 0.000000000 1.000000000
1260.543699741 68.686619997 15.529341781 0.000000000 0.000000000 0.000000000 0.000000000 1.000000000
1260.743500471 67.886159599 15.431942104 0.000000000 0.000000000 0.000000000 0.000000000 1.000000000
1260.943476439 67.088094262 15.333555550 0.000000000 0.000000000 0.000000000 0.000000000 1.000000000
1261.143968821 66.294725360 15.238162369 0.000000000 0.000000000 0.000000000 0.000000000 1.000000000
1261.344438553 65.497027787 15.135498663 0.000000000 0.000000000 0.000000000 0.000000000 1.000000000
1261.543729067 64.704904346 15.034995418 0.000000000 0.000000000 0.000000000 0.000000000 1.000000000
1261.744536638 63.910295831 14.936201794 0.000000000 0.000000000 0.000000000 0.000000000 1.000000000
1261.943743944 63.113554061 14.832902154 0.000000000 0.000000000 0.000000000 0.000000000 1.000000000
1262.144115686 62.318726430 14.732788609 0.000000000 0.000000000 0.000000000 0.000000000 1.000000000
1262.343617201 61.523615817 14.631811760 0.000000000 0.000000000 0.000000000 0.000000000 1.000000000
1262.543537140 60.730762931 14.526193990 0.000000000 0.000000000 0.000000000 0.000000000 1.000000000
1262.744363308 59.936629662 14.422444078 0.000000000 0.000000000 0.000000000 0.000000000 1.000000000
1262.943682432 59.146511939 14.316298428 0.000000000 0.000000000 0.000000000 0.000000000 1.000000000
1263.143954754 58.360742241 14.221965845 0.000000000 0.000000000 0.000000000 0.000000000 1.000000000
1263.344043255 57.571315482 14.121781665 0.000000000 0.000000000 0.000000000 0.000000000 1.000000000
1263.544134140 56.782291838 14.019647078 0.000000000 0.000000000 0.000000000 0.000000000 1.000000000
1263.744380236 55.993747363 13.910460496 0.000000000 0.000000000 0.000000000 0.000000000 1.000000000
1263.943740845 55.204503083 13.803649931 0.000000000 0.000000000 0.000000000 0.000000000 1.000000000
1264.144287348 54.413319013 13.702332283 0.000000000 0.000000000 0.000000000 0.000000000 1.000000000
1264.344048738 53.616821859 13.594411759 0.000000000 0.000000000 0.000000000 0.000000000 1.000000000
1264.544323683 52.820902429 13.491132854 0.000000000 0.000000000 0.000000000 0.000000000 1.000000000
1264.744543314 52.026945998 13.386737012 0.000000000 0.000000000 0.000000000 0.000000000 1.000000000
1264.944164038 51.232849641 13.279035933 0.000000000 0.000000000 0.000000000 0.000000000 1.000000000
1265.144442797 50.437037902 13.171802959 0.000000000 0.000000000 0.000000000 0.000000000 1.000000000
1265.343472481 49.642284488 13.067330863 0.000000000 0.000000000 0.000000000 0.000000000 1.000000000
1265.543957710 48.848792947 12.962463140 0.000000000 0.000000000 0.000000000 0.000000000 1.000000000
1265.744489193 48.054095477 12.859540779 0.000000000 0.000000000 0.000000000 0.000000000 1.000000000
1265.944116354 47.255283799 12.751780513 0.000000000 0.000000000 0.000000000 0.000000000 1.000000000
1266.144705296 46.463471597 12.650998179 0.000000000 0.000000000 0.000000000 0.000000000 1.000000000
1266.344056845 45.669426598 12.547937366 0.000000000 0.000000000 0.000000000 0.000000000 1.000000000
1266.543872833 44.881875674 12.440300947 0.000000000 0.000000000 0.000000000 0.000000000 1.000000000
1266.744442940 44.094610279 12.336251707 0.000000000 0.000000000 0.000000000 0.000000000 1.000000000
1266.943263531 43.306477907 12.231019206 0.000000000 0.000000000 0.000000000 0.000000000 1.000000000
1267.143978596 42.517775147 12.124356160 0.000000000 0.000000000 0.000000000 0.000000000 1.000000000
1267.344419956 41.730008276 12.023827253 0.000000000 0.000000000 0.000000000 0.000000000 1.000000000
1267.543944120 40.941316635 11.915590253 0.000000000 0.000000000 0.000000000 0.000000000 1.000000000
1267.744196177 40.153787747 11.808281095 0.000000000 0.000000000 0.000000000 0.000000000 1.000000000
1267.944505215 39.359658560 11.696163025 0.000000000 0.000000000 0.000000000 0.000000000 1.000000000
1268.143726110 38.569955800 11.602649227 0.000000000 0.000000000 0.000000000 0.000000000 1.000000000
1268.343790770 37.773281027 11.500651198 0.000000000 0.000000000 0.000000000 0.000000000 1.000000000
1268.543994904 36.978091145 11.400331142 0.000000000 0.000000000 0.000000000 0.000000000 1.000000000
1268.743843555 36.181136905 11.297987263 0.000000000 0.000000000 0.000000000 0.000000000 1.000000000
1268.944422245 35.387131670 11.195018058 0.000000000 0.000000000 0.000000000 0.000000000 1.000000000
1269.143615723 34.590701267 11.095386456 0.000000000 0.000000000 0.000000000 0.000000000 1.000000000
1269.344264984 33.793732362 10.991949170 0.000000000 0.000000000 0.000000000 0.000000000 1.000000000
1269.543920994 32.992239459 10.891438072 0.000000000 0.000000000 0.000000000 0.000000000 1.000000000
1269.744142056 32.194299702 10.793191120 0.000000000 0.000000000 0.000000000 0.000000000 1.000000000
1269.943738461 31.394134276 10.696458265 0.000000000 0.000000000 0.000000000 0.000000000 1.000000000
1270.143564701 30.591028195 10.594946864 0.000000000 0.000000000 0.000000000 0.000000000 1.000000000
1270.343517542 29.798472036 10.500824602 0.000000000 0.000000000 0.000000000 0.000000000 1.000000000
1270.543428898 29.005856870 10.403827755 0.000000000 0.000000000 0.000000000 0.000000000 1.000000000
1270.743407965 28.210278075 10.315352528 0.000000000 0.000000000 0.000000000 0.000000000 1.000000000
1270.943572521 27.415489619 10.218148215 0.000000000 0.000000000 0.000000000 0.000000000 1.000000000
1271.144395590 26.623277748 10.117701551 0.000000000 0.000000000 0.000000000 0.000000000 1.000000000
1271.343927622 25.825524651 10.023597822 0.000000000 0.000000000 0.000000000 0.000000000 1.000000000
1271.543924332 25.033977015 9.922854616 0.000000000 0.000000000 0.000000000 0.000000000 1.000000000
1271.744309187 24.240686171 9.828340496 0.000000000 0.000000000 0.000000000 0.000000000 1.000000000
1271.943656445 23.445831488 9.732703236 0.000000000 0.000000000 0.000000000 0.000000000 1.000000000
1272.144076109 22.654079816 9.636348195 0.000000000 0.000000000 0.000000000 0.000000000 1.000000000
1272.344608545 21.864321994 9.542698925 0.000000000 0.000000000 0.000000000 0.000000000 1.000000000
1272.543555260 21.071317487 9.447664231 0.000000000 0.000000000 0.000000000 0.000000000 1.000000000
1272.743824482 20.276063671 9.352738705 0.000000000 0.000000000 0.000000000 0.000000000 1.000000000
1272.944262981 19.483693521 9.256051864 0.000000000 0.000000000 0.000000000 0.000000000 1.000000000
1273.143438101 18.693854977 9.155181942 0.000000000 0.000000000 0.000000000 0.000000000 1.000000000
1273.344015121 17.899566693 9.055113773 0.000000000 0.000000000 0.000000000 0.000000000 1.000000000
1273.544225693 17.101870458 8.950404645 0.000000000 0.000000000 0.000000000 0.000000000 1.000000000
1273.744011879 16.307551831 8.851745207 0.000000000 0.000000000 0.000000000 0.000000000 1.000000000
1273.943419695 15.512834528 8.748299436 0.000000000 0.000000000 0.000000000 0.000000000 1.000000000
1274.143637180 14.717883255 8.643467392 0.000000000 0.000000000 0.000000000 0.000000000 1.000000000
1274.343482256 13.923983859 8.542268536 0.000000000 0.000000000 0.000000000 0.000000000 1.000000000
1274.543618679 13.129439935 8.436474477 0.000000000 0.000000000 0.000000000 0.000000000 1.000000000
1274.743560553 12.337912684 8.338728236 0.000000000 0.000000000 0.000000000 0.000000000 1.000000000
1274.943416119 11.546918978 8.239934766 0.000000000 0.000000000 0.000000000 0.000000000 1.000000000
1275.144412756 10.759040106 8.144399819 0.000000000 0.000000000 0.000000000 0.000000000 1.000000000
1275.344485521 9.962343066 8.051973037 0.000000000 0.000000000 0.000000000 0.000000000 1.000000000
1275.544465065 9.160024735 7.956645151 0.000000000 0.000000000 0.000000000 0.000000000 1.000000000
1275.743970871 8.355135190 7.850902055 0.000000000 0.000000000 0.000000000 0.000000000 1.000000000
1275.942491293 7.556701006 7.745306987 0.000000000 0.000000000 0.000000000 0.000000000 1.000000000
1276.143569946 6.762047105 7.647618754 0.000000000 0.000000000 0.000000000 0.000000000 1.000000000
1276.343817711 5.968390533 7.542856793 0.000000000 0.000000000 0.000000000 0.000000000 1.000000000
1276.544352770 5.176799231 7.438122318 0.000000000 0.000000000 0.000000000 0.000000000 1.000000000
1276.744256735 4.387054152 7.333896047 0.000000000 0.000000000 0.000000000 0.000000000 1.000000000
1276.943785191 3.595964497 7.227213650 0.000000000 0.000000000 0.000000000 0.000000000 1.000000000
1277.143039942 2.807201234 7.119808239 0.000000000 0.000000000 0.000000000 0.000000000 1.000000000
1277.343541861 2.019082031 7.023262823 0.000000000 0.000000000 0.000000000 0.000000000 1.000000000
1277.543515205 1.228289776 6.920533849 0.000000000 0.000000000 0.000000000 0.000000000 1.000000000
1277.742711544 0.435342541 6.817265676 0.000000000 0.000000000 0.000000000 0.000000000 1.000000000
1277.943117380 -0.356481289 6.719051191 0.000000000 0.000000000 0.000000000 0.000000000 1.000000000
1278.144185305 -1.146988725 6.622123852 0.000000000 0.000000000 0.000000000 0.000000000 1.000000000
1278.342837572 -1.919825711 6.521682670 0.000000000 0.000000000 0.000000000 0.000000000 1.000000000
1278.542590380 -2.641688147 6.426757473 0.000000000 0.000000000 0.000000000 0.000000000 1.000000000
1278.742810249 -3.272849132 6.343457965 0.000000000 0.000000000 0.000000000 0.000000000 1.000000000
1278.943175554 -3.791486556 6.277216761 0.000000000 0.000000000 0.000000000 0.000000000 1.000000000
1279.142430067 -4.210543388 6.231250739 0.000000000 0.000000000 0.000000000 0.000000000 1.000000000
1279.343362808 -4.528145673 6.190608358 0.000000000 0.000000000 0.000000000 0.000000000 1.000000000
1279.542566776 -4.696855319 6.161709226 0.000000000 0.000000000 0.000000000 0.000000000 1.000000000
1279.743108511 -4.735674149 6.135194182 0.000000000 0.000000000 0.000000000 0.000000000 1.000000000
1279.942545652 -4.765305822 6.112524875 0.000000000 0.000000000 0.000000000 0.000000000 1.000000000
1280.142526150 -4.806118748 6.096735912 0.000000000 0.000000000 0.000000000 0.000000000 1.000000000
1280.342326403 -4.863562559 6.070452033 0.000000000 0.000000000 0.000000000 0.000000000 1.000000000
1280.543093681 -4.883667831 6.050368969 0.000000000 0.000000000 0.000000000 0.000000000 1.000000000
1280.742988825 -4.875161934 6.038541377 0.000000000 0.000000000 0.000000000 0.000000000 1.000000000
1280.943220139 -4.858662194 6.037071641 0.000000000 0.000000000 0.000000000 0.000000000 1.000000000
1281.142827272 -4.843610170 6.042089474 0.000000000 0.000000000 0.000000000 0.000000000 1.000000000
1281.343078375 -4.822141939 6.048269803 0.000000000 0.000000000 0.000000000 0.000000000 1.000000000
1281.542581320 -4.795975399 6.063863674 0.000000000 0.000000000 0.000000000 0.000000000 1.000000000
1281.742449522 -4.763932609 6.081443271 0.000000000 0.000000000 0.000000000 0.000000000 1.000000000
1281.943312883 -4.731066169 6.103517794 0.000000000 0.000000000 0.000000000 0.000000000 1.000000000
1282.142959595 -4.699746235 6.120225990 0.000000000 0.000000000 0.000000000 0.000000000 1.000000000
1282.343229771 -4.664718951 6.138400317 0.000000000 0.000000000 0.000000000 0.000000000 1.000000000
1282.543276787 -4.636208918 6.157332392 0.000000000 0.000000000 0.000000000 0.000000000 1.000000000
1282.743473291 -4.604993284 6.174582793 0.000000000 0.000000000 0.000000000 0.000000000 1.000000000
1282.942463636 -4.578770224 6.190055748 0.000000000 0.000000000 0.000000000 0.000000000 1.000000000
1283.143349171 -4.562896458 6.200749394 0.000000000 0.000000000 0.000000000 0.000000000 1.000000000
1283.342527151 -4.552929716 6.209468962 0.000000000 0.000000000 0.000000000 0.000000000 1.000000000
1283.543321371 -4.554041247 6.224388987 0.000000000 0.000000000 0.000000000 0.000000000 1.000000000
1283.742519379 -4.552119084 6.235090674 0.000000000 0.000000000 0.000000000 0.000000000 1.000000000
1283.942559958 -4.554184443 6.238615738 0.000000000 0.000000000 0.000000000 0.000000000 1.000000000
1284.142617464 -4.556600599 6.243635172 0.000000000 0.000000000 0.000000000 0.000000000 1.000000000
1284.343339205 -4.556392455 6.240642038 0.000000000 0.000000000 0.000000000 0.000000000 1.000000000
1284.542687893 -4.557834661 6.239710830 0.000000000 0.000000000 0.000000000 0.000000000 1.000000000
1284.742690325 -4.567262326 6.237083228 0.000000000 0.000000000 0.000000000 0.000000000 1.000000000
1284.942585945 -4.573034702 6.231614510 0.000000000 0.000000000 0.000000000 0.000000000 1.000000000
1285.142568350 -4.580091798 6.231132812 0.000000000 0.000000000 0.000000000 0.000000000 1.000000000
1285.342453957 -4.587921967 6.232891335 0.000000000 0.000000000 0.000000000 0.000000000 1.000000000
1285.543013573 -4.600767215 6.239368396 0.000000000 0.000000000 0.000000000 0.000000000 1.000000000
1285.742676497 -4.613350063 6.237224732 0.000000000 0.000000000 0.000000000 0.000000000 1.000000000
1285.942355156 -4.624573800 6.229012036 0.000000000 0.000000000 0.000000000 0.000000000 1.000000000
1286.143120050 -4.639369382 6.223090020 0.000000000 0.000000000 0.000000000 0.000000000 1.000000000
1286.342959166 -4.654535702 6.222387780 0.000000000 0.000000000 0.000000000 0.000000000 1.000000000
1286.542309523 -4.663376229 6.220402558 0.000000000 0.000000000 0.000000000 0.000000000 1.000000000
1286.743259668 -4.674215102 6.210978972 0.000000000 0.000000000 0.000000000 0.000000000 1.000000000
1286.942604780 -4.682289777 6.206095752 0.000000000 0.000000000 0.000000000 0.000000000 1.000000000
1287.143295527 -4.688261237 6.203610348 0.000000000 0.000000000 0.000000000 0.000000000 1.000000000
1287.342916727 -4.695011529 6.200339073 0.000000000 0.000000000 0.000000000 0.000000000 1.000000000
1287.542370081 -4.699259177 6.198501023 0.000000000 0.000000000 0.000000000 0.000000000 1.000000000
1287.743131161 -4.704758652 6.196337864 0.000000000 0.000000000 0.000000000 0.000000000 1.000000000
1287.942759037 -4.707175652 6.195864418 0.000000000 0.000000000 0.000000000 0.000000000 1.000000000
1288.142681599 -4.706829960 6.192146632 0.000000000 0.000000000 0.000000000 0.000000000 1.000000000
1288.343040943 -4.699547985 6.186926552 0.000000000 0.000000000 0.000000000 0.000000000 1.000000000
1288.542300940 -4.688900464 6.189247306 0.000000000 0.000000000 0.000000000 0.000000000 1.000000000
1288.743281126 -4.686044262 6.185648774 0.000000000 0.000000000 0.000000000 0.000000000 1.000000000
1288.943026781 -4.751376304 6.242029795 0.000000000 0.000000000 0.000000000 0.000000000 1.000000000
1289.142449617 -4.852686695 6.290319434 0.000000000 0.000000000 0.000000000 0.000000000 1.000000000
1289.342547894 -4.962968368 6.302806059 0.000000000 0.000000000 0.000000000 0.000000000 1.000000000
1289.542997122 -5.065785152 6.261483566 0.000000000 0.000000000 0.000000000 0.000000000 1.000000000
1289.743146896 -5.138232833 6.184436779 0.000000000 0.000000000 0.000000000 0.000000000 1.000000000
1289.942945957 -5.175421130 6.085223748 0.000000000 0.000000000 0.000000000 0.000000000 1.000000000
1290.142717123 -5.184392773 5.991780369 0.000000000 0.000000000 0.000000000 0.000000000 1.000000000
1290.342855692 -5.171825864 5.903019913 0.000000000 0.000000000 0.000000000 0.000000000 1.000000000
1290.542815924 -5.151993349 5.828214455 0.000000000 0.000000000 0.000000000 0.000000000 1.000000000
1290.742430925 -5.127789502 5.767737390 0.000000000 0.000000000 0.000000000 0.000000000 1.000000000
1290.942267656 -5.100559835 5.728854602 0.000000000 0.000000000 0.000000000 0.000000000 1.000000000
1291.142173290 -5.081054723 5.703202097 0.000000000 0.000000000 0.000000000 0.000000000 1.000000000
1291.342357159 -5.056303136 5.682073507 0.000000000 0.000000000 0.000000000 0.000000000 1.000000000
1291.542908907 -5.041459188 5.675666507 0.000000000 0.000000000 0.000000000 0.000000000 1.000000000
1291.742336750 -5.027868329 5.679676900 0.000000000 0.000000000 0.000000000 0.000000000 1.000000000
1291.942247629 -5.013747884 5.691263751 0.000000000 0.000000000 0.000000000 0.000000000 1.000000000
1292.142649412 -4.959629847 5.668765712 0.000000000 0.000000000 0.000000000 0.000000000 1.000000000
1292.342564106 -4.873285131 5.596783706 0.000000000 0.000000000 0.000000000 0.000000000 1.000000000
1292.543207645 -4.748178064 5.467114212 0.000000000 0.000000000 0.000000000 0.000000000 1.000000000
1292.742943525 -4.597982217 5.284315465 0.000000000 0.000000000 0.000000000 0.000000000 1.000000000
1292.942375660 -4.415528810 5.051633836 0.000000000 0.000000000 0.000000000 0.000000000 1.000000000
1293.142470360 -4.216604495 4.783632075 0.000000000 0.000000000 0.000000000 0.000000000 1.000000000
1293.342551470 -4.011650925 4.501238699 0.000000000 0.000000000 0.000000000 0.000000000 1.000000000
1293.542510033 -3.804918757 4.214381630 0.000000000 0.000000000 0.000000000 0.000000000 1.000000000
1293.742834091 -3.590557750 3.914580894 0.000000000 0.000000000 0.000000000 0.000000000 1.000000000
1293.943120956 -3.369547469 3.604907230 0.000000000 0.000000000 0.000000000 0.000000000 1.000000000
1294.142143726 -3.138767851 3.286523061 0.000000000 0.000000000 0.000000000 0.000000000 1.000000000
1294.342798471 -2.910553468 2.964969544 0.000000000 0.000000000 0.000000000 0.000000000 1.000000000
1294.543270350 -2.677554568 2.640112895 0.000000000 0.000000000 0.000000000 0.000000000 1.000000000
1294.742887735 -2.444100374 2.312742876 0.000000000 0.000000000 0.000000000 0.000000000 1.000000000
1294.943303585 -2.214216318 1.985949507 0.000000000 0.000000000 0.000000000 0.000000000 1.000000000
1295.142944574 -1.996154164 1.684124304 0.000000000 0.000000000 0.000000000 0.000000000 1.000000000
1295.342709541 -1.807707536 1.426197622 0.000000000 0.000000000 0.000000000 0.000000000 1.000000000
1295.543180943 -1.646244990 1.201790593 0.000000000 0.000000000 0.000000000 0.000000000 1.000000000
1295.742563248 -1.497354944 0.997710384 0.000000000 0.000000000 0.000000000 0.000000000 1.000000000
1295.942990065 -1.365178620 0.822723521 0.000000000 0.000000000 0.000000000 0.000000000 1.000000000
1296.143103123 -1.247904585 0.676717758 0.000000000 0.000000000 0.000000000 0.000000000 1.000000000
1296.342914820 -1.155633368 0.555025672 0.000000000 0.000000000 0.000000000 0.000000000 1.000000000
1296.543081760 -1.080037176 0.454853940 0.000000000 0.000000000 0.000000000 0.000000000 1.000000000
1296.742562532 -1.017631972 0.369425692 0.000000000 0.000000000 0.000000000 0.000000000 1.000000000
1296.942540646 -0.970272595 0.303584587 0.000000000 0.000000000 0.000000000 0.000000000 1.000000000
1297.142380476 -0.935183042 0.255858058 0.000000000 0.000000000 0.000000000 0.000000000 1.000000000
1297.342269897 -0.912645657 0.215375029 0.000000000 0.000000000 0.000000000 0.000000000 1.000000000
1297.542967558 -0.899830204 0.189610419 0.000000000 0.000000000 0.000000000 0.000000000 1.000000000
1297.742576122 -0.889446239 0.164812519 0.000000000 0.000000000 0.000000000 0.000000000 1.000000000
1297.942250729 -0.883117701 0.153604848 0.000000000 0.000000000 0.000000000 0.000000000 1.000000000
1298.142982006 -0.873628914 0.151514294 0.000000000 0.000000000 0.000000000 0.000000000 1.000000000
1298.343193531 -0.858362596 0.168220968 0.000000000 0.000000000 0.000000000 0.000000000 1.000000000
1298.542622328 -0.839905608 0.215843913 0.000000000 0.000000000 0.000000000 0.000000000 1.000000000
1298.742869139 -0.809005588 0.290348728 0.000000000 0.000000000 0.000000000 0.000000000 1.000000000
1298.942912579 -0.756749861 0.370639546 0.000000000 0.000000000 0.000000000 0.000000000 1.000000000
1299.142280340 -0.691789310 0.441832817 0.000000000 0.000000000 0.000000000 0.000000000 1.000000000
1299.343074799 -0.617246090 0.506498744 0.000000000 0.000000000 0.000000000 0.000000000 1.000000000
1299.542993546 -0.530260402 0.566029896 0.000000000 0.000000000 0.000000000 0.000000000 1.000000000
1299.742681742 -0.445229913 0.601659310 0.000000000 0.000000000 0.000000000 0.000000000 1.000000000
1299.942106724 -0.358069319 0.627002805 0.000000000 0.000000000 0.000000000 0.000000000 1.000000000
1300.142583370 -0.267904161 0.620677194 0.000000000 0.000000000 0.000000000 0.000000000 1.000000000
1300.342512846 -0.180485589 0.595214768 0.000000000 0.000000000 0.000000000 0.000000000 1.000000000
1300.542603254 -0.105190358 0.553512152 0.000000000 0.000000000 0.000000000 0.000000000 1.000000000
1300.742590427 -0.043527453 0.485754331 0.000000000 0.000000000 0.000000000 0.000000000 1.000000000
1300.942414522 -0.001778795 0.405601478 0.000000000 0.000000000 0.000000000 0.000000000 1.000000000
1301.143118858 0.010333237 0.318504464 0.000000000 0.000000000 0.000000000 0.000000000 1.000000000
1301.342489719 0.003665151 0.237623891 0.000000000 0.000000000 0.000000000 0.000000000 1.000000000
1301.543124914 -0.014932377 0.189097268 0.000000000 0.000000000 0.000000000 0.000000000 1.000000000
1301.742205143 -0.027093321 0.186430810 0.000000000 0.000000000 0.000000000 0.000000000 1.000000000
1301.942387581 -0.034290121 0.195029090 0.000000000 0.000000000 0.000000000 0.000000000 1.000000000
1302.142238140 -0.051656686 0.209335932 0.000000000 0.000000000 0.000000000 0.000000000 1.000000000
1302.342524529 -0.078183995 0.217126606 0.000000000 0.000000000 0.000000000 0.000000000 1.000000000
1302.543237925 -0.103924399 0.216779851 0.000000000 0.000000000 0.000000000 0.000000000 1.000000000
1302.742923737 -0.131578891 0.218012060 0.000000000 0.000000000 0.000000000 0.000000000 1.000000000
1302.942308187 -0.158355295 0.209568117 0.000000000 0.000000000 0.000000000 0.000000000 1.000000000
1303.142417669 -0.181648492 0.197331722 0.000000000 0.000000000 0.000000000 0.000000000 1.000000000
1303.342030525 -0.205166572 0.184729327 0.000000000 0.000000000 0.000000000 0.000000000 1.000000000
1303.541488409 -0.210999922 0.176305368 0.000000000 0.000000000 0.000000000 0.000000000 1.000000000
1303.741564274 -0.220984796 0.159959400 0.000000000 0.000000000 0.000000000 0.000000000 1.000000000
1303.942216396 -0.227801546 0.150354435 0.000000000 0.000000000 0.000000000 0.000000000 1.000000000
1304.142121792 -0.235621631 0.135323490 0.000000000 0.000000000 0.000000000 0.000000000 1.000000000
1304.341931343 -0.235448770 0.124663007 0.000000000 0.000000000 0.000000000 0.000000000 1.000000000
1304.541293383 -0.229087081 0.113942942 0.000000000 0.000000000 0.000000000 0.000000000 1.000000000
1304.741367340 -0.226971473 0.098141430 0.000000000 0.000000000 0.000000000 0.000000000 1.000000000
1304.941205263 -0.216665544 0.069953884 0.000000000 0.000000000 0.000000000 0.000000000 1.000000000
1305.141414881 -0.212941135 0.044512696 0.000000000 0.000000000 0.000000000 0.000000000 1.000000000
1305.342141151 -0.203849057 0.017152391 0.000000000 0.000000000 0.000000000 0.000000000 1.000000000
1305.542054892 -0.197554801 -0.012241988 0.000000000 0.000000000 0.000000000 0.000000000 1.000000000
1305.741888523 -0.191936492 -0.035944937 0.000000000 0.000000000 0.000000000 0.000000000 1.000000000
1305.941425562 -0.179404258 -0.053228223 0.000000000 0.000000000 0.000000000 0.000000000 1.000000000
1306.142056942 -0.173792854 -0.052943755 0.000000000 0.000000000 0.000000000 0.000000000 1.000000000
1306.341426849 -0.167509740 -0.041815647 0.000000000 0.000000000 0.000000000 0.000000000 1.000000000
1306.541280031 -0.164458931 -0.013777223 0.000000000 0.000000000 0.000000000 0.000000000 1.000000000
1306.742033243 -0.163372800 0.018065782 0.000000000 0.000000000 0.000000000 0.000000000 1.000000000
1306.942286730 -0.165108091 0.054280630 0.000000000 0.000000000 0.000000000 0.000000000 1.000000000
1307.142219782 -0.168302288 0.087158012 0.000000000 0.000000000 0.000000000 0.000000000 1.000000000
1307.341649532 -0.174916496 0.115362311 0.000000000 0.000000000 0.000000000 0.000000000 1.000000000
1307.541797638 -0.182187376 0.142727518 0.000000000 0.000000000 0.000000000 0.000000000 1.000000000
1307.742132425 -0.182564386 0.166141003 0.000000000 0.000000000 0.000000000 0.000000000 1.000000000
1307.941206455 -0.185863574 0.174419557 0.000000000 0.000000000 0.000000000 0.000000000 1.000000000
1308.141466141 -0.187552289 0.173905133 0.000000000 0.000000000 0.000000000 0.000000000 1.000000000
1308.341441154 -0.189808300 0.170863484 0.000000000 0.000000000 0.000000000 0.000000000 1.000000000
1308.541991234 -0.191466670 0.164180049 0.000000000 0.000000000 0.000000000 0.000000000 1.000000000
1308.741640329 -0.192011923 0.146734823 0.000000000 0.000000000 0.000000000 0.000000000 1.000000000
1308.942151546 -0.190022856 0.124248731 0.000000000 0.000000000 0.000000000 0.000000000 1.000000000
1309.141498327 -0.190648574 0.099049685 0.000000000 0.000000000 0.000000000 0.000000000 1.000000000
1309.341831684 -0.194579824 0.086545891 0.000000000 0.000000000 0.000000000 0.000000000 1.000000000
1309.541790724 -0.191063184 0.077832799 0.000000000 0.000000000 0.000000000 0.000000000 1.000000000
1309.742172241 -0.193186744 0.066371868 0.000000000 0.000000000 0.000000000 0.000000000 1.000000000
1309.941632509 -0.190216516 0.047536842 0.000000000 0.000000000 0.000000000 0.000000000 1.000000000
1310.141525269 -0.186493294 0.022112141 0.000000000 0.000000000 0.000000000 0.000000000 1.000000000
1310.341414928 -0.181240081 0.013429729 0.000000000 0.000000000 0.000000000 0.000000000 1.000000000
1310.541791916 -0.177080834 0.003817158 0.000000000 0.000000000 0.000000000 0.000000000 1.000000000
1310.741899967 -0.170272484 -0.009109228 0.000000000 0.000000000 0.000000000 0.000000000 1.000000000
1310.941153288 -0.163420184 -0.028606025 0.000000000 0.000000000 0.000000000 0.000000000 1.000000000
1311.141196728 -0.152359606 -0.027338673 0.000000000 0.000000000 0.000000000 0.000000000 1.000000000
1311.341586351 -0.138879312 0.000477535 0.000000000 0.000000000 0.000000000 0.000000000 1.000000000
1311.542028427 -0.125471618 0.026060493 0.000000000 0.000000000 0.000000000 0.000000000 1.000000000
1311.741325617 -0.119327358 0.049524061 0.000000000 0.000000000 0.000000000 0.000000000 1.000000000
1311.941604376 -0.117602943 0.062741969 0.000000000 0.000000000 0.000000000 0.000000000 1.000000000
1312.141066551 -0.118019220 0.064716926 0.000000000 0.000000000 0.000000000 0.000000000 1.000000000
1312.341351748 -0.122896419 0.061470442 0.000000000 0.000000000 0.000000000 0.000000000 1.000000000
1312.541075230 -0.127973730 0.060057498 0.000000000 0.000000000 0.000000000 0.000000000 1.000000000
1312.741420746 -0.124944913 0.060599175 0.000000000 0.000000000 0.000000000 0.000000000 1.000000000
1312.942135572 -0.126887654 0.065747669 0.000000000 0.000000000 0.000000000 0.000000000 1.000000000
1313.141245842 -0.122860615 0.078444452 0.000000000 0.000000000 0.000000000 0.000000000 1.000000000
1313.341477394 -0.124586723 0.100724226 0.000000000 0.000000000 0.000000000 0.000000000 1.000000000
1313.541423559 -0.116762617 0.144982724 0.000000000 0.000000000 0.000000000 0.000000000 1.000000000
1313.741093636 -0.111426428 0.189069175 0.000000000 0.000000000 0.000000000 0.000000000 1.000000000
1313.941395998 -0.107434068 0.228442864 0.000000000 0.000000000 0.000000000 0.000000000 1.000000000
1314.141498804 -0.109096410 0.251395358 0.000000000 0.000000000 0.000000000 0.000000000 1.000000000
1314.341998100 -0.107578245 0.263419039 0.000000000 0.000000000 0.000000000 0.000000000 1.000000000
1314.541105747 -0.109303525 0.269567396 0.000000000 0.000000000 0.000000000 0.000000000 1.000000000
1314.741393566 -0.107543329 0.258612305 0.000000000 0.000000000 0.000000000 0.000000000 1.000000000
1314.941168070 -0.110740856 0.252936384 0.000000000 0.000000000 0.000000000 0.000000000 1.000000000
1315.141962051 -0.110165528 0.235714031 0.000000000 0.000000000 0.000000000 0.000000000 1.000000000
1315.341248512 -0.108186331 0.221475028 0.000000000 0.000000000 0.000000000 0.000000000 1.000000000
1315.541384459 -0.109689044 0.193663682 0.000000000 0.000000000 0.000000000 0.000000000 1.000000000
1315.741771221 -0.112939347 0.165545766 0.000000000 0.000000000 0.000000000 0.000000000 1.000000000
1315.941738605 -0.109735087 0.138778637 0.000000000 0.000000000 0.000000000 0.000000000 1.000000000
1316.141992331 -0.107713549 0.112416010 0.000000000 0.000000000 0.000000000 0.000000000 1.000000000
1316.341118097 -0.101190134 0.079758279 0.000000000 0.000000000 0.000000000 0.000000000 1.000000000
1316.541779280 -0.094380258 0.036293468 0.000000000 0.000000000 0.000000000 0.000000000 1.000000000
1316.741233587 -0.088194867 -0.004715542 0.000000000 0.000000000 0.000000000 0.000000000 1.000000000
1316.941461563 -0.085134901 -0.036824397 0.000000000 0.000000000 0.000000000 0.000000000 1.000000000
1317.141890526 -0.083247595 -0.065799937 0.000000000 0.000000000 0.000000000 0.000000000 1.000000000
1317.342132330 -0.080136101 -0.084350900 0.000000000 0.000000000 0.000000000 0.000000000 1.000000000
1317.541625977 -0.077035555 -0.099125936 0.000000000 0.000000000 0.000000000 0.000000000 1.000000000
1317.742042065 -0.070296986 -0.100472367 0.000000000 0.000000000 0.000000000 0.000000000 1.000000000
1317.941725254 -0.064281464 -0.084182656 0.000000000 0.000000000 0.000000000 0.000000000 1.000000000
1318.141708374 -0.049787318 -0.037874946 0.000000000 0.000000000 0.000000000 0.000000000 1.000000000
1318.341930151 -0.038411390 0.002239835 0.000000000 0.000000000 0.000000000 0.000000000 1.000000000
1318.542001724 -0.031683611 0.049646540 0.000000000 0.000000000 0.000000000 0.000000000 1.000000000
1318.741479158 -0.028940826 0.103005066 0.000000000 0.000000000 0.000000000 0.000000000 1.000000000
1318.941096783 -0.019979498 0.149842825 0.000000000 0.000000000 0.000000000 0.000000000 1.000000000
1319.141831636 -0.012406938 0.171582337 0.000000000 0.000000000 0.000000000 0.000000000 1.000000000
1319.341617346 -0.008345791 0.186992614 0.000000000 0.000000000 0.000000000 0.000000000 1.000000000
1319.541649580 -0.000422136 0.185801409 0.000000000 0.000000000 0.000000000 0.000000000 1.000000000
1319.741032124 0.003328108 0.179075909 0.000000000 0.000000000 0.000000000 0.000000000 1.000000000
1319.941524506 -0.000697035 0.156278462 0.000000000 0.000000000 0.000000000 0.000000000 1.000000000
1320.141820192 -0.005815820 0.145163448 0.000000000 0.000000000 0.000000000 0.000000000 1.000000000
1320.341460466 -0.011209577 0.117811431 0.000000000 0.000000000 0.000000000 0.000000000 1.000000000
1320.541804552 -0.018258855 0.087174487 0.000000000 0.000000000 0.000000000 0.000000000 1.000000000
1320.741531134 -0.023571524 0.080319359 0.000000000 0.000000000 0.000000000 0.000000000 1.000000000
1320.941630125 -0.028902505 0.081922123 0.000000000 0.000000000 0.000000000 0.000000000 1.000000000
1321.141803741 -0.041015839 0.085578734 0.000000000 0.000000000 0.000000000 0.000000000 1.000000000
1321.341190815 -0.045113848 0.077493307 0.000000000 0.000000000 0.000000000 0.000000000 1.000000000
1321.541572809 -0.055780424 0.069602002 0.000000000 0.000000000 0.000000000 0.000000000 1.000000000
1321.740931988 -0.065217505 0.042911320 0.000000000 0.000000000 0.000000000 0.000000000 1.000000000
1321.941937923 -0.077491440 0.019506145 0.000000000 0.000000000 0.000000000 0.000000000 1.000000000
1322.141031981 -0.087775782 0.010472557 0.000000000 0.000000000 0.000000000 0.000000000 1.000000000
1322.342034340 -0.089832662 0.005897352 0.000000000 0.000000000 0.000000000 0.000000000 1.000000000
1322.541851997 -0.086380144 -0.004285919 0.000000000 0.000000000 0.000000000 0.000000000 1.000000000
1322.741620779 -0.077831963 -0.013545765 0.000000000 0.000000000 0.000000000 0.000000000 1.000000000
1322.941723585 -0.060718133 -0.024003362 0.000000000 0.000000000 0.000000000 0.000000000 1.000000000
1323.141430855 -0.037180897 -0.029003087 0.000000000 0.000000000 0.000000000 0.000000000 1.000000000
1323.341757774 -0.021497984 -0.051416256 0.000000000 0.000000000 0.000000000 0.000000000 1.000000000
1323.541196346 -0.008734821 -0.062936064 0.000000000 0.000000000 0.000000000 0.000000000 1.000000000
1323.740923166 -0.000545574 -0.077993828 0.000000000 0.000000000 0.000000000 0.000000000 1.000000000
1323.940948725 0.001144606 -0.091738920 0.000000000 0.000000000 0.000000000 0.000000000 1.000000000
1324.141983032 0.000190054 -0.092751163 0.000000000 0.000000000 0.000000000 0.000000000 1.000000000
1324.341132402 0.003800452 -0.101566486 0.000000000 0.000000000 0.000000000 0.000000000 1.000000000
1324.541930914 0.009083373 -0.095274428 0.000000000 0.000000000 0.000000000 0.000000000 1.000000000
1324.741553068 0.010889001 -0.086577991 0.000000000 0.000000000 0.000000000 0.000000000 1.000000000
1324.941608906 0.012288279 -0.076291664 0.000000000 0.000000000 0.000000000 0.000000000 1.000000000
1325.141955614 0.012503832 -0.075800698 0.000000000 0.000000000 0.000000000 0.000000000 1.000000000
1325.341018438 0.013958214 -0.064403585 0.000000000 0.000000000 0.000000000 0.000000000 1.000000000
1325.541172028 0.014939494 -0.056864454 0.000000000 0.000000000 0.000000000 0.000000000 1.000000000
1325.741061211 0.014045050 -0.045264455 0.000000000 0.000000000 0.000000000 0.000000000 1.000000000
1325.941954136 0.019669515 -0.034914995 0.000000000 0.000000000 0.000000000 0.000000000 1.000000000
1326.141047478 0.018495401 -0.030103266 0.000000000 0.000000000 0.000000000 0.000000000 1.000000000
1326.341768026 0.012213819 -0.032530772 0.000000000 0.000000000 0.000000000 0.000000000 1.000000000
1326.541987419 0.005445839 -0.037006837 0.000000000 0.000000000 0.000000000 0.000000000 1.000000000
1326.741280556 -0.002045890 -0.046733655 0.000000000 0.000000000 0.000000000 0.000000000 1.000000000
1326.941312790 -0.017472502 -0.063493547 0.000000000 0.000000000 0.000000000 0.000000000 1.000000000
1327.141090631 -0.033190846 -0.088600007 0.000000000 0.000000000 0.000000000 0.000000000 1.000000000
1327.341629744 -0.053450445 -0.124003968 0.000000000 0.000000000 0.000000000 0.000000000 1.000000000
1327.541058064 -0.063377937 -0.135732052 0.000000000 0.000000000 0.000000000 0.000000000 1.000000000
1327.740990877 -0.062426087 -0.118530674 0.000000000 0.000000000 0.000000000 0.000000000 1.000000000
1327.940966845 -0.055256815 -0.087117092 0.000000000 0.000000000 0.000000000 0.000000000 1.000000000
1328.141095161 -0.052944472 -0.063576202 0.000000000 0.000000000 0.000000000 0.000000000 1.000000000
1328.341709137 -0.049340408 -0.040045100 0.000000000 0.000000000 0.000000000 0.000000000 1.000000000
1328.541923523 -0.043783267 -0.014643623 0.000000000 0.000000000 0.000000000 0.000000000 1.000000000
1328.741045952 -0.039746082 0.010411409 0.000000000 0.000000000 0.000000000 0.000000000 1.000000000
1328.941390753 -0.035052866 0.028626082 0.000000000 0.000000000 0.000000000 0.000000000 1.000000000
1329.141011000 -0.036627225 0.039389302 0.000000000 0.000000000 0.000000000 0.000000000 1.000000000
1329.341028452 -0.029476481 0.051438641 0.000000000 0.000000000 0.000000000 0.000000000 1.000000000
1329.541577578 -0.024658548 0.058494877 0.000000000 0.000000000 0.000000000 0.000000000 1.000000000
1329.740302086 -0.023758048 0.052596080 0.000000000 0.000000000 0.000000000 0.000000000 1.000000000
1329.940490484 -0.026450569 0.043382444 0.000000000 0.000000000 0.000000000 0.000000000 1.000000000
1330.141942501 -0.026842328 0.035465864 0.000000000 0.000000000 0.000000000 0.000000000 1.000000000
1330.341059208 -0.029716430 0.034811561 0.000000000 0.000000000 0.000000000 0.000000000 1.000000000
1330.542073250 -0.030572745 0.029611355 0.000000000 0.000000000 0.000000000 0.000000000 1.000000000
1330.741761923 -0.030070251 0.023930144 0.000000000 0.000000000 0.000000000 0.000000000 1.000000000
1330.940995932 -0.039426775 0.003995207 0.000000000 0.000000000 0.000000000 0.000000000 1.000000000
1331.141518116 -0.049612276 -0.014349812 0.000000000 0.000000000 0.000000000 0.000000000 1.000000000
1331.340377331 -0.058196274 -0.032315018 0.000000000 0.000000000 0.000000000 0.000000000 1.000000000
1331.540121317 -0.063471008 -0.052135584 0.000000000 0.000000000 0.000000000 0.000000000 1.000000000
1331.740522861 -0.061097268 -0.068319398 0.000000000 0.000000000 0.000000000 0.000000000 1.000000000
1331.940775156 -0.052619042 -0.071910746 0.000000000 0.000000000 0.000000000 0.000000000 1.000000000
1332.140304327 -0.037426779 -0.075875420 0.000000000 0.000000000 0.000000000 0.000000000 1.000000000
1332.340607166 -0.024474910 -0.076185712 0.000000000 0.000000000 0.000000000 0.000000000 1.000000000
1332.540738344 -0.017562678 -0.072695137 0.000000000 0.000000000 0.000000000 0.000000000 1.000000000
1332.740917921 -0.009996858 -0.071884003 0.000000000 0.000000000 0.000000000 0.000000000 1.000000000
1332.940981150 -0.006206177 -0.068749085 0.000000000 0.000000000 0.000000000 0.000000000 1.000000000
1333.140385151 -0.001292750 -0.067684144 0.000000000 0.000000000 0.000000000 0.000000000 1.000000000
1333.340550900 0.002160397 -0.055878043 0.000000000 0.000000000 0.000000000 0.000000000 1.000000000
1333.540356874 0.003465655 -0.062185086 0.000000000 0.000000000 0.000000000 0.000000000 1.000000000
1333.740711927 0.011441677 -0.062234192 0.000000000 0.000000000 0.000000000 0.000000000 1.000000000
1333.940775633 0.012612873 -0.067984615 0.000000000 0.000000000 0.000000000 0.000000000 1.000000000
1334.140122890 0.010505605 -0.066917376 0.000000000 0.000000000 0.000000000 0.000000000 1.000000000
1334.340786934 0.004953373 -0.071852365 0.000000000 0.000000000 0.000000000 0.000000000 1.000000000
1334.540925026 0.005070053 -0.077521098 0.000000000 0.000000000 0.000000000 0.000000000 1.000000000
1334.740350962 0.004531656 -0.088068987 0.000000000 0.000000000 0.000000000 0.000000000 1.000000000
1334.940470934 0.003804185 -0.097140503 0.000000000 0.000000000 0.000000000 0.000000000 1.000000000
1335.140733719 0.009929526 -0.092803403 0.000000000 0.000000000 0.000000000 0.000000000 1.000000000
1335.340224504 0.011441442 -0.095898652 0.000000000 0.000000000 0.000000000 0.000000000 1.000000000
1335.540468454 0.016268396 -0.087487450 0.000000000 0.000000000 0.000000000 0.000000000 1.000000000
1335.740551710 0.011063649 -0.090774198 0.000000000 0.000000000 0.000000000 0.000000000 1.000000000
1335.940331697 0.002323885 -0.084529767 0.000000000 0.000000000 0.000000000 0.000000000 1.000000000
1336.140250921 -0.005537249 -0.082945854 0.000000000 0.000000000 0.000000000 0.000000000 1.000000000
1336.340734959 -0.012483468 -0.079933196 0.000000000 0.000000000 0.000000000 0.000000000 1.000000000
1336.539897680 -0.019901204 -0.069849950 0.000000000 0.000000000 0.000000000 0.000000000 1.000000000
1336.740650415 -0.021796643 -0.047084281 0.000000000 0.000000000 0.000000000 0.000000000 1.000000000
1336.940129995 -0.021927616 -0.023984347 0.000000000 0.000000000 0.000000000 0.000000000 1.000000000
1337.140062094 -0.022871935 0.000634374 0.000000000 0.000000000 0.000000000 0.000000000 1.000000000
1337.339975595 -0.023483540 0.023663798 0.000000000 0.000000000 0.000000000 0.000000000 1.000000000
1337.540036917 -0.021869140 0.034648031 0.000000000 0.000000000 0.000000000 0.000000000 1.000000000
1337.740973949 -0.017865712 0.047869747 0.000000000 0.000000000 0.000000000 0.000000000 1.000000000
1337.940584421 -0.023650350 0.047864869 0.000000000 0.000000000 0.000000000 0.000000000 1.000000000
1338.140054464 -0.025650164 0.043631084 0.000000000 0.000000000 0.000000000 0.000000000 1.000000000
1338.340695620 -0.031012823 0.043380636 0.000000000 0.000000000 0.000000000 0.000000000 1.000000000
1338.540065527 -0.039763352 0.051904879 0.000000000 0.000000000 0.000000000 0.000000000 1.000000000
1338.740555286 -0.052750783 0.063576454 0.000000000 0.000000000 0.000000000 0.000000000 1.000000000
1338.940427303 -0.071229881 0.076941710 0.000000000 0.000000000 0.000000000 0.000000000 1.000000000
1339.139884710 -0.086468555 0.106785823 0.000000000 0.000000000 0.000000000 0.000000000 1.000000000
1339.340787172 -0.095994374 0.128841375 0.000000000 0.000000000 0.000000000 0.000000000 1.000000000
1339.540640831 -0.110935294 0.146330215 0.000000000 0.000000000 0.000000000 0.000000000 1.000000000
1339.740839720 -0.121659942 0.168521019 0.000000000 0.000000000 0.000000000 0.000000000 1.000000000
1339.940060377 -0.128575808 0.191093426 0.000000000 0.000000000 0.000000000 0.000000000 1.000000000
1340.140125275 -0.135336348 0.200980158 0.000000000 0.000000000 0.000000000 0.000000000 1.000000000
1340.340395212 -0.137374572 0.217415337 0.000000000 0.000000000 0.000000000 0.000000000 1.000000000
1340.540522575 -0.137245631 0.227130106 0.000000000 0.000000000 0.000000000 0.000000000 1.000000000
1340.740585089 -0.133790372 0.230531542 0.000000000 0.000000000 0.000000000 0.000000000 1.000000000
1340.939934015 -0.133863724 0.230462760 0.000000000 0.000000000 0.000000000 0.000000000 1.000000000
1341.140121698 -0.132168245 0.222540155 0.000000000 0.000000000 0.000000000 0.000000000 1.000000000
1341.340666056 -0.134266052 0.200417379 0.000000000 0.000000000 0.000000000 0.000000000 1.000000000
1341.540389299 -0.129147205 0.182385087 0.000000000 0.000000000 0.000000000 0.000000000 1.000000000
1341.740536451 -0.123063053 0.163576637 0.000000000 0.000000000 0.000000000 0.000000000 1.000000000
1341.940046072 -0.110128884 0.135191493 0.000000000 0.000000000 0.000000000 0.000000000 1.000000000
1342.140156031 -0.095661773 0.124744533 0.000000000 0.000000000 0.000000000 0.000000000 1.000000000
1342.340879679 -0.085939573 0.108636539 0.000000000 0.000000000 0.000000000 0.000000000 1.000000000
1342.540205717 -0.079759941 0.094065897 0.000000000 0.000000000 0.000000000 0.000000000 1.000000000
1342.739930153 -0.083667851 0.086651138 0.000000000 0.000000000 0.000000000 0.000000000 1.000000000
1342.940064907 -0.099748805 0.077539244 0.000000000 0.000000000 0.000000000 0.000000000 1.000000000
1343.140764952 -0.104331291 0.061711360 0.000000000 0.000000000 0.000000000 0.000000000 1.000000000
1343.340665340 -0.105686525 0.054260750 0.000000000 0.000000000 0.000000000 0.000000000 1.000000000
1343.540201664 -0.115293070 0.048406954 0.000000000 0.000000000 0.000000000 0.000000000 1.000000000
1343.740668058 -0.116991769 0.045045011 0.000000000 0.000000000 0.000000000 0.000000000 1.000000000
1343.940495729 -0.127483426 0.040689790 0.000000000 0.000000000 0.000000000 0.000000000 1.000000000
1344.139904737 -0.123741507 0.044703853 0.000000000 0.000000000 0.000000000 0.000000000 1.000000000
1344.340147257 -0.116772144 0.050794889 0.000000000 0.000000000 0.000000000 0.000000000 1.000000000
1344.540676832 -0.106927723 0.056006156 0.000000000 0.000000000 0.000000000 0.000000000 1.000000000
1344.740017653 -0.098057140 0.067036511 0.000000000 0.000000000 0.000000000 0.000000000 1.000000000
1344.939854145 -0.093300321 0.079492442 0.000000000 0.000000000 0.000000000 0.000000000 1.000000000
1345.140269518 -0.088519753 0.082820374 0.000000000 0.000000000 0.000000000 0.000000000 1.000000000
1345.340973377 -0.095392061 0.094758078 0.000000000 0.000000000 0.000000000 0.000000000 1.000000000
1345.539921522 -0.103824947 0.094050718 0.000000000 0.000000000 0.000000000 0.000000000 1.000000000
1345.740108490 -0.115223697 0.098921931 0.000000000 0.000000000 0.000000000 0.000000000 1.000000000
1345.940648556 -0.131158546 0.112247990 0.000000000 0.000000000 0.000000000 0.000000000 1.000000000
1346.140097141 -0.138625318 0.118659226 0.000000000 0.000000000 0.000000000 0.000000000 1.000000000
1346.340676785 -0.155714429 0.119859247 0.000000000 0.000000000 0.000000000 0.000000000 1.000000000
1346.539867640 -0.162099858 0.124759507 0.000000000 0.000000000 0.000000000 0.000000000 1.000000000
1346.740548134 -0.174762608 0.125133920 0.000000000 0.000000000 0.000000000 0.000000000 1.000000000
1346.940037966 -0.174891870 0.129358659 0.000000000 0.000000000 0.000000000 0.000000000 1.000000000
1347.140487671 -0.178046362 0.139190114 0.000000000 0.000000000 0.000000000 0.000000000 1.000000000
1347.339979887 -0.174904376 0.149837373 0.000000000 0.000000000 0.000000000 0.000000000 1.000000000
1347.540676355 -0.176516073 0.172488675 0.000000000 0.000000000 0.000000000 0.000000000 1.000000000
1347.740470648 -0.181038608 0.176010543 0.000000000 0.000000000 0.000000000 0.000000000 1.000000000
1347.940579414 -0.181740352 0.173820350 0.000000000 0.000000000 0.000000000 0.000000000 1.000000000
1348.140408754 -0.187196686 0.171681252 0.000000000 0.000000000 0.000000000 0.000000000 1.000000000
1348.340853214 -0.194923455 0.162170071 0.000000000 0.000000000 0.000000000 0.000000000 1.000000000
1348.540142059 -0.211294556 0.153237102 0.000000000 0.000000000 0.000000000 0.000000000 1.000000000
1348.739848137 -0.234704283 0.154068593 0.000000000 0.000000000 0.000000000 0.000000000 1.000000000
1348.939876318 -0.250802413 0.172864031 0.000000000 0.000000000 0.000000000 0.000000000 1.000000000
1349.140110016 -0.247870961 0.174323803 0.000000000 0.000000000 0.000000000 0.000000000 1.000000000
1349.339889526 -0.248438340 0.172109958 0.000000000 0.000000000 0.000000000 0.000000000 1.000000000
1349.540590048 -0.248032627 0.171675124 0.000000000 0.000000000 0.000000000 0.000000000 1.000000000
1349.740832567 -0.247386006 0.172109338 0.000000000 0.000000000 0.000000000 0.000000000 1.000000000
1349.940603971 -0.247021970 0.171592202 0.000000000 0.000000000 0.000000000 0.000000000 1.000000000
1350.140587330 -0.248931437 0.169888120 0.000000000 0.000000000 0.000000000 0.000000000 1.000000000
1350.340719461 -0.247239862 0.174672688 0.000000000 0.000000000 0.000000000 0.000000000 1.000000000
1350.540671825 -0.248914680 0.173788796 0.000000000 0.000000000 0.000000000 0.000000000 1.000000000
1350.740615129 -0.248015626 0.173161102 0.000000000 0.000000000 0.000000000 0.000000000 1.000000000
1350.940001726 -0.245369913 0.173018643 0.000000000 0.000000000 0.000000000 0.000000000 1.000000000
1351.140750408 -0.248001085 0.174029178 0.000000000 0.000000000 0.000000000 0.000000000 1.000000000
1351.340410948 -0.247470708 0.172421639 0.000000000 0.000000000 0.000000000 0.000000000 1.000000000
1351.540304422 -0.248506223 0.171890334 0.000000000 0.000000000 0.000000000 0.000000000 1.000000000
1351.740272045 -0.249145302 0.173624110 0.000000000 0.000000000 0.000000000 0.000000000 1.000000000
1351.939833641 -0.249965184 0.172778578 0.000000000 0.000000000 0.000000000 0.000000000 1.000000000
1352.139941454 -0.248665584 0.171293382 0.000000000 0.000000000 0.000000000 0.000000000 1.000000000
1352.339873552 -0.249312914 0.173436019 0.000000000 0.000000000 0.000000000 0.000000000 1.000000000
1352.540733337 -0.248692277 0.168632879 0.000000000 0.000000000 0.000000000 0.000000000 1.000000000
1352.740296364 -0.247656438 0.172666782 0.000000000 0.000000000 0.000000000 0.000000000 1.000000000
1352.940261126 -0.249057735 0.171851962 0.000000000 0.000000000 0.000000000 0.000000000 1.000000000
1353.140494108 -0.245765467 0.173388071 0.000000000 0.000000000 0.000000000 0.000000000 1.000000000
1353.340509653 -0.248243077 0.171092065 0.000000000 0.000000000 0.000000000 0.000000000 1.000000000
1353.540121555 -0.245822491 0.167634781 0.000000000 0.000000000 0.000000000 0.000000000 1.000000000
1353.740141630 -0.243960714 0.174259923 0.000000000 0.000000000 0.000000000 0.000000000 1.000000000
1353.940110922 -0.248584928 0.170887551 0.000000000 0.000000000 0.000000000 0.000000000 1.000000000
1354.140305042 -0.246836764 0.170512494 0.000000000 0.000000000 0.000000000 0.000000000 1.000000000
1354.340047359 -0.248413094 0.170918513 0.000000000 0.000000000 0.000000000 0.000000000 1.000000000
